customer_id,first_purchase_date,first_purchase_month,second_purchase_date,total_orders,total_customer_revenue,is_repeat_customer,hours_to_second_purchase,days_to_second_purchase,customer_type,second_purchase_interval,second_purchase_interval_order
12362,2009-12-01,2009-12-01,2011-02-17,11,5356.23,true,10632,443.01,Repeat customer,181+ days,5
12490,2009-12-01,2009-12-01,2010-01-31,21,9823.64,true,1465,61.01,Repeat customer,61–90 days,3
12533,2009-12-01,2009-12-01,2010-03-22,2,1367.89,true,2663,110.96,Repeat customer,91–180 days,4
12636,2009-12-01,2009-12-01,,1,141,false,,,One-time customer,No repeat purchase,0
12682,2009-12-01,2009-12-01,2009-12-08,52,22950.22,true,174,7.24,Repeat customer,0–30 days,1
12758,2009-12-01,2009-12-01,2010-03-24,7,9903.24,true,2708,112.83,Repeat customer,91–180 days,4
12836,2009-12-01,2009-12-01,2010-01-21,15,6559.73,true,1223,50.97,Repeat customer,31–60 days,2
12913,2009-12-01,2009-12-01,2009-12-07,13,6283.24,true,146,6.11,Repeat customer,0–30 days,1
12921,2009-12-01,2009-12-01,2009-12-03,74,35233.24,true,45,1.86,Repeat customer,0–30 days,1
12931,2009-12-01,2009-12-01,2009-12-03,57,92347.34,true,54,2.25,Repeat customer,0–30 days,1
13078,2009-12-01,2009-12-01,2009-12-08,57,29018.06,true,172,7.18,Repeat customer,0–30 days,1
13085,2009-12-01,2009-12-01,2009-12-01,8,2433.28,true,0,0.0,Repeat customer,0–30 days,1
13097,2009-12-01,2009-12-01,2009-12-09,28,13324.1,true,188,7.84,Repeat customer,0–30 days,1
13110,2009-12-01,2009-12-01,2010-01-18,12,2957.47,true,1152,48.0,Repeat customer,31–60 days,2
13381,2009-12-01,2009-12-01,2010-02-16,12,8224.37,true,1843,76.81,Repeat customer,61–90 days,3
13394,2009-12-01,2009-12-01,2010-01-07,19,6621.7,true,891,37.09,Repeat customer,31–60 days,2
13442,2009-12-01,2009-12-01,2010-01-05,3,419.87,true,842,35.05,Repeat customer,31–60 days,2
13526,2009-12-01,2009-12-01,2009-12-01,2,1182,true,1,0.01,Repeat customer,0–30 days,1
13585,2009-12-01,2009-12-01,2010-05-10,3,684.54,true,3842,160.05,Repeat customer,91–180 days,4
13590,2009-12-01,2009-12-01,2010-01-27,18,6336.04,true,1367,56.97,Repeat customer,31–60 days,2
13599,2009-12-01,2009-12-01,2009-12-15,33,9811.04,true,340,14.17,Repeat customer,0–30 days,1
13635,2009-12-01,2009-12-01,2009-12-15,4,2999.16,true,339,14.1,Repeat customer,0–30 days,1
13648,2009-12-01,2009-12-01,2010-02-07,8,1764.02,true,1628,67.83,Repeat customer,61–90 days,3
13748,2009-12-01,2009-12-01,2010-10-18,9,2064.35,true,7697,320.68,Repeat customer,181+ days,5
13758,2009-12-01,2009-12-01,2009-12-15,15,8698.13,true,338,14.11,Repeat customer,0–30 days,1
13767,2009-12-01,2009-12-01,2009-12-07,73,33903.57,true,150,6.23,Repeat customer,0–30 days,1
13819,2009-12-01,2009-12-01,2009-12-11,6,2642.35,true,238,9.93,Repeat customer,0–30 days,1
14040,2009-12-01,2009-12-01,2009-12-17,35,12523.81,true,384,16.02,Repeat customer,0–30 days,1
14061,2009-12-01,2009-12-01,2009-12-15,3,917.43,true,335,14.0,Repeat customer,0–30 days,1
14108,2009-12-01,2009-12-01,2009-12-08,4,1044.96,true,165,6.89,Repeat customer,0–30 days,1
14110,2009-12-01,2009-12-01,2009-12-17,33,12987.95,true,387,16.11,Repeat customer,0–30 days,1
14156,2009-12-01,2009-12-01,2009-12-01,156,313437.62,true,0,0.0,Repeat customer,0–30 days,1
14341,2009-12-01,2009-12-01,2009-12-15,18,4452.02,true,335,13.96,Repeat customer,0–30 days,1
14478,2009-12-01,2009-12-01,2010-01-26,4,1276.66,true,1344,55.99,Repeat customer,31–60 days,2
14543,2009-12-01,2009-12-01,2009-12-07,39,14587.87,true,142,5.92,Repeat customer,0–30 days,1
14654,2009-12-01,2009-12-01,,1,246.86,false,,,One-time customer,No repeat purchase,0
14865,2009-12-01,2009-12-01,2010-11-30,4,92.52,true,8733,363.89,Repeat customer,181+ days,5
14871,2009-12-01,2009-12-01,2009-12-15,9,1228.17,true,336,13.98,Repeat customer,0–30 days,1
14911,2009-12-01,2009-12-01,2009-12-07,398,291420.81,true,142,5.92,Repeat customer,0–30 days,1
15005,2009-12-01,2009-12-01,2009-12-09,56,13754.58,true,192,8.01,Repeat customer,0–30 days,1
15051,2009-12-01,2009-12-01,2010-02-16,9,3926.91,true,1845,76.89,Repeat customer,61–90 days,3
15061,2009-12-01,2009-12-01,2009-12-01,127,126389.02,true,0,0.0,Repeat customer,0–30 days,1
15265,2009-12-01,2009-12-01,2010-04-14,4,3345.64,true,3210,133.76,Repeat customer,91–180 days,4
15311,2009-12-01,2009-12-01,2009-12-02,208,114966.42,true,24,1.0,Repeat customer,0–30 days,1
15326,2009-12-01,2009-12-01,2009-12-18,5,1700.52,true,411,17.11,Repeat customer,0–30 days,1
15362,2009-12-01,2009-12-01,2010-09-17,2,613.08,true,6961,290.06,Repeat customer,181+ days,5
15380,2009-12-01,2009-12-01,2009-12-10,11,3248.96,true,218,9.07,Repeat customer,0–30 days,1
15413,2009-12-01,2009-12-01,2009-12-08,5,6798.72,true,173,7.2,Repeat customer,0–30 days,1
15485,2009-12-01,2009-12-01,2009-12-01,7,4810.92,true,0,0.01,Repeat customer,0–30 days,1
15601,2009-12-01,2009-12-01,2009-12-03,30,14191.74,true,49,2.04,Repeat customer,0–30 days,1
15662,2009-12-01,2009-12-01,2010-02-16,2,283.73,true,1851,77.12,Repeat customer,61–90 days,3
15712,2009-12-01,2009-12-01,2010-01-06,12,3472.41,true,866,36.08,Repeat customer,31–60 days,2
15719,2009-12-01,2009-12-01,2009-12-10,31,10195.97,true,216,8.97,Repeat customer,0–30 days,1
15750,2009-12-01,2009-12-01,2009-12-16,18,6452.99,true,359,14.95,Repeat customer,0–30 days,1
15793,2009-12-01,2009-12-01,2010-03-23,8,2399.57,true,2684,111.82,Repeat customer,91–180 days,4
15808,2009-12-01,2009-12-01,2009-12-15,21,17180.25,true,334,13.9,Repeat customer,0–30 days,1
15945,2009-12-01,2009-12-01,2010-01-15,4,646.27,true,1084,45.16,Repeat customer,31–60 days,2
15967,2009-12-01,2009-12-01,2010-02-08,12,2966,true,1656,69.0,Repeat customer,61–90 days,3
15984,2009-12-01,2009-12-01,2009-12-11,30,8393.02,true,242,10.1,Repeat customer,0–30 days,1
15998,2009-12-01,2009-12-01,2009-12-11,16,8274.14,true,240,9.99,Repeat customer,0–30 days,1
16011,2009-12-01,2009-12-01,2009-12-10,29,5601.01,true,218,9.12,Repeat customer,0–30 days,1
16167,2009-12-01,2009-12-01,2010-04-01,5,1386.12,true,2911,121.28,Repeat customer,91–180 days,4
16321,2009-12-01,2009-12-01,2010-03-23,7,604.55,true,2694,112.23,Repeat customer,91–180 days,4
16329,2009-12-01,2009-12-01,2010-03-04,4,1664.92,true,2236,93.15,Repeat customer,91–180 days,4
16393,2009-12-01,2009-12-01,2010-02-19,23,5297.77,true,1920,80.03,Repeat customer,61–90 days,3
16563,2009-12-01,2009-12-01,2010-02-18,6,4412.56,true,1889,78.72,Repeat customer,61–90 days,3
16620,2009-12-01,2009-12-01,2010-03-05,6,1758.93,true,2257,94.05,Repeat customer,91–180 days,4
16701,2009-12-01,2009-12-01,2009-12-17,26,9916.73,true,378,15.75,Repeat customer,0–30 days,1
16763,2009-12-01,2009-12-01,2011-05-25,2,964.7,true,12956,539.85,Repeat customer,181+ days,5
16887,2009-12-01,2009-12-01,2010-11-04,3,658.17,true,8110,337.91,Repeat customer,181+ days,5
17056,2009-12-01,2009-12-01,,1,128.6,false,,,One-time customer,No repeat purchase,0
17063,2009-12-01,2009-12-01,2010-03-08,13,3638.53,true,2324,96.84,Repeat customer,91–180 days,4
17191,2009-12-01,2009-12-01,2010-01-29,15,4310.34,true,1413,58.89,Repeat customer,31–60 days,2
17238,2009-12-01,2009-12-01,2009-12-11,32,7331.67,true,241,10.01,Repeat customer,0–30 days,1
17243,2009-12-01,2009-12-01,2009-12-04,69,20203.58,true,71,2.96,Repeat customer,0–30 days,1
17246,2009-12-01,2009-12-01,2010-06-11,2,38.92,true,4603,191.79,Repeat customer,181+ days,5
17345,2009-12-01,2009-12-01,2010-05-05,10,1586.63,true,3718,154.93,Repeat customer,91–180 days,4
17428,2009-12-01,2009-12-01,2009-12-01,45,31466.76,true,0,0.0,Repeat customer,0–30 days,1
17519,2009-12-01,2009-12-01,2010-01-22,15,4774.17,true,1251,52.11,Repeat customer,31–60 days,2
17592,2009-12-01,2009-12-01,,1,148.3,false,,,One-time customer,No repeat purchase,0
17611,2009-12-01,2009-12-01,2010-01-24,28,8337.53,true,1296,54.01,Repeat customer,31–60 days,2
17700,2009-12-01,2009-12-01,2010-01-26,14,6679.97,true,1344,55.99,Repeat customer,31–60 days,2
17742,2009-12-01,2009-12-01,2010-02-09,11,2098.48,true,1677,69.87,Repeat customer,61–90 days,3
17804,2009-12-01,2009-12-01,2010-06-25,3,383.78,true,4945,206.05,Repeat customer,181+ days,5
17865,2009-12-01,2009-12-01,2009-12-07,46,26312.19,true,147,6.12,Repeat customer,0–30 days,1
17961,2009-12-01,2009-12-01,2009-12-04,100,2866.74,true,73,3.02,Repeat customer,0–30 days,1
17984,2009-12-01,2009-12-01,2010-08-01,5,1152.19,true,5836,243.17,Repeat customer,181+ days,5
17998,2009-12-01,2009-12-01,2009-12-02,3,639.24,true,21,0.87,Repeat customer,0–30 days,1
18037,2009-12-01,2009-12-01,2009-12-18,15,167.42,true,407,16.94,Repeat customer,0–30 days,1
18087,2009-12-01,2009-12-01,2009-12-01,17,14761.52,true,0,0.0,Repeat customer,0–30 days,1
18102,2009-12-01,2009-12-01,2009-12-03,145,580987.04,true,52,2.17,Repeat customer,0–30 days,1
12435,2009-12-02,2009-12-01,2010-03-12,6,13925.93,true,2401,100.04,Repeat customer,91–180 days,4
12437,2009-12-02,2009-12-01,2010-01-19,39,12683.4,true,1150,47.91,Repeat customer,31–60 days,2
12842,2009-12-02,2009-12-01,2010-10-31,4,1917.99,true,7994,333.1,Repeat customer,181+ days,5
12948,2009-12-02,2009-12-01,2009-12-09,9,2317.43,true,167,6.97,Repeat customer,0–30 days,1
12980,2009-12-02,2009-12-01,2010-01-11,21,16245.78,true,963,40.15,Repeat customer,31–60 days,2
13089,2009-12-02,2009-12-01,2009-12-07,203,113416.91,true,119,4.93,Repeat customer,0–30 days,1
13269,2009-12-02,2009-12-01,2009-12-02,28,8537.32,true,0,0.0,Repeat customer,0–30 days,1
13313,2009-12-02,2009-12-01,2009-12-02,12,3445.32,true,0,0.0,Repeat customer,0–30 days,1
13457,2009-12-02,2009-12-01,2010-01-20,2,148.22,true,1172,48.83,Repeat customer,31–60 days,2
13564,2009-12-02,2009-12-01,2009-12-07,37,16498.97,true,121,5.01,Repeat customer,0–30 days,1
13623,2009-12-02,2009-12-01,2010-01-21,10,2533.06,true,1200,49.98,Repeat customer,31–60 days,2
13654,2009-12-02,2009-12-01,2010-03-03,11,6308,true,2189,91.19,Repeat customer,91–180 days,4
13740,2009-12-02,2009-12-01,2010-05-12,5,1582.77,true,3861,160.89,Repeat customer,91–180 days,4
13777,2009-12-02,2009-12-01,2009-12-02,61,49638.26,true,0,0.0,Repeat customer,0–30 days,1
14000,2009-12-02,2009-12-01,2010-04-22,5,2046.34,true,3386,141.09,Repeat customer,91–180 days,4
14080,2009-12-02,2009-12-01,2009-12-09,5,1115.68,true,167,6.96,Repeat customer,0–30 days,1
14106,2009-12-02,2009-12-01,,1,214.8,false,,,One-time customer,No repeat purchase,0
14122,2009-12-02,2009-12-01,2009-12-11,3,362.42,true,212,8.84,Repeat customer,0–30 days,1
14135,2009-12-02,2009-12-01,2009-12-09,24,8839.67,true,170,7.07,Repeat customer,0–30 days,1
14204,2009-12-02,2009-12-01,2010-06-21,4,1024.83,true,4827,201.11,Repeat customer,181+ days,5
14299,2009-12-02,2009-12-01,2009-12-20,27,14070.25,true,434,18.06,Repeat customer,0–30 days,1
14302,2009-12-02,2009-12-01,2010-02-15,3,742.9,true,1801,75.04,Repeat customer,61–90 days,3
14396,2009-12-02,2009-12-01,2010-01-24,7,1969.38,true,1270,52.94,Repeat customer,31–60 days,2
14425,2009-12-02,2009-12-01,2009-12-17,3,661.39,true,360,15.02,Repeat customer,0–30 days,1
14440,2009-12-02,2009-12-01,2010-01-22,13,5982.03,true,1223,50.98,Repeat customer,31–60 days,2
14467,2009-12-02,2009-12-01,2010-03-16,12,2203.24,true,2496,103.99,Repeat customer,91–180 days,4
14527,2009-12-02,2009-12-01,2009-12-04,122,27246.88,true,48,2.04,Repeat customer,0–30 days,1
14549,2009-12-02,2009-12-01,2010-04-25,4,913.6,true,3453,143.9,Repeat customer,91–180 days,4
14560,2009-12-02,2009-12-01,2009-12-20,44,6114.03,true,435,18.13,Repeat customer,0–30 days,1
14646,2009-12-02,2009-12-01,2009-12-02,151,528602.52,true,0,0.0,Repeat customer,0–30 days,1
14653,2009-12-02,2009-12-01,2010-01-05,12,3593.06,true,817,34.02,Repeat customer,31–60 days,2
14667,2009-12-02,2009-12-01,2009-12-16,54,20395.34,true,335,13.97,Repeat customer,0–30 days,1
14669,2009-12-02,2009-12-01,2010-02-16,7,3216.78,true,1823,75.96,Repeat customer,61–90 days,3
14739,2009-12-02,2009-12-01,2009-12-11,25,11573.62,true,214,8.9,Repeat customer,0–30 days,1
14799,2009-12-02,2009-12-01,2011-10-19,2,338.15,true,16469,686.21,Repeat customer,181+ days,5
14831,2009-12-02,2009-12-01,2009-12-02,3,1676.57,true,0,0.0,Repeat customer,0–30 days,1
14841,2009-12-02,2009-12-01,2009-12-08,14,7163,true,140,5.82,Repeat customer,0–30 days,1
14894,2009-12-02,2009-12-01,2010-09-22,3,1492.81,true,7061,294.2,Repeat customer,181+ days,5
14980,2009-12-02,2009-12-01,,1,150.68,false,,,One-time customer,No repeat purchase,0
14987,2009-12-02,2009-12-01,2009-12-13,8,1550.65,true,262,10.89,Repeat customer,0–30 days,1
15287,2009-12-02,2009-12-01,2010-09-30,5,856.03,true,7253,302.22,Repeat customer,181+ days,5
15353,2009-12-02,2009-12-01,2010-06-08,7,2794.47,true,4515,188.1,Repeat customer,181+ days,5
15482,2009-12-02,2009-12-01,2009-12-03,19,14417.36,true,18,0.72,Repeat customer,0–30 days,1
15523,2009-12-02,2009-12-01,2009-12-02,16,17259.19,true,0,0.0,Repeat customer,0–30 days,1
15542,2009-12-02,2009-12-01,2009-12-02,3,855.71,true,1,0.01,Repeat customer,0–30 days,1
15581,2009-12-02,2009-12-01,2009-12-02,38,7480.4,true,0,0.01,Repeat customer,0–30 days,1
15602,2009-12-02,2009-12-01,2010-01-28,16,3137.96,true,1372,57.18,Repeat customer,31–60 days,2
15615,2009-12-02,2009-12-01,2009-12-02,47,21373.97,true,0,0.0,Repeat customer,0–30 days,1
15680,2009-12-02,2009-12-01,2010-01-24,10,4028.69,true,1275,53.12,Repeat customer,31–60 days,2
15759,2009-12-02,2009-12-01,2010-05-14,7,830.93,true,3914,163.11,Repeat customer,91–180 days,4
15794,2009-12-02,2009-12-01,2009-12-03,2,777,true,22,0.91,Repeat customer,0–30 days,1
15833,2009-12-02,2009-12-01,,1,80.4,false,,,One-time customer,No repeat purchase,0
15917,2009-12-02,2009-12-01,2009-12-02,5,530.17,true,1,0.03,Repeat customer,0–30 days,1
15989,2009-12-02,2009-12-01,2010-11-29,2,368.31,true,8685,361.84,Repeat customer,181+ days,5
16086,2009-12-02,2009-12-01,2010-04-21,10,2687.73,true,3360,140.01,Repeat customer,91–180 days,4
16126,2009-12-02,2009-12-01,2010-01-21,15,14644.6,true,1203,50.13,Repeat customer,31–60 days,2
16131,2009-12-02,2009-12-01,2010-04-22,12,9957.42,true,3383,140.99,Repeat customer,91–180 days,4
16156,2009-12-02,2009-12-01,2009-12-11,20,6188.18,true,209,8.73,Repeat customer,0–30 days,1
16163,2009-12-02,2009-12-01,2009-12-08,6,2407.98,true,147,6.14,Repeat customer,0–30 days,1
16200,2009-12-02,2009-12-01,2009-12-02,12,5608.1,true,0,0.01,Repeat customer,0–30 days,1
16202,2009-12-02,2009-12-01,2009-12-15,9,2501.99,true,314,13.07,Repeat customer,0–30 days,1
16210,2009-12-02,2009-12-01,2009-12-08,35,33750.97,true,144,6.0,Repeat customer,0–30 days,1
16233,2009-12-02,2009-12-01,2010-01-21,9,1818.31,true,1202,50.1,Repeat customer,31–60 days,2
16467,2009-12-02,2009-12-01,2010-01-06,7,2869.16,true,839,34.96,Repeat customer,31–60 days,2
16525,2009-12-02,2009-12-01,2009-12-07,48,24151.3,true,119,4.95,Repeat customer,0–30 days,1
16550,2009-12-02,2009-12-01,2009-12-15,18,8813.58,true,313,13.03,Repeat customer,0–30 days,1
16700,2009-12-02,2009-12-01,2009-12-02,25,8830.77,true,0,0.0,Repeat customer,0–30 days,1
16711,2009-12-02,2009-12-01,2009-12-14,9,2868.48,true,289,12.05,Repeat customer,0–30 days,1
16797,2009-12-02,2009-12-01,2010-02-21,5,1802.02,true,1946,81.09,Repeat customer,61–90 days,3
16823,2009-12-02,2009-12-01,2010-03-22,7,2243.09,true,2648,110.32,Repeat customer,91–180 days,4
16987,2009-12-02,2009-12-01,2009-12-16,11,2521.4,true,338,14.06,Repeat customer,0–30 days,1
17019,2009-12-02,2009-12-01,2010-03-24,11,3602.29,true,2689,112.03,Repeat customer,91–180 days,4
17087,2009-12-02,2009-12-01,,1,221.53,false,,,One-time customer,No repeat purchase,0
17189,2009-12-02,2009-12-01,2009-12-16,5,953.63,true,337,14.02,Repeat customer,0–30 days,1
17193,2009-12-02,2009-12-01,2010-11-18,9,2310.04,true,8430,351.29,Repeat customer,181+ days,5
17377,2009-12-02,2009-12-01,2009-12-02,78,17644.27,true,1,0.01,Repeat customer,0–30 days,1
17412,2009-12-02,2009-12-01,2009-12-11,16,4220.22,true,213,8.85,Repeat customer,0–30 days,1
17476,2009-12-02,2009-12-01,2010-11-09,2,489.86,true,8206,341.93,Repeat customer,181+ days,5
17511,2009-12-02,2009-12-01,2009-12-14,60,172132.87,true,290,12.09,Repeat customer,0–30 days,1
17606,2009-12-02,2009-12-01,,1,87.3,false,,,One-time customer,No repeat purchase,0
17660,2009-12-02,2009-12-01,2011-07-21,2,342.22,true,14301,595.9,Repeat customer,181+ days,5
17716,2009-12-02,2009-12-01,2010-03-05,24,15956.97,true,2228,92.86,Repeat customer,91–180 days,4
17768,2009-12-02,2009-12-01,2010-01-28,7,3292.73,true,1371,57.14,Repeat customer,31–60 days,2
17809,2009-12-02,2009-12-01,2009-12-15,20,10085.89,true,308,12.8,Repeat customer,0–30 days,1
17818,2009-12-02,2009-12-01,,1,124.78,false,,,One-time customer,No repeat purchase,0
17841,2009-12-02,2009-12-01,2009-12-04,211,68545.25,true,47,1.95,Repeat customer,0–30 days,1
17867,2009-12-02,2009-12-01,2009-12-23,15,1582.05,true,507,21.1,Repeat customer,0–30 days,1
17909,2009-12-02,2009-12-01,,1,110.05,false,,,One-time customer,No repeat purchase,0
17949,2009-12-02,2009-12-01,2009-12-02,118,117314.08,true,0,0.0,Repeat customer,0–30 days,1
18001,2009-12-02,2009-12-01,2010-06-11,6,924.14,true,4580,190.84,Repeat customer,181+ days,5
18108,2009-12-02,2009-12-01,2010-04-22,3,848.81,true,3381,140.87,Repeat customer,91–180 days,4
12577,2009-12-03,2009-12-01,2010-10-26,8,1617.1,true,7841,326.7,Repeat customer,181+ days,5
12779,2009-12-03,2009-12-01,2010-03-01,14,6474.11,true,2114,88.1,Repeat customer,61–90 days,3
12835,2009-12-03,2009-12-01,2009-12-04,41,5996.83,true,26,1.11,Repeat customer,0–30 days,1
12872,2009-12-03,2009-12-01,2010-01-28,12,3283.96,true,1338,55.76,Repeat customer,31–60 days,2
12934,2009-12-03,2009-12-01,,1,181.65,false,,,One-time customer,No repeat purchase,0
12937,2009-12-03,2009-12-01,2009-12-17,9,3097.61,true,335,13.96,Repeat customer,0–30 days,1
12949,2009-12-03,2009-12-01,2010-01-25,22,15526.7,true,1266,52.72,Repeat customer,31–60 days,2
13001,2009-12-03,2009-12-01,2010-01-25,33,24042.65,true,1268,52.82,Repeat customer,31–60 days,2
13037,2009-12-03,2009-12-01,2010-01-18,12,3914.95,true,1101,45.88,Repeat customer,31–60 days,2
13208,2009-12-03,2009-12-01,2010-06-24,9,1976.3,true,4877,203.2,Repeat customer,181+ days,5
13416,2009-12-03,2009-12-01,2011-09-19,3,940.8,true,15721,655.07,Repeat customer,181+ days,5
13468,2009-12-03,2009-12-01,2009-12-15,72,12793.28,true,284,11.83,Repeat customer,0–30 days,1
13485,2009-12-03,2009-12-01,2009-12-08,11,3019.22,true,119,4.94,Repeat customer,0–30 days,1
13531,2009-12-03,2009-12-01,2010-04-23,6,1433.07,true,3379,140.81,Repeat customer,91–180 days,4
13611,2009-12-03,2009-12-01,2010-03-24,10,3297.93,true,2668,111.16,Repeat customer,91–180 days,4
13753,2009-12-03,2009-12-01,2010-02-26,4,2094.57,true,2042,85.08,Repeat customer,61–90 days,3
13786,2009-12-03,2009-12-01,2010-03-15,6,3127.99,true,2449,102.04,Repeat customer,91–180 days,4
13800,2009-12-03,2009-12-01,2010-10-05,3,1679.56,true,7348,306.18,Repeat customer,181+ days,5
13895,2009-12-03,2009-12-01,2010-07-12,6,4008.52,true,5301,220.9,Repeat customer,181+ days,5
13931,2009-12-03,2009-12-01,2009-12-03,11,5257.38,true,0,0.0,Repeat customer,0–30 days,1
13979,2009-12-03,2009-12-01,2010-03-01,7,3379.93,true,2117,88.24,Repeat customer,61–90 days,3
13993,2009-12-03,2009-12-01,2010-02-09,19,6775.71,true,1633,68.04,Repeat customer,61–90 days,3
14031,2009-12-03,2009-12-01,2009-12-11,44,39019.51,true,194,8.06,Repeat customer,0–30 days,1
14051,2009-12-03,2009-12-01,2009-12-17,37,21770.98,true,337,14.03,Repeat customer,0–30 days,1
14057,2009-12-03,2009-12-01,2010-04-13,22,8346.66,true,3142,130.93,Repeat customer,91–180 days,4
14159,2009-12-03,2009-12-01,2010-02-22,20,7860.8,true,1943,80.94,Repeat customer,61–90 days,3
14347,2009-12-03,2009-12-01,,1,82.6,false,,,One-time customer,No repeat purchase,0
14483,2009-12-03,2009-12-01,2011-03-03,2,257.1,true,10920,455.01,Repeat customer,181+ days,5
14606,2009-12-03,2009-12-01,2009-12-06,192,29951.37,true,74,3.09,Repeat customer,0–30 days,1
14644,2009-12-03,2009-12-01,2010-08-02,7,2247.72,true,5804,241.85,Repeat customer,181+ days,5
14662,2009-12-03,2009-12-01,2010-03-17,7,1376.43,true,2491,103.77,Repeat customer,91–180 days,4
14710,2009-12-03,2009-12-01,2009-12-09,13,1899.79,true,144,6.01,Repeat customer,0–30 days,1
14713,2009-12-03,2009-12-01,2010-01-21,21,5115.76,true,1176,48.99,Repeat customer,31–60 days,2
14750,2009-12-03,2009-12-01,,1,112.03,false,,,One-time customer,No repeat purchase,0
14755,2009-12-03,2009-12-01,2009-12-03,25,9972.55,true,0,0.0,Repeat customer,0–30 days,1
14771,2009-12-03,2009-12-01,2010-03-28,2,594.62,true,2763,115.13,Repeat customer,91–180 days,4
14838,2009-12-03,2009-12-01,2010-10-12,2,769.92,true,7518,313.25,Repeat customer,181+ days,5
14898,2009-12-03,2009-12-01,2009-12-13,14,3365.95,true,240,9.98,Repeat customer,0–30 days,1
14905,2009-12-03,2009-12-01,2010-03-03,8,1971.39,true,2160,90.0,Repeat customer,61–90 days,3
14915,2009-12-03,2009-12-01,2010-03-03,11,1811.25,true,2162,90.1,Repeat customer,91–180 days,4
14952,2009-12-03,2009-12-01,2009-12-16,32,17629.35,true,311,12.95,Repeat customer,0–30 days,1
14958,2009-12-03,2009-12-01,2010-03-23,6,941.99,true,2637,109.89,Repeat customer,91–180 days,4
14967,2009-12-03,2009-12-01,2010-02-18,6,1982.61,true,1846,76.93,Repeat customer,61–90 days,3
15179,2009-12-03,2009-12-01,2010-01-22,13,7491.92,true,1198,49.93,Repeat customer,31–60 days,2
15194,2009-12-03,2009-12-01,2009-12-08,28,12021.53,true,128,5.31,Repeat customer,0–30 days,1
15255,2009-12-03,2009-12-01,2010-06-13,9,3706.02,true,4613,192.22,Repeat customer,181+ days,5
15291,2009-12-03,2009-12-01,2009-12-09,40,13517.76,true,142,5.94,Repeat customer,0–30 days,1
15466,2009-12-03,2009-12-01,2010-04-12,4,1560.46,true,3122,130.1,Repeat customer,91–180 days,4
15550,2009-12-03,2009-12-01,2009-12-14,12,2211.05,true,259,10.8,Repeat customer,0–30 days,1
15658,2009-12-03,2009-12-01,2010-07-28,8,2117.27,true,5689,237.05,Repeat customer,181+ days,5
15768,2009-12-03,2009-12-01,2009-12-09,34,15308.89,true,144,6.01,Repeat customer,0–30 days,1
15856,2009-12-03,2009-12-01,2009-12-11,52,32275.95,true,194,8.11,Repeat customer,0–30 days,1
15884,2009-12-03,2009-12-01,2010-10-03,2,244.6,true,7293,303.9,Repeat customer,181+ days,5
15953,2009-12-03,2009-12-01,2010-02-09,18,3440.34,true,1630,67.92,Repeat customer,61–90 days,3
15965,2009-12-03,2009-12-01,2010-02-14,13,2771.94,true,1753,73.03,Repeat customer,61–90 days,3
16003,2009-12-03,2009-12-01,2010-03-24,10,5613.83,true,2655,110.63,Repeat customer,91–180 days,4
16139,2009-12-03,2009-12-01,2009-12-17,5,1111.15,true,334,13.9,Repeat customer,0–30 days,1
16159,2009-12-03,2009-12-01,2010-03-02,4,1232.79,true,2139,89.13,Repeat customer,61–90 days,3
16168,2009-12-03,2009-12-01,2009-12-09,66,10360.67,true,148,6.16,Repeat customer,0–30 days,1
16301,2009-12-03,2009-12-01,,1,107.33,false,,,One-time customer,No repeat purchase,0
16497,2009-12-03,2009-12-01,2010-01-08,23,6695.28,true,860,35.85,Repeat customer,31–60 days,2
16558,2009-12-03,2009-12-01,2010-03-09,38,13304.11,true,2297,95.72,Repeat customer,91–180 days,4
16612,2009-12-03,2009-12-01,2010-05-23,9,3245.43,true,4103,170.93,Repeat customer,91–180 days,4
16722,2009-12-03,2009-12-01,2010-02-03,22,8189.56,true,1483,61.8,Repeat customer,61–90 days,3
16736,2009-12-03,2009-12-01,2009-12-04,5,2956.56,true,18,0.77,Repeat customer,0–30 days,1
16779,2009-12-03,2009-12-01,2009-12-06,53,32809.03,true,71,2.99,Repeat customer,0–30 days,1
16791,2009-12-03,2009-12-01,2010-01-26,15,3957.63,true,1292,53.85,Repeat customer,31–60 days,2
16918,2009-12-03,2009-12-01,2010-02-11,16,3206.54,true,1681,70.05,Repeat customer,61–90 days,3
17017,2009-12-03,2009-12-01,2010-06-16,29,12576.99,true,4677,194.88,Repeat customer,181+ days,5
17035,2009-12-03,2009-12-01,2010-04-27,4,613.59,true,3484,145.15,Repeat customer,91–180 days,4
17069,2009-12-03,2009-12-01,2010-05-06,14,5517.23,true,3699,154.11,Repeat customer,91–180 days,4
17155,2009-12-03,2009-12-01,2009-12-08,7,892.46,true,121,5.05,Repeat customer,0–30 days,1
17209,2009-12-03,2009-12-01,2009-12-11,3,595.7,true,192,8.02,Repeat customer,0–30 days,1
17271,2009-12-03,2009-12-01,,1,204.3,false,,,One-time customer,No repeat purchase,0
17287,2009-12-03,2009-12-01,2009-12-03,21,3826.86,true,0,0.0,Repeat customer,0–30 days,1
17293,2009-12-03,2009-12-01,2009-12-11,17,3750.63,true,190,7.94,Repeat customer,0–30 days,1
17314,2009-12-03,2009-12-01,2010-01-31,17,4904.43,true,1416,59.01,Repeat customer,31–60 days,2
17322,2009-12-03,2009-12-01,2010-10-20,5,922.59,true,7706,321.07,Repeat customer,181+ days,5
17329,2009-12-03,2009-12-01,2009-12-08,5,998.53,true,120,5.02,Repeat customer,0–30 days,1
17343,2009-12-03,2009-12-01,2010-01-18,6,1259.94,true,1096,45.67,Repeat customer,31–60 days,2
17372,2009-12-03,2009-12-01,2009-12-18,28,4347.31,true,355,14.77,Repeat customer,0–30 days,1
17411,2009-12-03,2009-12-01,2010-11-18,5,1425.38,true,8399,350.0,Repeat customer,181+ days,5
17414,2009-12-03,2009-12-01,2010-05-14,6,2249.52,true,3885,161.88,Repeat customer,91–180 days,4
17432,2009-12-03,2009-12-01,2010-03-22,9,1728.99,true,2613,108.9,Repeat customer,91–180 days,4
17465,2009-12-03,2009-12-01,2009-12-03,7,2542.79,true,0,0.0,Repeat customer,0–30 days,1
17576,2009-12-03,2009-12-01,2009-12-17,41,8711.95,true,336,14.0,Repeat customer,0–30 days,1
17581,2009-12-03,2009-12-01,2009-12-03,43,17951.17,true,0,0.0,Repeat customer,0–30 days,1
17679,2009-12-03,2009-12-01,2009-12-03,7,3577.61,true,0,0.0,Repeat customer,0–30 days,1
17764,2009-12-03,2009-12-01,2010-06-17,5,1513.57,true,4707,196.11,Repeat customer,181+ days,5
17851,2009-12-03,2009-12-01,2009-12-11,6,1552.35,true,189,7.87,Repeat customer,0–30 days,1
17853,2009-12-03,2009-12-01,2010-08-20,3,1596.29,true,6236,259.84,Repeat customer,181+ days,5
17913,2009-12-03,2009-12-01,2009-12-03,14,3429.29,true,0,0.0,Repeat customer,0–30 days,1
17940,2009-12-03,2009-12-01,2010-01-26,16,30306.79,true,1301,54.19,Repeat customer,31–60 days,2
18168,2009-12-03,2009-12-01,2009-12-15,16,3435.5,true,286,11.92,Repeat customer,0–30 days,1
18229,2009-12-03,2009-12-01,2010-01-19,28,10150.51,true,1127,46.95,Repeat customer,31–60 days,2
12510,2009-12-04,2009-12-01,2010-01-11,9,5178.02,true,910,37.92,Repeat customer,31–60 days,2
12714,2009-12-04,2009-12-01,2010-01-08,12,14093.71,true,846,35.27,Repeat customer,31–60 days,2
12748,2009-12-04,2009-12-01,2009-12-14,336,53539.64,true,235,9.79,Repeat customer,0–30 days,1
12759,2009-12-04,2009-12-01,2010-05-24,8,5020.74,true,4104,171.0,Repeat customer,91–180 days,4
12970,2009-12-04,2009-12-01,2010-11-15,10,1453.6,true,8305,346.07,Repeat customer,181+ days,5
13093,2009-12-04,2009-12-01,2009-12-04,55,54144.25,true,6,0.25,Repeat customer,0–30 days,1
13154,2009-12-04,2009-12-01,2010-07-20,3,1624.84,true,5477,228.19,Repeat customer,181+ days,5
13162,2009-12-04,2009-12-01,2009-12-15,16,9275.49,true,259,10.75,Repeat customer,0–30 days,1
13174,2009-12-04,2009-12-01,2010-01-28,12,7995.36,true,1322,55.06,Repeat customer,31–60 days,2
13175,2009-12-04,2009-12-01,2010-05-06,2,831.45,true,3673,153.04,Repeat customer,91–180 days,4
13329,2009-12-04,2009-12-01,2010-07-30,8,4808.77,true,5711,237.94,Repeat customer,181+ days,5
13408,2009-12-04,2009-12-01,2009-12-08,106,50174.78,true,99,4.12,Repeat customer,0–30 days,1
13481,2009-12-04,2009-12-01,2010-03-15,11,3830.84,true,2421,100.88,Repeat customer,91–180 days,4
13666,2009-12-04,2009-12-01,2010-10-15,5,127.9,true,7565,315.21,Repeat customer,181+ days,5
13679,2009-12-04,2009-12-01,2010-04-19,3,281.26,true,3265,136.01,Repeat customer,91–180 days,4
13680,2009-12-04,2009-12-01,2009-12-09,12,11419.67,true,119,4.98,Repeat customer,0–30 days,1
13694,2009-12-04,2009-12-01,2009-12-04,143,195640.69,true,0,0.0,Repeat customer,0–30 days,1
13733,2009-12-04,2009-12-01,2010-10-25,2,487.03,true,7797,324.87,Repeat customer,181+ days,5
13807,2009-12-04,2009-12-01,2010-05-14,3,422.2,true,3866,161.09,Repeat customer,91–180 days,4
13946,2009-12-04,2009-12-01,2010-03-15,6,1876.23,true,2424,101.0,Repeat customer,91–180 days,4
13948,2009-12-04,2009-12-01,2010-03-01,4,548.76,true,2088,87.0,Repeat customer,61–90 days,3
14087,2009-12-04,2009-12-01,2010-10-31,3,829.47,true,7940,330.83,Repeat customer,181+ days,5
14258,2009-12-04,2009-12-01,2010-01-06,25,32051.34,true,798,33.26,Repeat customer,31–60 days,2
14286,2009-12-04,2009-12-01,2010-03-10,7,8479.76,true,2306,96.09,Repeat customer,91–180 days,4
14564,2009-12-04,2009-12-01,2010-10-01,2,2605.62,true,7224,300.98,Repeat customer,181+ days,5
14680,2009-12-04,2009-12-01,2009-12-11,58,55688.5,true,168,6.98,Repeat customer,0–30 days,1
14723,2009-12-04,2009-12-01,2010-04-13,11,1803.06,true,3123,130.15,Repeat customer,91–180 days,4
14735,2009-12-04,2009-12-01,2009-12-08,56,12240.16,true,96,4.02,Repeat customer,0–30 days,1
14961,2009-12-04,2009-12-01,2009-12-14,22,16410.15,true,242,10.09,Repeat customer,0–30 days,1
14979,2009-12-04,2009-12-01,,1,429.66,false,,,One-time customer,No repeat purchase,0
15078,2009-12-04,2009-12-01,2009-12-15,53,17286.73,true,271,11.29,Repeat customer,0–30 days,1
15109,2009-12-04,2009-12-01,2010-05-09,3,983.1,true,3745,156.05,Repeat customer,91–180 days,4
15309,2009-12-04,2009-12-01,2010-02-26,4,797.96,true,2016,84.0,Repeat customer,61–90 days,3
15382,2009-12-04,2009-12-01,2010-02-22,12,13733.55,true,1916,79.84,Repeat customer,61–90 days,3
15514,2009-12-04,2009-12-01,2009-12-15,18,6392.06,true,264,10.99,Repeat customer,0–30 days,1
15684,2009-12-04,2009-12-01,2010-01-07,3,173.95,true,811,33.8,Repeat customer,31–60 days,2
15755,2009-12-04,2009-12-01,2010-01-13,17,5993.12,true,965,40.23,Repeat customer,31–60 days,2
15999,2009-12-04,2009-12-01,,1,20.4,false,,,One-time customer,No repeat purchase,0
16192,2009-12-04,2009-12-01,,1,351.3,false,,,One-time customer,No repeat purchase,0
16325,2009-12-04,2009-12-01,2009-12-13,12,3597.5,true,218,9.11,Repeat customer,0–30 days,1
16335,2009-12-04,2009-12-01,2009-12-13,7,2753.52,true,216,9.02,Repeat customer,0–30 days,1
16351,2009-12-04,2009-12-01,2009-12-17,13,3330.03,true,314,13.1,Repeat customer,0–30 days,1
16451,2009-12-04,2009-12-01,2010-05-27,3,1013.15,true,4178,174.11,Repeat customer,91–180 days,4
16541,2009-12-04,2009-12-01,,1,424.03,false,,,One-time customer,No repeat purchase,0
16645,2009-12-04,2009-12-01,,1,160.39,false,,,One-time customer,No repeat purchase,0
16656,2009-12-04,2009-12-01,2010-02-07,30,16833.17,true,1562,65.07,Repeat customer,61–90 days,3
16699,2009-12-04,2009-12-01,2010-03-25,7,994.6,true,2664,111.01,Repeat customer,91–180 days,4
16710,2009-12-04,2009-12-01,2009-12-06,22,5921.35,true,48,2.01,Repeat customer,0–30 days,1
16723,2009-12-04,2009-12-01,2010-09-22,4,1231.36,true,7006,291.9,Repeat customer,181+ days,5
16746,2009-12-04,2009-12-01,2009-12-09,42,18046.75,true,123,5.14,Repeat customer,0–30 days,1
16883,2009-12-04,2009-12-01,2010-04-18,19,2246.06,true,3239,134.97,Repeat customer,91–180 days,4
16891,2009-12-04,2009-12-01,2009-12-16,11,1727.94,true,290,12.07,Repeat customer,0–30 days,1
17076,2009-12-04,2009-12-01,2010-03-11,6,1242.75,true,2329,97.05,Repeat customer,91–180 days,4
17127,2009-12-04,2009-12-01,2010-06-24,5,1155.03,true,4843,201.8,Repeat customer,181+ days,5
17151,2009-12-04,2009-12-01,,1,231.9,false,,,One-time customer,No repeat purchase,0
17157,2009-12-04,2009-12-01,2009-12-08,19,5151.9,true,102,4.25,Repeat customer,0–30 days,1
17160,2009-12-04,2009-12-01,2010-01-22,17,10209.16,true,1175,48.95,Repeat customer,31–60 days,2
17389,2009-12-04,2009-12-01,2010-03-23,61,57215.33,true,2617,109.05,Repeat customer,91–180 days,4
17421,2009-12-04,2009-12-01,2010-10-06,3,1059.41,true,7340,305.81,Repeat customer,181+ days,5
17593,2009-12-04,2009-12-01,2009-12-05,11,8092.32,true,22,0.89,Repeat customer,0–30 days,1
17884,2009-12-04,2009-12-01,2009-12-04,20,2698.47,true,0,0.02,Repeat customer,0–30 days,1
17935,2009-12-04,2009-12-01,2010-03-24,7,686.14,true,2638,109.9,Repeat customer,91–180 days,4
18061,2009-12-04,2009-12-01,2009-12-17,28,6083.81,true,314,13.07,Repeat customer,0–30 days,1
18092,2009-12-04,2009-12-01,2009-12-22,18,14693.72,true,429,17.87,Repeat customer,0–30 days,1
18181,2009-12-04,2009-12-01,2010-05-25,5,1188.34,true,4128,172.0,Repeat customer,91–180 days,4
18223,2009-12-04,2009-12-01,2009-12-17,26,14000.85,true,315,13.11,Repeat customer,0–30 days,1
18225,2009-12-04,2009-12-01,2010-01-29,26,13014.8,true,1338,55.73,Repeat customer,31–60 days,2
12359,2009-12-05,2009-12-01,2009-12-16,10,8873.39,true,266,11.08,Repeat customer,0–30 days,1
12820,2009-12-05,2009-12-01,2010-01-13,11,2689.52,true,931,38.81,Repeat customer,31–60 days,2
13021,2009-12-05,2009-12-01,2010-03-19,17,4887.24,true,2494,103.93,Repeat customer,91–180 days,4
13199,2009-12-05,2009-12-01,2010-01-08,67,15964.21,true,818,34.08,Repeat customer,31–60 days,2
13487,2009-12-05,2009-12-01,2010-07-22,5,846.87,true,5496,229.01,Repeat customer,181+ days,5
13641,2009-12-05,2009-12-01,2009-12-16,5,1016.47,true,263,10.96,Repeat customer,0–30 days,1
13958,2009-12-05,2009-12-01,2009-12-05,8,4709.23,true,0,0.0,Repeat customer,0–30 days,1
13999,2009-12-05,2009-12-01,2009-12-16,29,9502.26,true,262,10.93,Repeat customer,0–30 days,1
14238,2009-12-05,2009-12-01,2010-02-15,3,434.23,true,1729,72.03,Repeat customer,61–90 days,3
14239,2009-12-05,2009-12-01,2009-12-09,21,4263.17,true,95,3.95,Repeat customer,0–30 days,1
14709,2009-12-05,2009-12-01,2010-01-04,25,8886.33,true,717,29.89,Repeat customer,0–30 days,1
14867,2009-12-05,2009-12-01,2010-01-12,16,2952.06,true,906,37.75,Repeat customer,31–60 days,2
15057,2009-12-05,2009-12-01,2010-03-24,5,3255.96,true,2612,108.85,Repeat customer,91–180 days,4
15223,2009-12-05,2009-12-01,2010-01-17,5,1417.95,true,1035,43.15,Repeat customer,31–60 days,2
15240,2009-12-05,2009-12-01,2010-05-04,12,4459.98,true,3596,149.8,Repeat customer,91–180 days,4
15420,2009-12-05,2009-12-01,2009-12-14,6,743,true,217,9.05,Repeat customer,0–30 days,1
15484,2009-12-05,2009-12-01,2010-06-17,6,4652.1,true,4657,194.04,Repeat customer,181+ days,5
16158,2009-12-05,2009-12-01,2009-12-15,9,628.32,true,235,9.81,Repeat customer,0–30 days,1
16410,2009-12-05,2009-12-01,,1,130.32,false,,,One-time customer,No repeat purchase,0
16593,2009-12-05,2009-12-01,2009-12-20,8,1071.14,true,363,15.12,Repeat customer,0–30 days,1
17018,2009-12-05,2009-12-01,2010-01-08,6,2287.7,true,815,33.97,Repeat customer,31–60 days,2
17115,2009-12-05,2009-12-01,2010-01-28,7,2761.49,true,1299,54.13,Repeat customer,31–60 days,2
17642,2009-12-05,2009-12-01,2010-03-29,5,1824.49,true,2729,113.74,Repeat customer,91–180 days,4
17850,2009-12-05,2009-12-01,2009-12-05,155,51208.87,true,1,0.04,Repeat customer,0–30 days,1
18071,2009-12-05,2009-12-01,2009-12-18,6,1169.68,true,316,13.16,Repeat customer,0–30 days,1
12417,2009-12-06,2009-12-01,2009-12-10,20,6797.41,true,97,4.04,Repeat customer,0–30 days,1
12583,2009-12-06,2009-12-01,2010-02-25,27,13591.58,true,1944,80.99,Repeat customer,61–90 days,3
12975,2009-12-06,2009-12-01,2010-07-08,6,2100.09,true,5136,213.98,Repeat customer,181+ days,5
13019,2009-12-06,2009-12-01,2009-12-10,6,1229.95,true,93,3.85,Repeat customer,0–30 days,1
13211,2009-12-06,2009-12-01,2010-03-14,10,2618.77,true,2350,97.93,Repeat customer,91–180 days,4
13319,2009-12-06,2009-12-01,2009-12-15,58,21323.22,true,216,8.98,Repeat customer,0–30 days,1
13373,2009-12-06,2009-12-01,2010-03-28,6,7587.19,true,2692,112.15,Repeat customer,91–180 days,4
13448,2009-12-06,2009-12-01,2009-12-17,13,8745.93,true,263,10.99,Repeat customer,0–30 days,1
13589,2009-12-06,2009-12-01,2010-05-09,6,1120.74,true,3697,154.03,Repeat customer,91–180 days,4
13736,2009-12-06,2009-12-01,2010-06-13,7,2752.47,true,4535,188.98,Repeat customer,181+ days,5
13782,2009-12-06,2009-12-01,2010-01-17,13,1786.08,true,1009,42.03,Repeat customer,31–60 days,2
13813,2009-12-06,2009-12-01,2010-02-10,8,2765.47,true,1587,66.12,Repeat customer,61–90 days,3
13890,2009-12-06,2009-12-01,2010-03-03,14,2927.38,true,2089,87.05,Repeat customer,61–90 days,3
14123,2009-12-06,2009-12-01,,1,436.18,false,,,One-time customer,No repeat purchase,0
14133,2009-12-06,2009-12-01,2011-01-28,4,911.14,true,10031,417.97,Repeat customer,181+ days,5
14454,2009-12-06,2009-12-01,2010-02-07,5,977.3,true,1512,62.97,Repeat customer,61–90 days,3
14468,2009-12-06,2009-12-01,,1,204.24,false,,,One-time customer,No repeat purchase,0
14479,2009-12-06,2009-12-01,2010-10-17,4,1124.71,true,7558,314.92,Repeat customer,181+ days,5
14546,2009-12-06,2009-12-01,2010-02-07,11,5184.84,true,1510,62.94,Repeat customer,61–90 days,3
14548,2009-12-06,2009-12-01,2009-12-06,9,2541.29,true,0,0.0,Repeat customer,0–30 days,1
14608,2009-12-06,2009-12-01,2009-12-10,11,3352.94,true,99,4.12,Repeat customer,0–30 days,1
14717,2009-12-06,2009-12-01,,1,81.3,false,,,One-time customer,No repeat purchase,0
14896,2009-12-06,2009-12-01,2010-01-31,8,1826,true,1342,55.91,Repeat customer,31–60 days,2
14940,2009-12-06,2009-12-01,2010-10-18,2,531.49,true,7579,315.79,Repeat customer,181+ days,5
15059,2009-12-06,2009-12-01,2010-01-15,19,3491.2,true,963,40.12,Repeat customer,31–60 days,2
15260,2009-12-06,2009-12-01,2009-12-07,25,8767.73,true,23,0.95,Repeat customer,0–30 days,1
15479,2009-12-06,2009-12-01,,1,147.4,false,,,One-time customer,No repeat purchase,0
15547,2009-12-06,2009-12-01,2010-01-21,26,10057.05,true,1102,45.9,Repeat customer,31–60 days,2
15555,2009-12-06,2009-12-01,2010-02-01,36,11243.91,true,1372,57.13,Repeat customer,31–60 days,2
15571,2009-12-06,2009-12-01,2010-03-23,14,3892.35,true,2568,107.02,Repeat customer,91–180 days,4
15641,2009-12-06,2009-12-01,2009-12-15,12,5345.55,true,218,9.08,Repeat customer,0–30 days,1
15691,2009-12-06,2009-12-01,2010-04-29,4,571.3,true,3451,143.83,Repeat customer,91–180 days,4
15751,2009-12-06,2009-12-01,2009-12-06,11,1380.44,true,0,0.01,Repeat customer,0–30 days,1
15822,2009-12-06,2009-12-01,2010-05-05,6,1840.06,true,3596,149.84,Repeat customer,91–180 days,4
15860,2009-12-06,2009-12-01,2009-12-13,17,2361.3,true,167,6.95,Repeat customer,0–30 days,1
15878,2009-12-06,2009-12-01,2010-05-27,2,330.77,true,4128,171.99,Repeat customer,91–180 days,4
15983,2009-12-06,2009-12-01,2009-12-11,8,3110.37,true,118,4.92,Repeat customer,0–30 days,1
16104,2009-12-06,2009-12-01,2009-12-13,9,2774.46,true,168,7.01,Repeat customer,0–30 days,1
16277,2009-12-06,2009-12-01,,1,188.69,false,,,One-time customer,No repeat purchase,0
16395,2009-12-06,2009-12-01,2009-12-09,14,3518.41,true,76,3.15,Repeat customer,0–30 days,1
16436,2009-12-06,2009-12-01,2009-12-07,3,319.14,true,25,1.07,Repeat customer,0–30 days,1
16485,2009-12-06,2009-12-01,2010-02-21,5,2287.19,true,1848,77.0,Repeat customer,61–90 days,3
16686,2009-12-06,2009-12-01,2009-12-06,16,4881.07,true,0,0.0,Repeat customer,0–30 days,1
16718,2009-12-06,2009-12-01,2010-01-31,5,3006.08,true,1342,55.91,Repeat customer,31–60 days,2
16773,2009-12-06,2009-12-01,2010-09-29,3,421.24,true,7128,297.03,Repeat customer,181+ days,5
16964,2009-12-06,2009-12-01,2009-12-06,2,207.85,true,0,0.0,Repeat customer,0–30 days,1
17085,2009-12-06,2009-12-01,2009-12-13,28,7847.67,true,167,6.98,Repeat customer,0–30 days,1
17150,2009-12-06,2009-12-01,2009-12-17,6,1357.95,true,264,10.97,Repeat customer,0–30 days,1
17244,2009-12-06,2009-12-01,2010-11-21,5,1826.04,true,8402,350.09,Repeat customer,181+ days,5
17406,2009-12-06,2009-12-01,2010-02-04,13,4186.95,true,1438,59.91,Repeat customer,31–60 days,2
17530,2009-12-06,2009-12-01,2010-05-06,12,2791.69,true,3628,151.16,Repeat customer,91–180 days,4
17561,2009-12-06,2009-12-01,2010-06-27,4,703.02,true,4872,203.0,Repeat customer,181+ days,5
17610,2009-12-06,2009-12-01,2009-12-10,5,1511.94,true,96,4.02,Repeat customer,0–30 days,1
17848,2009-12-06,2009-12-01,2010-01-14,30,3559.11,true,942,39.24,Repeat customer,31–60 days,2
17858,2009-12-06,2009-12-01,2009-12-20,30,12518.65,true,333,13.88,Repeat customer,0–30 days,1
17916,2009-12-06,2009-12-01,2010-03-21,2,43.87,true,2518,104.93,Repeat customer,91–180 days,4
17920,2009-12-06,2009-12-01,2009-12-06,54,23581.78,true,1,0.03,Repeat customer,0–30 days,1
17969,2009-12-06,2009-12-01,2009-12-13,20,2354.29,true,169,7.03,Repeat customer,0–30 days,1
12443,2009-12-07,2009-12-01,,1,485.31,false,,,One-time customer,No repeat purchase,0
12471,2009-12-07,2009-12-01,2009-12-07,79,39918.19,true,0,0.0,Repeat customer,0–30 days,1
12523,2009-12-07,2009-12-01,2010-02-09,23,4352.35,true,1535,63.95,Repeat customer,61–90 days,3
12540,2009-12-07,2009-12-01,2010-01-10,33,22254.49,true,811,33.77,Repeat customer,31–60 days,2
12600,2009-12-07,2009-12-01,2009-12-13,21,4967.42,true,145,6.05,Repeat customer,0–30 days,1
12747,2009-12-07,2009-12-01,2009-12-09,26,8898.48,true,45,1.86,Repeat customer,0–30 days,1
12839,2009-12-07,2009-12-01,2009-12-14,26,9669.12,true,174,7.26,Repeat customer,0–30 days,1
13042,2009-12-07,2009-12-01,2010-02-02,3,1488.59,true,1368,57.0,Repeat customer,31–60 days,2
13070,2009-12-07,2009-12-01,2010-04-29,4,751.7,true,3428,142.84,Repeat customer,91–180 days,4
13148,2009-12-07,2009-12-01,2010-01-21,26,8497.82,true,1079,44.96,Repeat customer,31–60 days,2
13190,2009-12-07,2009-12-01,2010-01-31,3,570.66,true,1320,55.0,Repeat customer,31–60 days,2
13206,2009-12-07,2009-12-01,2009-12-13,13,8308.19,true,144,5.97,Repeat customer,0–30 days,1
13234,2009-12-07,2009-12-01,2010-02-05,2,346.5,true,1439,59.96,Repeat customer,31–60 days,2
13267,2009-12-07,2009-12-01,2009-12-15,36,9429.81,true,191,7.93,Repeat customer,0–30 days,1
13393,2009-12-07,2009-12-01,2009-12-15,4,1131.45,true,189,7.89,Repeat customer,0–30 days,1
13491,2009-12-07,2009-12-01,2009-12-09,27,4467.66,true,47,1.94,Repeat customer,0–30 days,1
13495,2009-12-07,2009-12-01,2009-12-15,10,4863.31,true,190,7.94,Repeat customer,0–30 days,1
13693,2009-12-07,2009-12-01,2009-12-10,9,2011.82,true,71,2.97,Repeat customer,0–30 days,1
13905,2009-12-07,2009-12-01,,1,312.65,false,,,One-time customer,No repeat purchase,0
13984,2009-12-07,2009-12-01,2009-12-07,12,1893.8,true,0,0.0,Repeat customer,0–30 days,1
14003,2009-12-07,2009-12-01,,1,209.41,false,,,One-time customer,No repeat purchase,0
14037,2009-12-07,2009-12-01,2010-01-24,6,836.95,true,1151,47.97,Repeat customer,31–60 days,2
14307,2009-12-07,2009-12-01,2010-02-04,10,4287.92,true,1420,59.2,Repeat customer,31–60 days,2
14408,2009-12-07,2009-12-01,2010-03-19,11,4102.27,true,2451,102.14,Repeat customer,91–180 days,4
14471,2009-12-07,2009-12-01,2010-04-27,2,400.95,true,3389,141.2,Repeat customer,91–180 days,4
14512,2009-12-07,2009-12-01,2010-04-29,7,1215.97,true,3430,142.92,Repeat customer,91–180 days,4
14540,2009-12-07,2009-12-01,2009-12-16,11,3709.64,true,220,9.19,Repeat customer,0–30 days,1
14574,2009-12-07,2009-12-01,,1,143.7,false,,,One-time customer,No repeat purchase,0
14590,2009-12-07,2009-12-01,2009-12-10,20,2993.37,true,73,3.07,Repeat customer,0–30 days,1
14670,2009-12-07,2009-12-01,2011-03-04,3,583.33,true,10848,452.0,Repeat customer,181+ days,5
14695,2009-12-07,2009-12-01,2009-12-07,3,1534.22,true,2,0.08,Repeat customer,0–30 days,1
14738,2009-12-07,2009-12-01,2010-05-27,9,1821.9,true,4114,171.42,Repeat customer,91–180 days,4
14828,2009-12-07,2009-12-01,2010-01-07,13,9839.46,true,742,30.93,Repeat customer,31–60 days,2
14955,2009-12-07,2009-12-01,,1,163.77,false,,,One-time customer,No repeat purchase,0
15115,2009-12-07,2009-12-01,2011-11-21,2,531.85,true,17139,714.15,Repeat customer,181+ days,5
15358,2009-12-07,2009-12-01,2009-12-20,42,16425.86,true,314,13.11,Repeat customer,0–30 days,1
15421,2009-12-07,2009-12-01,2010-01-29,10,3805.34,true,1270,52.95,Repeat customer,31–60 days,2
15694,2009-12-07,2009-12-01,2010-04-23,24,9978.48,true,3287,136.93,Repeat customer,91–180 days,4
15716,2009-12-07,2009-12-01,2010-03-23,11,2485.26,true,2544,105.98,Repeat customer,91–180 days,4
16018,2009-12-07,2009-12-01,2010-11-08,4,698.13,true,8066,336.07,Repeat customer,181+ days,5
16124,2009-12-07,2009-12-01,2010-05-05,4,1772.49,true,3576,149.01,Repeat customer,91–180 days,4
16353,2009-12-07,2009-12-01,2009-12-07,38,9795.46,true,0,0.0,Repeat customer,0–30 days,1
16556,2009-12-07,2009-12-01,2009-12-18,17,8012.58,true,263,10.93,Repeat customer,0–30 days,1
16684,2009-12-07,2009-12-01,2009-12-07,55,147142.77,true,0,0.0,Repeat customer,0–30 days,1
16702,2009-12-07,2009-12-01,2010-02-23,4,1110.83,true,1871,77.95,Repeat customer,61–90 days,3
16717,2009-12-07,2009-12-01,2010-03-01,14,6663.68,true,2009,83.71,Repeat customer,61–90 days,3
16768,2009-12-07,2009-12-01,2010-02-10,9,1698.57,true,1560,65.0,Repeat customer,61–90 days,3
17044,2009-12-07,2009-12-01,2010-03-10,12,11962.3,true,2230,92.94,Repeat customer,91–180 days,4
17231,2009-12-07,2009-12-01,2009-12-20,25,7064.8,true,308,12.81,Repeat customer,0–30 days,1
17270,2009-12-07,2009-12-01,2010-08-27,2,601.45,true,6309,262.87,Repeat customer,181+ days,5
17364,2009-12-07,2009-12-01,2009-12-14,28,11972.92,true,168,7.0,Repeat customer,0–30 days,1
17436,2009-12-07,2009-12-01,2010-04-25,5,534.06,true,3335,138.97,Repeat customer,91–180 days,4
17441,2009-12-07,2009-12-01,,1,293.35,false,,,One-time customer,No repeat purchase,0
17457,2009-12-07,2009-12-01,2010-01-08,14,5984.81,true,764,31.82,Repeat customer,31–60 days,2
17508,2009-12-07,2009-12-01,2010-01-14,8,4579.23,true,915,38.13,Repeat customer,31–60 days,2
17557,2009-12-07,2009-12-01,2011-09-19,4,575.46,true,15628,651.17,Repeat customer,181+ days,5
17707,2009-12-07,2009-12-01,2010-03-05,8,609.3,true,2112,88.01,Repeat customer,61–90 days,3
17739,2009-12-07,2009-12-01,2009-12-17,18,7730.59,true,241,10.04,Repeat customer,0–30 days,1
17988,2009-12-07,2009-12-01,2009-12-08,14,489.54,true,23,0.96,Repeat customer,0–30 days,1
17990,2009-12-07,2009-12-01,2010-06-16,6,1527.61,true,4583,190.98,Repeat customer,181+ days,5
18077,2009-12-07,2009-12-01,2009-12-13,18,4078.79,true,143,5.97,Repeat customer,0–30 days,1
18162,2009-12-07,2009-12-01,,1,371.51,false,,,One-time customer,No repeat purchase,0
18219,2009-12-07,2009-12-01,2010-03-08,17,3352.7,true,2184,91.0,Repeat customer,91–180 days,4
12358,2009-12-08,2009-12-01,2010-06-07,5,3887.07,true,4349,181.19,Repeat customer,181+ days,5
12785,2009-12-08,2009-12-01,2010-06-22,3,1100.4,true,4703,195.93,Repeat customer,181+ days,5
13025,2009-12-08,2009-12-01,,1,323.39,false,,,One-time customer,No repeat purchase,0
13081,2009-12-08,2009-12-01,2010-01-07,28,56838.37,true,718,29.91,Repeat customer,0–30 days,1
13136,2009-12-08,2009-12-01,2010-05-02,13,6274.56,true,3475,144.8,Repeat customer,91–180 days,4
13204,2009-12-08,2009-12-01,,1,966.66,false,,,One-time customer,No repeat purchase,0
13382,2009-12-08,2009-12-01,2010-03-15,5,1387.58,true,2328,96.97,Repeat customer,91–180 days,4
13410,2009-12-08,2009-12-01,2010-01-10,9,2201.96,true,790,32.93,Repeat customer,31–60 days,2
13557,2009-12-08,2009-12-01,2009-12-17,13,3032.26,true,213,8.85,Repeat customer,0–30 days,1
13571,2009-12-08,2009-12-01,2010-02-21,26,4537.26,true,1801,75.08,Repeat customer,61–90 days,3
13576,2009-12-08,2009-12-01,2010-01-13,28,11202.59,true,860,35.86,Repeat customer,31–60 days,2
13643,2009-12-08,2009-12-01,2010-03-09,10,2156.77,true,2181,90.85,Repeat customer,91–180 days,4
13798,2009-12-08,2009-12-01,2009-12-15,110,75428.87,true,167,6.95,Repeat customer,0–30 days,1
13855,2009-12-08,2009-12-01,2009-12-18,4,1310.34,true,238,9.92,Repeat customer,0–30 days,1
13883,2009-12-08,2009-12-01,2010-02-28,15,6560.02,true,1963,81.81,Repeat customer,61–90 days,3
14063,2009-12-08,2009-12-01,2009-12-15,9,22710.2,true,165,6.88,Repeat customer,0–30 days,1
14085,2009-12-08,2009-12-01,2009-12-08,33,9720.67,true,0,0.0,Repeat customer,0–30 days,1
14113,2009-12-08,2009-12-01,2009-12-10,16,7092.61,true,53,2.2,Repeat customer,0–30 days,1
14136,2009-12-08,2009-12-01,2010-01-15,5,1570.81,true,913,38.05,Repeat customer,31–60 days,2
14215,2009-12-08,2009-12-01,2010-01-21,9,3250.33,true,1055,43.95,Repeat customer,31–60 days,2
14285,2009-12-08,2009-12-01,2010-02-19,8,3284.42,true,1747,72.81,Repeat customer,61–90 days,3
14290,2009-12-08,2009-12-01,2010-03-08,8,4516.56,true,2159,89.96,Repeat customer,61–90 days,3
14295,2009-12-08,2009-12-01,2009-12-09,5,2362.91,true,28,1.14,Repeat customer,0–30 days,1
14494,2009-12-08,2009-12-01,2010-11-03,3,401.46,true,7920,329.99,Repeat customer,181+ days,5
14558,2009-12-08,2009-12-01,2010-01-28,3,655.5,true,1228,51.18,Repeat customer,31–60 days,2
14605,2009-12-08,2009-12-01,2009-12-08,4,921.56,true,1,0.0,Repeat customer,0–30 days,1
14679,2009-12-08,2009-12-01,2010-07-06,3,1289.44,true,5032,209.7,Repeat customer,181+ days,5
14861,2009-12-08,2009-12-01,2010-01-12,10,1380.73,true,841,35.06,Repeat customer,31–60 days,2
15031,2009-12-08,2009-12-01,2010-01-14,14,3102.94,true,894,37.26,Repeat customer,31–60 days,2
15079,2009-12-08,2009-12-01,2009-12-08,11,3625.4,true,0,0.0,Repeat customer,0–30 days,1
15093,2009-12-08,2009-12-01,2010-01-12,23,13702.38,true,842,35.07,Repeat customer,31–60 days,2
15162,2009-12-08,2009-12-01,,1,312.9,false,,,One-time customer,No repeat purchase,0
15181,2009-12-08,2009-12-01,2010-10-15,5,1200.2,true,7456,310.7,Repeat customer,181+ days,5
15203,2009-12-08,2009-12-01,2010-01-28,15,4400.18,true,1218,50.77,Repeat customer,31–60 days,2
15298,2009-12-08,2009-12-01,2010-01-18,23,9061.77,true,982,40.92,Repeat customer,31–60 days,2
15369,2009-12-08,2009-12-01,2010-01-08,11,6251.26,true,748,31.18,Repeat customer,31–60 days,2
15456,2009-12-08,2009-12-01,2009-12-20,10,2091.52,true,288,11.97,Repeat customer,0–30 days,1
15633,2009-12-08,2009-12-01,2010-01-15,13,4335.96,true,911,37.96,Repeat customer,31–60 days,2
15674,2009-12-08,2009-12-01,2010-02-25,13,6948.23,true,1891,78.8,Repeat customer,61–90 days,3
15823,2009-12-08,2009-12-01,2009-12-10,3,3882.17,true,51,2.12,Repeat customer,0–30 days,1
15924,2009-12-08,2009-12-01,,1,102.82,false,,,One-time customer,No repeat purchase,0
15971,2009-12-08,2009-12-01,2009-12-15,18,5902.83,true,175,7.29,Repeat customer,0–30 days,1
16013,2009-12-08,2009-12-01,2009-12-08,84,56078.44,true,1,0.03,Repeat customer,0–30 days,1
16029,2009-12-08,2009-12-01,2009-12-08,107,117763.62,true,1,0.03,Repeat customer,0–30 days,1
16204,2009-12-08,2009-12-01,2010-11-24,3,918.71,true,8422,350.89,Repeat customer,181+ days,5
16253,2009-12-08,2009-12-01,2010-01-19,7,7272.2,true,1002,41.75,Repeat customer,31–60 days,2
16400,2009-12-08,2009-12-01,2010-03-08,9,3059.85,true,2162,90.06,Repeat customer,91–180 days,4
16560,2009-12-08,2009-12-01,2009-12-17,8,3048.38,true,217,9.05,Repeat customer,0–30 days,1
16732,2009-12-08,2009-12-01,2010-04-07,4,4387.64,true,2877,119.91,Repeat customer,91–180 days,4
16735,2009-12-08,2009-12-01,2010-01-21,14,6217.41,true,1058,44.1,Repeat customer,31–60 days,2
16805,2009-12-08,2009-12-01,2009-12-14,5,1091.34,true,145,6.03,Repeat customer,0–30 days,1
16892,2009-12-08,2009-12-01,2010-06-03,7,754.75,true,4249,177.04,Repeat customer,91–180 days,4
16940,2009-12-08,2009-12-01,2010-02-16,8,6427.66,true,1679,69.99,Repeat customer,61–90 days,3
17047,2009-12-08,2009-12-01,2010-04-08,6,2289.23,true,2910,121.24,Repeat customer,91–180 days,4
17067,2009-12-08,2009-12-01,2009-12-08,3,454.54,true,0,0.0,Repeat customer,0–30 days,1
17178,2009-12-08,2009-12-01,,1,432.96,false,,,One-time customer,No repeat purchase,0
17188,2009-12-08,2009-12-01,2010-01-11,13,4592.93,true,812,33.85,Repeat customer,31–60 days,2
17230,2009-12-08,2009-12-01,2009-12-11,18,9388.49,true,69,2.89,Repeat customer,0–30 days,1
17268,2009-12-08,2009-12-01,2010-03-16,11,1733.89,true,2354,98.07,Repeat customer,91–180 days,4
17371,2009-12-08,2009-12-01,2009-12-08,6,655.37,true,0,0.01,Repeat customer,0–30 days,1
17852,2009-12-08,2009-12-01,2009-12-15,5,657.81,true,167,6.93,Repeat customer,0–30 days,1
17854,2009-12-08,2009-12-01,2010-07-13,6,1068.5,true,5209,217.06,Repeat customer,181+ days,5
17978,2009-12-08,2009-12-01,2010-01-11,4,1159.99,true,816,34.02,Repeat customer,31–60 days,2
18002,2009-12-08,2009-12-01,2010-03-30,4,244.37,true,2693,112.22,Repeat customer,91–180 days,4
18145,2009-12-08,2009-12-01,2010-01-05,11,5609.74,true,670,27.91,Repeat customer,0–30 days,1
18203,2009-12-08,2009-12-01,2010-06-07,4,492.52,true,4343,180.97,Repeat customer,181+ days,5
18259,2009-12-08,2009-12-01,2010-01-28,7,3941.9,true,1232,51.33,Repeat customer,31–60 days,2
18271,2009-12-08,2009-12-01,2010-04-09,2,680.85,true,2926,121.92,Repeat customer,91–180 days,4
18275,2009-12-08,2009-12-01,2010-05-10,2,741.85,true,3671,152.97,Repeat customer,91–180 days,4
12487,2009-12-09,2009-12-01,,1,285.3,false,,,One-time customer,No repeat purchase,0
12709,2009-12-09,2009-12-01,2009-12-09,34,30291.76,true,0,0.0,Repeat customer,0–30 days,1
12712,2009-12-09,2009-12-01,2010-02-05,21,6723.03,true,1391,57.94,Repeat customer,31–60 days,2
12917,2009-12-09,2009-12-01,2010-05-10,6,4359.2,true,3647,151.96,Repeat customer,91–180 days,4
12924,2009-12-09,2009-12-01,2009-12-09,12,2469.4,true,0,0.0,Repeat customer,0–30 days,1
13114,2009-12-09,2009-12-01,,1,234.38,false,,,One-time customer,No repeat purchase,0
13141,2009-12-09,2009-12-01,2010-01-25,17,7656.08,true,1128,47.01,Repeat customer,31–60 days,2
13202,2009-12-09,2009-12-01,2010-03-02,7,1580.3,true,1992,82.97,Repeat customer,61–90 days,3
13426,2009-12-09,2009-12-01,2009-12-16,22,8167.38,true,168,7.0,Repeat customer,0–30 days,1
13455,2009-12-09,2009-12-01,2009-12-22,6,2212.99,true,319,13.25,Repeat customer,0–30 days,1
13498,2009-12-09,2009-12-01,,1,327.38,false,,,One-time customer,No repeat purchase,0
13672,2009-12-09,2009-12-01,2011-01-11,3,419.92,true,9554,398.09,Repeat customer,181+ days,5
13727,2009-12-09,2009-12-01,2010-01-07,8,1074.15,true,694,28.93,Repeat customer,0–30 days,1
13728,2009-12-09,2009-12-01,2010-01-08,16,2855.17,true,714,29.75,Repeat customer,0–30 days,1
13768,2009-12-09,2009-12-01,2009-12-13,2,875.97,true,96,4.01,Repeat customer,0–30 days,1
13770,2009-12-09,2009-12-01,2010-03-04,4,785.37,true,2036,84.83,Repeat customer,61–90 days,3
13825,2009-12-09,2009-12-01,2010-03-28,2,255.59,true,2613,108.86,Repeat customer,91–180 days,4
13848,2009-12-09,2009-12-01,2010-03-21,8,3015,true,2444,101.82,Repeat customer,91–180 days,4
13983,2009-12-09,2009-12-01,2010-01-14,21,6753.89,true,867,36.1,Repeat customer,31–60 days,2
14107,2009-12-09,2009-12-01,2010-05-09,11,4877.3,true,3624,151.0,Repeat customer,91–180 days,4
14171,2009-12-09,2009-12-01,2011-09-02,2,498.79,true,15171,632.12,Repeat customer,181+ days,5
14173,2009-12-09,2009-12-01,2010-03-08,6,586,true,2137,89.03,Repeat customer,61–90 days,3
14211,2009-12-09,2009-12-01,2010-01-26,18,4402.29,true,1151,47.95,Repeat customer,31–60 days,2
14291,2009-12-09,2009-12-01,2010-03-28,23,7904.1,true,2619,109.12,Repeat customer,91–180 days,4
14505,2009-12-09,2009-12-01,2009-12-21,19,11879.08,true,289,12.02,Repeat customer,0–30 days,1
14593,2009-12-09,2009-12-01,2010-02-10,12,3665.53,true,1511,62.93,Repeat customer,61–90 days,3
14732,2009-12-09,2009-12-01,2009-12-16,19,5517.07,true,170,7.06,Repeat customer,0–30 days,1
14990,2009-12-09,2009-12-01,2010-04-06,2,304.17,true,2832,118.02,Repeat customer,91–180 days,4
15077,2009-12-09,2009-12-01,2010-08-02,2,2428.08,true,5658,235.75,Repeat customer,181+ days,5
15209,2009-12-09,2009-12-01,,1,178.98,false,,,One-time customer,No repeat purchase,0
15302,2009-12-09,2009-12-01,,1,308,false,,,One-time customer,No repeat purchase,0
15403,2009-12-09,2009-12-01,2010-08-05,2,170.88,true,5736,238.98,Repeat customer,181+ days,5
15441,2009-12-09,2009-12-01,2010-10-11,3,1254.21,true,7341,305.84,Repeat customer,181+ days,5
15911,2009-12-09,2009-12-01,2009-12-18,8,1700.24,true,214,8.92,Repeat customer,0–30 days,1
16186,2009-12-09,2009-12-01,2010-03-15,26,8718.43,true,2300,95.84,Repeat customer,91–180 days,4
16705,2009-12-09,2009-12-01,2010-01-19,42,43515.05,true,988,41.15,Repeat customer,31–60 days,2
16709,2009-12-09,2009-12-01,2010-02-03,14,9056.01,true,1344,56.01,Repeat customer,31–60 days,2
16755,2009-12-09,2009-12-01,2010-02-03,7,2864.68,true,1340,55.83,Repeat customer,31–60 days,2
16771,2009-12-09,2009-12-01,2010-02-04,10,3949.6,true,1369,57.01,Repeat customer,31–60 days,2
16782,2009-12-09,2009-12-01,2010-01-17,38,9636.12,true,936,38.96,Repeat customer,31–60 days,2
16802,2009-12-09,2009-12-01,2010-01-29,2,582.61,true,1224,51.03,Repeat customer,31–60 days,2
16912,2009-12-09,2009-12-01,2010-02-21,15,4460.51,true,1776,74.0,Repeat customer,61–90 days,3
16933,2009-12-09,2009-12-01,2010-01-20,9,3099.3,true,1007,41.96,Repeat customer,31–60 days,2
16945,2009-12-09,2009-12-01,2009-12-17,33,8548.16,true,193,8.05,Repeat customer,0–30 days,1
17043,2009-12-09,2009-12-01,2010-05-18,8,2593.65,true,3838,159.93,Repeat customer,91–180 days,4
17184,2009-12-09,2009-12-01,2010-05-19,2,198.41,true,3864,161.0,Repeat customer,91–180 days,4
17296,2009-12-09,2009-12-01,,1,338.13,false,,,One-time customer,No repeat purchase,0
17449,2009-12-09,2009-12-01,2010-03-07,13,4868.15,true,2114,88.08,Repeat customer,61–90 days,3
17631,2009-12-09,2009-12-01,2009-12-17,7,998.49,true,193,8.06,Repeat customer,0–30 days,1
17880,2009-12-09,2009-12-01,2010-03-10,3,824.92,true,2180,90.85,Repeat customer,91–180 days,4
17929,2009-12-09,2009-12-01,2010-02-28,12,3082.1,true,1946,81.08,Repeat customer,61–90 days,3
17954,2009-12-09,2009-12-01,2009-12-16,19,3804.38,true,167,6.96,Repeat customer,0–30 days,1
18051,2009-12-09,2009-12-01,2009-12-21,7,2282.28,true,285,11.89,Repeat customer,0–30 days,1
18065,2009-12-09,2009-12-01,2009-12-09,29,5866.63,true,0,0.0,Repeat customer,0–30 days,1
12933,2009-12-10,2009-12-01,2010-09-14,8,1636.63,true,6671,277.97,Repeat customer,181+ days,5
12978,2009-12-10,2009-12-01,2010-01-07,5,2502.82,true,672,28.0,Repeat customer,0–30 days,1
12979,2009-12-10,2009-12-01,,1,517.7,false,,,One-time customer,No repeat purchase,0
12989,2009-12-10,2009-12-01,2010-01-28,33,13551.75,true,1175,48.98,Repeat customer,31–60 days,2
13091,2009-12-10,2009-12-01,2009-12-10,3,2321.82,true,1,0.04,Repeat customer,0–30 days,1
13173,2009-12-10,2009-12-01,2010-01-07,11,2399.82,true,673,28.02,Repeat customer,0–30 days,1
13542,2009-12-10,2009-12-01,2009-12-20,17,3959.49,true,232,9.66,Repeat customer,0–30 days,1
13831,2009-12-10,2009-12-01,2009-12-16,18,6585.54,true,142,5.91,Repeat customer,0–30 days,1
14030,2009-12-10,2009-12-01,2009-12-10,20,7521.8,true,1,0.05,Repeat customer,0–30 days,1
14043,2009-12-10,2009-12-01,2010-08-05,2,302.6,true,5715,238.1,Repeat customer,181+ days,5
14062,2009-12-10,2009-12-01,2009-12-14,24,25585.65,true,97,4.03,Repeat customer,0–30 days,1
14081,2009-12-10,2009-12-01,2010-01-12,10,4867.57,true,789,32.89,Repeat customer,31–60 days,2
14099,2009-12-10,2009-12-01,2010-01-29,20,5750.91,true,1203,50.11,Repeat customer,31–60 days,2
14134,2009-12-10,2009-12-01,2009-12-15,15,11123.35,true,129,5.38,Repeat customer,0–30 days,1
14293,2009-12-10,2009-12-01,2009-12-22,9,2903.01,true,287,11.93,Repeat customer,0–30 days,1
14507,2009-12-10,2009-12-01,2010-02-28,11,3216.74,true,1915,79.8,Repeat customer,61–90 days,3
14626,2009-12-10,2009-12-01,2010-01-07,11,5410.92,true,669,27.85,Repeat customer,0–30 days,1
14648,2009-12-10,2009-12-01,2010-02-04,15,4466.65,true,1344,55.98,Repeat customer,31–60 days,2
14702,2009-12-10,2009-12-01,2009-12-17,29,6368.78,true,167,6.97,Repeat customer,0–30 days,1
14895,2009-12-10,2009-12-01,2009-12-11,38,25119.54,true,22,0.92,Repeat customer,0–30 days,1
14942,2009-12-10,2009-12-01,2010-03-11,4,746.56,true,2186,91.08,Repeat customer,91–180 days,4
15032,2009-12-10,2009-12-01,2010-04-15,8,11010.05,true,3023,125.97,Repeat customer,91–180 days,4
15039,2009-12-10,2009-12-01,2009-12-15,93,39141.48,true,120,4.99,Repeat customer,0–30 days,1
15085,2009-12-10,2009-12-01,,1,347.54,false,,,One-time customer,No repeat purchase,0
15157,2009-12-10,2009-12-01,2010-05-19,5,2654.11,true,3839,159.95,Repeat customer,91–180 days,4
15367,2009-12-10,2009-12-01,2010-03-02,11,5081.33,true,1968,82.01,Repeat customer,61–90 days,3
15465,2009-12-10,2009-12-01,2010-01-08,32,12100.4,true,701,29.19,Repeat customer,0–30 days,1
15494,2009-12-10,2009-12-01,2010-07-07,5,3702.6,true,5009,208.74,Repeat customer,181+ days,5
15573,2009-12-10,2009-12-01,2010-02-25,5,1188.42,true,1845,76.89,Repeat customer,61–90 days,3
15623,2009-12-10,2009-12-01,2010-01-19,8,2437.05,true,956,39.83,Repeat customer,31–60 days,2
15642,2009-12-10,2009-12-01,,1,105.78,false,,,One-time customer,No repeat purchase,0
15738,2009-12-10,2009-12-01,2010-01-11,41,13043.32,true,762,31.75,Repeat customer,31–60 days,2
15805,2009-12-10,2009-12-01,2010-01-26,30,10148.93,true,1127,46.95,Repeat customer,31–60 days,2
15841,2009-12-10,2009-12-01,2009-12-20,9,2742.41,true,242,10.07,Repeat customer,0–30 days,1
15854,2009-12-10,2009-12-01,2010-04-07,21,5578.28,true,2832,118.03,Repeat customer,91–180 days,4
15858,2009-12-10,2009-12-01,2009-12-18,13,3552.41,true,191,7.97,Repeat customer,0–30 days,1
15882,2009-12-10,2009-12-01,2010-02-01,8,1124.66,true,1274,53.06,Repeat customer,31–60 days,2
15889,2009-12-10,2009-12-01,2009-12-17,8,1427.6,true,169,7.05,Repeat customer,0–30 days,1
15912,2009-12-10,2009-12-01,2009-12-10,9,1074.7,true,1,0.0,Repeat customer,0–30 days,1
15916,2009-12-10,2009-12-01,2010-01-17,13,3145.24,true,911,37.95,Repeat customer,31–60 days,2
16143,2009-12-10,2009-12-01,2010-02-18,12,4555.08,true,1682,70.05,Repeat customer,61–90 days,3
16459,2009-12-10,2009-12-01,,1,71.79,false,,,One-time customer,No repeat purchase,0
16596,2009-12-10,2009-12-01,2010-01-19,4,458.98,true,959,39.98,Repeat customer,31–60 days,2
16663,2009-12-10,2009-12-01,,1,165,false,,,One-time customer,No repeat purchase,0
16670,2009-12-10,2009-12-01,2010-01-18,20,8030.15,true,933,38.87,Repeat customer,31–60 days,2
16748,2009-12-10,2009-12-01,2010-02-09,14,3637.33,true,1462,60.93,Repeat customer,61–90 days,3
16798,2009-12-10,2009-12-01,2010-03-07,3,841.16,true,2081,86.69,Repeat customer,61–90 days,3
16843,2009-12-10,2009-12-01,2010-02-02,35,19571.43,true,1301,54.19,Repeat customer,31–60 days,2
16901,2009-12-10,2009-12-01,,1,204.26,false,,,One-time customer,No repeat purchase,0
16905,2009-12-10,2009-12-01,2010-01-28,17,4706.77,true,1168,48.68,Repeat customer,31–60 days,2
16985,2009-12-10,2009-12-01,2009-12-14,23,10923.16,true,99,4.1,Repeat customer,0–30 days,1
17027,2009-12-10,2009-12-01,2010-02-24,9,1310.63,true,1825,76.07,Repeat customer,61–90 days,3
17032,2009-12-10,2009-12-01,2010-01-14,8,2984.32,true,840,35.01,Repeat customer,31–60 days,2
17351,2009-12-10,2009-12-01,2010-01-20,12,1988.23,true,980,40.83,Repeat customer,31–60 days,2
17388,2009-12-10,2009-12-01,2010-05-11,11,2675.37,true,3647,151.97,Repeat customer,91–180 days,4
17512,2009-12-10,2009-12-01,2010-03-18,18,5467.82,true,2347,97.8,Repeat customer,91–180 days,4
17603,2009-12-10,2009-12-01,2010-01-29,4,1788.38,true,1208,50.32,Repeat customer,31–60 days,2
17675,2009-12-10,2009-12-01,2009-12-15,70,37642.48,true,117,4.89,Repeat customer,0–30 days,1
17696,2009-12-10,2009-12-01,2009-12-21,27,7679.59,true,259,10.8,Repeat customer,0–30 days,1
17861,2009-12-10,2009-12-01,2010-01-05,18,5088.29,true,625,26.04,Repeat customer,0–30 days,1
18276,2009-12-10,2009-12-01,2010-04-20,6,1656.52,true,3137,130.73,Repeat customer,91–180 days,4
12854,2009-12-11,2009-12-01,2010-02-23,7,2970.97,true,1778,74.07,Repeat customer,61–90 days,3
12957,2009-12-11,2009-12-01,2010-03-11,13,8706.97,true,2161,90.07,Repeat customer,91–180 days,4
13077,2009-12-11,2009-12-01,2009-12-17,11,2740.65,true,149,6.22,Repeat customer,0–30 days,1
13415,2009-12-11,2009-12-01,2010-03-19,4,784.17,true,2352,98.03,Repeat customer,91–180 days,4
13418,2009-12-11,2009-12-01,2010-03-11,31,11559.66,true,2161,90.02,Repeat customer,91–180 days,4
13668,2009-12-11,2009-12-01,2010-01-20,35,12948.48,true,958,39.9,Repeat customer,31–60 days,2
13953,2009-12-11,2009-12-01,2010-02-04,12,6640.68,true,1320,54.98,Repeat customer,31–60 days,2
14130,2009-12-11,2009-12-01,2010-10-18,4,1858.77,true,7460,310.85,Repeat customer,181+ days,5
14191,2009-12-11,2009-12-01,2010-11-10,15,4817.66,true,8018,334.07,Repeat customer,181+ days,5
14298,2009-12-11,2009-12-01,2009-12-11,82,91194.49,true,2,0.08,Repeat customer,0–30 days,1
14519,2009-12-11,2009-12-01,2010-01-25,2,203.14,true,1081,45.03,Repeat customer,31–60 days,2
14577,2009-12-11,2009-12-01,2010-01-27,7,1364.15,true,1128,47.0,Repeat customer,31–60 days,2
14643,2009-12-11,2009-12-01,2010-03-22,5,1679.89,true,2428,101.16,Repeat customer,91–180 days,4
14790,2009-12-11,2009-12-01,2009-12-20,10,2526.62,true,215,8.97,Repeat customer,0–30 days,1
15197,2009-12-11,2009-12-01,2010-09-27,6,1877.51,true,6962,290.07,Repeat customer,181+ days,5
15769,2009-12-11,2009-12-01,2010-01-11,46,88612.52,true,744,31.0,Repeat customer,31–60 days,2
15898,2009-12-11,2009-12-01,2010-01-14,25,4996.45,true,813,33.87,Repeat customer,31–60 days,2
16191,2009-12-11,2009-12-01,2010-06-11,24,15677.82,true,4366,181.93,Repeat customer,181+ days,5
16293,2009-12-11,2009-12-01,2010-05-19,15,4279.2,true,3817,159.02,Repeat customer,91–180 days,4
16365,2009-12-11,2009-12-01,2010-03-18,15,3167.34,true,2328,97.0,Repeat customer,91–180 days,4
16470,2009-12-11,2009-12-01,2010-04-19,11,2416.85,true,3096,129.0,Repeat customer,91–180 days,4
16952,2009-12-11,2009-12-01,2010-09-07,5,795.83,true,6481,270.03,Repeat customer,181+ days,5
17165,2009-12-11,2009-12-01,2010-01-12,6,1794.32,true,774,32.27,Repeat customer,31–60 days,2
17344,2009-12-11,2009-12-01,2011-10-24,2,457.36,true,16368,682.02,Repeat customer,181+ days,5
17409,2009-12-11,2009-12-01,2010-01-22,10,7793.51,true,1005,41.89,Repeat customer,31–60 days,2
17487,2009-12-11,2009-12-01,,1,160.55,false,,,One-time customer,No repeat purchase,0
17754,2009-12-11,2009-12-01,2010-01-05,13,4451.22,true,600,25.0,Repeat customer,0–30 days,1
17860,2009-12-11,2009-12-01,2009-12-11,4,717.39,true,0,0.0,Repeat customer,0–30 days,1
17958,2009-12-11,2009-12-01,2011-08-15,2,973.88,true,14685,611.86,Repeat customer,181+ days,5
18172,2009-12-11,2009-12-01,2010-02-16,52,17467.24,true,1609,67.01,Repeat customer,61–90 days,3
18268,2009-12-11,2009-12-01,2010-01-14,6,1490.23,true,815,33.96,Repeat customer,31–60 days,2
12664,2009-12-13,2009-12-01,2010-07-13,11,6070.04,true,5091,212.13,Repeat customer,181+ days,5
12681,2009-12-13,2009-12-01,2010-01-08,45,29834.76,true,624,25.99,Repeat customer,0–30 days,1
12683,2009-12-13,2009-12-01,2009-12-20,21,11633.7,true,168,7.03,Repeat customer,0–30 days,1
12843,2009-12-13,2009-12-01,2010-01-27,30,6583.36,true,1086,45.23,Repeat customer,31–60 days,2
13026,2009-12-13,2009-12-01,2010-03-07,9,1733.08,true,2020,84.16,Repeat customer,61–90 days,3
13087,2009-12-13,2009-12-01,,1,313.64,false,,,One-time customer,No repeat purchase,0
13317,2009-12-13,2009-12-01,2010-02-17,19,6486.09,true,1587,66.15,Repeat customer,61–90 days,3
13735,2009-12-13,2009-12-01,2010-01-21,13,9762.77,true,936,39.0,Repeat customer,31–60 days,2
14161,2009-12-13,2009-12-01,2010-03-14,7,2996.93,true,2185,91.04,Repeat customer,91–180 days,4
14277,2009-12-13,2009-12-01,2010-01-13,9,17197.61,true,743,30.96,Repeat customer,31–60 days,2
14466,2009-12-13,2009-12-01,2010-01-14,13,4267.15,true,765,31.85,Repeat customer,31–60 days,2
14514,2009-12-13,2009-12-01,2010-01-25,9,4380.04,true,1032,43.0,Repeat customer,31–60 days,2
14525,2009-12-13,2009-12-01,2010-01-19,17,8026.54,true,886,36.95,Repeat customer,31–60 days,2
14685,2009-12-13,2009-12-01,2009-12-13,8,4536.64,true,1,0.03,Repeat customer,0–30 days,1
14751,2009-12-13,2009-12-01,2010-01-24,2,126.45,true,1007,41.98,Repeat customer,31–60 days,2
15144,2009-12-13,2009-12-01,2010-02-24,29,12160.31,true,1753,73.05,Repeat customer,61–90 days,3
15169,2009-12-13,2009-12-01,2010-11-22,2,569.22,true,8258,344.07,Repeat customer,181+ days,5
15196,2009-12-13,2009-12-01,2010-10-03,2,313.7,true,7055,293.98,Repeat customer,181+ days,5
15446,2009-12-13,2009-12-01,2010-03-21,3,399.75,true,2350,97.89,Repeat customer,91–180 days,4
15503,2009-12-13,2009-12-01,2010-12-12,2,257.3,true,8735,363.97,Repeat customer,181+ days,5
15562,2009-12-13,2009-12-01,2010-10-11,3,671.43,true,7243,301.8,Repeat customer,181+ days,5
15577,2009-12-13,2009-12-01,2009-12-16,5,396.03,true,70,2.94,Repeat customer,0–30 days,1
15628,2009-12-13,2009-12-01,2010-02-11,17,5333.08,true,1436,59.85,Repeat customer,31–60 days,2
15850,2009-12-13,2009-12-01,2010-06-21,6,1006.75,true,4561,190.03,Repeat customer,181+ days,5
15944,2009-12-13,2009-12-01,2010-08-11,4,2164.24,true,5786,241.07,Repeat customer,181+ days,5
15956,2009-12-13,2009-12-01,2010-06-06,2,617.6,true,4202,175.08,Repeat customer,91–180 days,4
16127,2009-12-13,2009-12-01,2011-10-31,2,801.31,true,16489,687.07,Repeat customer,181+ days,5
16409,2009-12-13,2009-12-01,2010-02-16,12,5652.74,true,1560,65.0,Repeat customer,61–90 days,3
16442,2009-12-13,2009-12-01,2010-04-14,5,891.98,true,2930,122.1,Repeat customer,91–180 days,4
16551,2009-12-13,2009-12-01,2010-02-08,7,2237.12,true,1367,56.98,Repeat customer,31–60 days,2
16719,2009-12-13,2009-12-01,2010-01-26,14,3513.62,true,1056,43.97,Repeat customer,31–60 days,2
16725,2009-12-13,2009-12-01,2010-08-22,14,1688.26,true,6044,251.83,Repeat customer,181+ days,5
16830,2009-12-13,2009-12-01,2010-02-02,4,1207.5,true,1220,50.87,Repeat customer,31–60 days,2
17066,2009-12-13,2009-12-01,,1,228.34,false,,,One-time customer,No repeat purchase,0
17172,2009-12-13,2009-12-01,2010-10-05,3,956.57,true,7105,296.01,Repeat customer,181+ days,5
17211,2009-12-13,2009-12-01,2009-12-20,13,3773.35,true,167,6.97,Repeat customer,0–30 days,1
17290,2009-12-13,2009-12-01,2010-03-26,8,1487.96,true,2472,102.99,Repeat customer,91–180 days,4
17539,2009-12-13,2009-12-01,2010-01-10,4,1176.84,true,671,27.94,Repeat customer,0–30 days,1
17799,2009-12-13,2009-12-01,2010-01-22,20,6246.93,true,960,40.02,Repeat customer,31–60 days,2
17802,2009-12-13,2009-12-01,2009-12-13,10,4946.22,true,1,0.02,Repeat customer,0–30 days,1
17819,2009-12-13,2009-12-01,2009-12-23,12,6021.05,true,241,10.07,Repeat customer,0–30 days,1
17910,2009-12-13,2009-12-01,,1,261.7,false,,,One-time customer,No repeat purchase,0
12346,2009-12-14,2009-12-01,2009-12-14,12,77556.46,true,3,0.1,Repeat customer,0–30 days,1
12439,2009-12-14,2009-12-01,2010-01-26,2,1142.88,true,1036,43.15,Repeat customer,31–60 days,2
12472,2009-12-14,2009-12-01,2010-02-08,19,16249.29,true,1344,55.99,Repeat customer,31–60 days,2
12613,2009-12-14,2009-12-01,2010-04-09,10,6817.37,true,2785,116.04,Repeat customer,91–180 days,4
12920,2009-12-14,2009-12-01,2009-12-14,4,486.64,true,0,0.0,Repeat customer,0–30 days,1
12926,2009-12-14,2009-12-01,2010-03-02,4,1523.97,true,1874,78.08,Repeat customer,61–90 days,3
12992,2009-12-14,2009-12-01,,1,93.35,false,,,One-time customer,No repeat purchase,0
13000,2009-12-14,2009-12-01,2010-12-10,4,1032.5,true,8657,360.72,Repeat customer,181+ days,5
13013,2009-12-14,2009-12-01,2010-03-09,29,11097.43,true,2040,84.99,Repeat customer,61–90 days,3
13462,2009-12-14,2009-12-01,2010-01-19,5,1153.85,true,865,36.04,Repeat customer,31–60 days,2
13577,2009-12-14,2009-12-01,2009-12-15,11,3489.28,true,19,0.82,Repeat customer,0–30 days,1
13591,2009-12-14,2009-12-01,2010-04-15,7,2093.94,true,2930,122.07,Repeat customer,91–180 days,4
13872,2009-12-14,2009-12-01,2010-03-23,3,919.57,true,2380,99.15,Repeat customer,91–180 days,4
14032,2009-12-14,2009-12-01,2009-12-21,16,4546.41,true,169,7.06,Repeat customer,0–30 days,1
14042,2009-12-14,2009-12-01,,1,431.98,false,,,One-time customer,No repeat purchase,0
14401,2009-12-14,2009-12-01,2009-12-18,22,6795.9,true,98,4.07,Repeat customer,0–30 days,1
14796,2009-12-14,2009-12-01,2010-01-29,27,10169.33,true,1100,45.87,Repeat customer,31–60 days,2
14977,2009-12-14,2009-12-01,,1,31.93,false,,,One-time customer,No repeat purchase,0
15015,2009-12-14,2009-12-01,2010-01-13,13,2354.97,true,720,29.99,Repeat customer,0–30 days,1
15188,2009-12-14,2009-12-01,,1,310.43,false,,,One-time customer,No repeat purchase,0
15329,2009-12-14,2009-12-01,2010-03-19,11,2958.83,true,2281,95.05,Repeat customer,91–180 days,4
15534,2009-12-14,2009-12-01,,1,162.25,false,,,One-time customer,No repeat purchase,0
15640,2009-12-14,2009-12-01,2010-01-08,29,23494.31,true,600,25.0,Repeat customer,0–30 days,1
15672,2009-12-14,2009-12-01,,1,45.3,false,,,One-time customer,No repeat purchase,0
15867,2009-12-14,2009-12-01,2010-01-04,31,8923.3,true,505,21.04,Repeat customer,0–30 days,1
15920,2009-12-14,2009-12-01,2009-12-14,9,569.14,true,0,0.0,Repeat customer,0–30 days,1
16019,2009-12-14,2009-12-01,2009-12-17,27,17329.16,true,71,2.99,Repeat customer,0–30 days,1
16064,2009-12-14,2009-12-01,,1,109.31,false,,,One-time customer,No repeat purchase,0
16125,2009-12-14,2009-12-01,2010-01-22,14,4292.35,true,934,38.9,Repeat customer,31–60 days,2
16190,2009-12-14,2009-12-01,2010-04-19,8,2723.55,true,3027,126.11,Repeat customer,91–180 days,4
16280,2009-12-14,2009-12-01,,1,238.05,false,,,One-time customer,No repeat purchase,0
16327,2009-12-14,2009-12-01,2010-01-22,16,10159.64,true,938,39.08,Repeat customer,31–60 days,2
16769,2009-12-14,2009-12-01,2009-12-14,4,1117.05,true,0,0.01,Repeat customer,0–30 days,1
17012,2009-12-14,2009-12-01,,1,360.61,false,,,One-time customer,No repeat purchase,0
17075,2009-12-14,2009-12-01,2010-01-26,10,2236.63,true,1034,43.1,Repeat customer,31–60 days,2
17318,2009-12-14,2009-12-01,,1,157.33,false,,,One-time customer,No repeat purchase,0
17416,2009-12-14,2009-12-01,2010-04-06,22,17298.45,true,2705,112.73,Repeat customer,91–180 days,4
17623,2009-12-14,2009-12-01,2010-05-19,7,2365.77,true,3743,155.96,Repeat customer,91–180 days,4
17825,2009-12-14,2009-12-01,2009-12-14,4,701.96,true,0,0.0,Repeat customer,0–30 days,1
17866,2009-12-14,2009-12-01,2010-08-12,3,1134.95,true,5780,240.86,Repeat customer,181+ days,5
17908,2009-12-14,2009-12-01,2010-04-20,5,1142.47,true,3047,126.98,Repeat customer,91–180 days,4
17965,2009-12-14,2009-12-01,2010-01-06,29,7006.65,true,552,23.03,Repeat customer,0–30 days,1
12941,2009-12-15,2009-12-01,,1,377.49,false,,,One-time customer,No repeat purchase,0
12956,2009-12-15,2009-12-01,2009-12-16,4,521.89,true,16,0.67,Repeat customer,0–30 days,1
12971,2009-12-15,2009-12-01,2010-01-08,116,15704.6,true,570,23.78,Repeat customer,0–30 days,1
13004,2009-12-15,2009-12-01,2010-01-04,36,11650.85,true,485,20.2,Repeat customer,0–30 days,1
13050,2009-12-15,2009-12-01,2010-01-14,35,11986.52,true,719,29.98,Repeat customer,0–30 days,1
13405,2009-12-15,2009-12-01,2010-05-19,6,1213.81,true,3720,155.01,Repeat customer,91–180 days,4
13473,2009-12-15,2009-12-01,2010-03-02,8,2657.76,true,1844,76.85,Repeat customer,61–90 days,3
13711,2009-12-15,2009-12-01,2010-01-07,9,1792.26,true,551,22.98,Repeat customer,0–30 days,1
13756,2009-12-15,2009-12-01,2010-01-20,23,8655.95,true,865,36.03,Repeat customer,31–60 days,2
13823,2009-12-15,2009-12-01,2010-02-05,7,3403.45,true,1243,51.8,Repeat customer,31–60 days,2
13902,2009-12-15,2009-12-01,2010-01-21,5,34095.26,true,893,37.21,Repeat customer,31–60 days,2
14460,2009-12-15,2009-12-01,2010-02-09,9,1093.5,true,1340,55.86,Repeat customer,31–60 days,2
14607,2009-12-15,2009-12-01,2010-02-04,22,23763.13,true,1223,50.98,Repeat customer,31–60 days,2
14897,2009-12-15,2009-12-01,2010-04-26,8,3140.54,true,3160,131.67,Repeat customer,91–180 days,4
14966,2009-12-15,2009-12-01,2009-12-16,6,1064.26,true,22,0.92,Repeat customer,0–30 days,1
15070,2009-12-15,2009-12-01,2010-04-27,3,737.05,true,3194,133.06,Repeat customer,91–180 days,4
15393,2009-12-15,2009-12-01,2010-01-15,5,891.34,true,742,30.9,Repeat customer,31–60 days,2
15394,2009-12-15,2009-12-01,2010-05-23,11,5286.8,true,3811,158.81,Repeat customer,91–180 days,4
15527,2009-12-15,2009-12-01,2010-01-10,23,5554.89,true,619,25.79,Repeat customer,0–30 days,1
15566,2009-12-15,2009-12-01,2010-11-12,2,227.87,true,7966,331.89,Repeat customer,181+ days,5
15637,2009-12-15,2009-12-01,2010-03-09,5,797.59,true,2009,83.67,Repeat customer,61–90 days,3
15785,2009-12-15,2009-12-01,2010-01-29,16,5969.93,true,1076,44.84,Repeat customer,31–60 days,2
15812,2009-12-15,2009-12-01,2010-01-20,12,5201.47,true,863,35.95,Repeat customer,31–60 days,2
15838,2009-12-15,2009-12-01,2010-03-09,34,73205.5,true,2018,84.09,Repeat customer,61–90 days,3
16098,2009-12-15,2009-12-01,2010-02-16,14,4010.7,true,1513,63.03,Repeat customer,61–90 days,3
16308,2009-12-15,2009-12-01,2010-06-14,7,5120,true,4340,180.83,Repeat customer,181+ days,5
16554,2009-12-15,2009-12-01,2010-03-25,8,2841.72,true,2402,100.07,Repeat customer,91–180 days,4
16605,2009-12-15,2009-12-01,,1,60.48,false,,,One-time customer,No repeat purchase,0
16713,2009-12-15,2009-12-01,2009-12-15,32,14115.56,true,0,0.01,Repeat customer,0–30 days,1
16749,2009-12-15,2009-12-01,2010-04-27,2,4157.88,true,3191,132.96,Repeat customer,91–180 days,4
16858,2009-12-15,2009-12-01,2010-01-12,10,4292.59,true,676,28.2,Repeat customer,0–30 days,1
17082,2009-12-15,2009-12-01,2009-12-15,6,4732.03,true,0,0.0,Repeat customer,0–30 days,1
17095,2009-12-15,2009-12-01,2010-03-18,7,2572.25,true,2233,93.04,Repeat customer,91–180 days,4
17213,2009-12-15,2009-12-01,2009-12-21,13,4869.4,true,146,6.09,Repeat customer,0–30 days,1
17233,2009-12-15,2009-12-01,2010-09-17,3,560.86,true,6625,276.05,Repeat customer,181+ days,5
17251,2009-12-15,2009-12-01,2010-11-22,3,798.98,true,8208,342.0,Repeat customer,181+ days,5
17262,2009-12-15,2009-12-01,2010-04-28,11,2488.76,true,3220,134.15,Repeat customer,91–180 days,4
17368,2009-12-15,2009-12-01,2010-06-14,14,2758.29,true,4340,180.82,Repeat customer,181+ days,5
17572,2009-12-15,2009-12-01,2010-04-26,10,652.21,true,3168,132.02,Repeat customer,91–180 days,4
17596,2009-12-15,2009-12-01,2010-03-16,13,4491.46,true,2187,91.12,Repeat customer,91–180 days,4
17625,2009-12-15,2009-12-01,2010-01-31,8,5978.9,true,1128,47.0,Repeat customer,31–60 days,2
17797,2009-12-15,2009-12-01,2010-01-27,8,1971.87,true,1030,42.91,Repeat customer,31–60 days,2
17816,2009-12-15,2009-12-01,2010-02-19,6,96.11,true,1582,65.93,Repeat customer,61–90 days,3
18177,2009-12-15,2009-12-01,2010-03-21,9,2216.32,true,2301,95.85,Repeat customer,91–180 days,4
18220,2009-12-15,2009-12-01,2010-05-06,6,1921.76,true,3407,141.93,Repeat customer,91–180 days,4
18260,2009-12-15,2009-12-01,2010-04-28,23,9947.26,true,3218,134.05,Repeat customer,91–180 days,4
12586,2009-12-16,2009-12-01,2010-10-21,4,2062.67,true,7412,308.86,Repeat customer,181+ days,5
12867,2009-12-16,2009-12-01,2010-02-14,13,7829.26,true,1438,59.92,Repeat customer,31–60 days,2
13008,2009-12-16,2009-12-01,2010-11-07,3,612.13,true,7818,325.77,Repeat customer,181+ days,5
13047,2009-12-16,2009-12-01,2010-01-08,24,8428.53,true,550,22.9,Repeat customer,0–30 days,1
13074,2009-12-16,2009-12-01,2010-01-19,4,1378.74,true,815,33.93,Repeat customer,31–60 days,2
13178,2009-12-16,2009-12-01,2010-01-17,21,14059.19,true,769,32.06,Repeat customer,31–60 days,2
13289,2009-12-16,2009-12-01,,1,307.95,false,,,One-time customer,No repeat purchase,0
13403,2009-12-16,2009-12-01,2010-11-17,3,229.5,true,8062,335.93,Repeat customer,181+ days,5
13769,2009-12-16,2009-12-01,2010-02-19,20,5478.12,true,1559,64.95,Repeat customer,61–90 days,3
13941,2009-12-16,2009-12-01,2010-01-27,15,10027.18,true,1003,41.82,Repeat customer,31–60 days,2
13952,2009-12-16,2009-12-01,2010-02-18,14,12823.52,true,1545,64.36,Repeat customer,61–90 days,3
14055,2009-12-16,2009-12-01,2010-05-11,3,1520.96,true,3499,145.8,Repeat customer,91–180 days,4
14092,2009-12-16,2009-12-01,2010-01-13,24,7229.45,true,668,27.83,Repeat customer,0–30 days,1
14329,2009-12-16,2009-12-01,2010-01-25,15,9887.62,true,954,39.75,Repeat customer,31–60 days,2
14415,2009-12-16,2009-12-01,2010-02-12,23,11980.09,true,1392,58.03,Repeat customer,31–60 days,2
14625,2009-12-16,2009-12-01,2010-01-28,11,4497.88,true,1028,42.82,Repeat customer,31–60 days,2
14769,2009-12-16,2009-12-01,2010-01-08,17,15514.11,true,552,22.99,Repeat customer,0–30 days,1
14869,2009-12-16,2009-12-01,2010-02-14,6,2778.14,true,1444,60.16,Repeat customer,61–90 days,3
15044,2009-12-16,2009-12-01,2009-12-23,35,16024.15,true,164,6.84,Repeat customer,0–30 days,1
15055,2009-12-16,2009-12-01,2010-04-25,3,549.12,true,3118,129.91,Repeat customer,91–180 days,4
15184,2009-12-16,2009-12-01,2010-11-17,4,685.39,true,8064,336.02,Repeat customer,181+ days,5
15222,2009-12-16,2009-12-01,2010-01-14,11,3550.91,true,698,29.07,Repeat customer,0–30 days,1
15312,2009-12-16,2009-12-01,2010-01-14,12,2930.19,true,697,29.04,Repeat customer,0–30 days,1
15498,2009-12-16,2009-12-01,2010-02-21,44,24972.86,true,1604,66.83,Repeat customer,61–90 days,3
15499,2009-12-16,2009-12-01,,1,158.65,false,,,One-time customer,No repeat purchase,0
15713,2009-12-16,2009-12-01,2010-03-30,4,839.64,true,2497,104.03,Repeat customer,91–180 days,4
16119,2009-12-16,2009-12-01,2010-05-02,8,1720.81,true,3290,137.06,Repeat customer,91–180 days,4
16195,2009-12-16,2009-12-01,,1,323.25,false,,,One-time customer,No repeat purchase,0
16197,2009-12-16,2009-12-01,2010-03-29,9,2016.71,true,2476,103.14,Repeat customer,91–180 days,4
16366,2009-12-16,2009-12-01,2010-01-28,4,1548.13,true,1035,43.1,Repeat customer,31–60 days,2
16569,2009-12-16,2009-12-01,2010-01-11,5,1455.23,true,623,25.99,Repeat customer,0–30 days,1
16694,2009-12-16,2009-12-01,,1,98.3,false,,,One-time customer,No repeat purchase,0
16742,2009-12-16,2009-12-01,2010-01-26,14,2799.87,true,978,40.77,Repeat customer,31–60 days,2
17091,2009-12-16,2009-12-01,2010-02-15,19,7495.75,true,1459,60.8,Repeat customer,61–90 days,3
17402,2009-12-16,2009-12-01,2009-12-16,23,4635.56,true,0,0.0,Repeat customer,0–30 days,1
17469,2009-12-16,2009-12-01,2010-01-14,17,5051.25,true,691,28.83,Repeat customer,0–30 days,1
17646,2009-12-16,2009-12-01,2010-01-28,12,3898.79,true,1037,43.2,Repeat customer,31–60 days,2
17677,2009-12-16,2009-12-01,2009-12-16,54,35058.46,true,0,0.0,Repeat customer,0–30 days,1
17776,2009-12-16,2009-12-01,2010-11-18,2,330.56,true,8086,336.89,Repeat customer,181+ days,5
17833,2009-12-16,2009-12-01,,1,338.46,false,,,One-time customer,No repeat purchase,0
17873,2009-12-16,2009-12-01,2009-12-16,18,6265.33,true,0,0.01,Repeat customer,0–30 days,1
18012,2009-12-16,2009-12-01,,1,115.3,false,,,One-time customer,No repeat purchase,0
18144,2009-12-16,2009-12-01,2010-04-13,19,4892.95,true,2830,117.9,Repeat customer,91–180 days,4
18286,2009-12-16,2009-12-01,2010-08-20,2,1296.43,true,5929,247.05,Repeat customer,181+ days,5
12557,2009-12-17,2009-12-01,2010-06-11,8,18096.14,true,4229,176.19,Repeat customer,91–180 days,4
13039,2009-12-17,2009-12-01,2010-03-31,4,1010.73,true,2495,103.95,Repeat customer,91–180 days,4
13203,2009-12-17,2009-12-01,2010-03-18,10,2648.25,true,2186,91.09,Repeat customer,91–180 days,4
13225,2009-12-17,2009-12-01,2010-02-15,16,16260.07,true,1442,60.11,Repeat customer,61–90 days,3
13266,2009-12-17,2009-12-01,2010-03-04,19,6135.04,true,1849,77.03,Repeat customer,61–90 days,3
13427,2009-12-17,2009-12-01,2010-06-18,6,1006.53,true,4388,182.82,Repeat customer,181+ days,5
13520,2009-12-17,2009-12-01,2010-02-11,11,6606,true,1342,55.94,Repeat customer,31–60 days,2
13875,2009-12-17,2009-12-01,2010-02-04,14,4814.37,true,1176,49.0,Repeat customer,31–60 days,2
14095,2009-12-17,2009-12-01,,1,2.95,false,,,One-time customer,No repeat purchase,0
14422,2009-12-17,2009-12-01,2010-01-05,19,10271.52,true,457,19.06,Repeat customer,0–30 days,1
14484,2009-12-17,2009-12-01,2010-03-12,4,1070.98,true,2040,84.98,Repeat customer,61–90 days,3
15270,2009-12-17,2009-12-01,2009-12-17,21,8524.86,true,0,0.0,Repeat customer,0–30 days,1
15428,2009-12-17,2009-12-01,2010-03-12,4,762.75,true,2038,84.89,Repeat customer,61–90 days,3
15862,2009-12-17,2009-12-01,2009-12-17,13,2512.29,true,0,0.0,Repeat customer,0–30 days,1
15863,2009-12-17,2009-12-01,2010-01-22,5,355.1,true,868,36.16,Repeat customer,31–60 days,2
15879,2009-12-17,2009-12-01,2010-05-19,4,1137.8,true,3670,152.91,Repeat customer,91–180 days,4
16150,2009-12-17,2009-12-01,2010-03-16,10,4002.17,true,2135,88.95,Repeat customer,61–90 days,3
16439,2009-12-17,2009-12-01,,1,310.7,false,,,One-time customer,No repeat purchase,0
16661,2009-12-17,2009-12-01,2010-04-23,4,932.76,true,3044,126.83,Repeat customer,91–180 days,4
16720,2009-12-17,2009-12-01,2010-11-28,3,758.74,true,8301,345.87,Repeat customer,181+ days,5
16908,2009-12-17,2009-12-01,,1,252.59,false,,,One-time customer,No repeat purchase,0
17103,2009-12-17,2009-12-01,,1,424.3,false,,,One-time customer,No repeat purchase,0
17400,2009-12-17,2009-12-01,2010-02-19,8,4623.28,true,1538,64.08,Repeat customer,61–90 days,3
17526,2009-12-17,2009-12-01,2010-01-21,12,3939.24,true,833,34.72,Repeat customer,31–60 days,2
17612,2009-12-17,2009-12-01,2010-01-28,18,5394.86,true,1014,42.22,Repeat customer,31–60 days,2
17662,2009-12-17,2009-12-01,2010-02-16,2,412.92,true,1464,60.99,Repeat customer,61–90 days,3
18006,2009-12-17,2009-12-01,2010-04-01,4,969.51,true,2527,105.28,Repeat customer,91–180 days,4
18097,2009-12-17,2009-12-01,2010-07-18,11,4627.92,true,5116,213.2,Repeat customer,181+ days,5
18186,2009-12-17,2009-12-01,,1,329.58,false,,,One-time customer,No repeat purchase,0
18201,2009-12-17,2009-12-01,,1,447.53,false,,,One-time customer,No repeat purchase,0
12422,2009-12-18,2009-12-01,2010-02-14,17,5231.8,true,1391,57.94,Repeat customer,31–60 days,2
12455,2009-12-18,2009-12-01,2010-03-23,10,5879.95,true,2278,94.91,Repeat customer,91–180 days,4
12708,2009-12-18,2009-12-01,2010-01-22,18,5117.66,true,842,35.08,Repeat customer,31–60 days,2
12826,2009-12-18,2009-12-01,2010-07-19,12,2800.75,true,5116,213.16,Repeat customer,181+ days,5
13327,2009-12-18,2009-12-01,2010-01-24,20,9134.48,true,886,36.93,Repeat customer,31–60 days,2
13781,2009-12-18,2009-12-01,2010-04-26,3,778.83,true,3095,128.95,Repeat customer,91–180 days,4
13921,2009-12-18,2009-12-01,2010-06-17,4,730.7,true,4343,180.97,Repeat customer,181+ days,5
13995,2009-12-18,2009-12-01,2010-03-02,14,3902.01,true,1773,73.85,Repeat customer,61–90 days,3
14083,2009-12-18,2009-12-01,2010-07-16,11,1082.19,true,5041,210.05,Repeat customer,181+ days,5
14105,2009-12-18,2009-12-01,2010-04-08,5,5988.83,true,2661,110.86,Repeat customer,91–180 days,4
14555,2009-12-18,2009-12-01,2010-05-18,6,2304.03,true,3626,151.06,Repeat customer,91–180 days,4
14949,2009-12-18,2009-12-01,2010-01-18,4,515,true,742,30.93,Repeat customer,31–60 days,2
15409,2009-12-18,2009-12-01,,1,131.25,false,,,One-time customer,No repeat purchase,0
15497,2009-12-18,2009-12-01,2010-01-13,9,8657.39,true,619,25.8,Repeat customer,0–30 days,1
16222,2009-12-18,2009-12-01,2011-01-25,2,1272.05,true,9671,402.96,Repeat customer,181+ days,5
16296,2009-12-18,2009-12-01,2010-01-07,4,1313.67,true,486,20.27,Repeat customer,0–30 days,1
16592,2009-12-18,2009-12-01,2010-01-24,28,7807.91,true,886,36.91,Repeat customer,31–60 days,2
16600,2009-12-18,2009-12-01,2010-08-13,13,2153.41,true,5714,238.07,Repeat customer,181+ days,5
16772,2009-12-18,2009-12-01,2010-01-08,3,3698.05,true,506,21.07,Repeat customer,0–30 days,1
17028,2009-12-18,2009-12-01,2010-02-24,3,1593.83,true,1627,67.81,Repeat customer,61–90 days,3
17324,2009-12-18,2009-12-01,2010-03-01,12,2171.07,true,1750,72.91,Repeat customer,61–90 days,3
17638,2009-12-18,2009-12-01,2010-03-02,2,842.4,true,1781,74.19,Repeat customer,61–90 days,3
17927,2009-12-18,2009-12-01,,1,294,false,,,One-time customer,No repeat purchase,0
18036,2009-12-18,2009-12-01,2010-01-18,11,1545.49,true,746,31.1,Repeat customer,31–60 days,2
18252,2009-12-18,2009-12-01,2009-12-23,7,1533.69,true,114,4.75,Repeat customer,0–30 days,1
12609,2009-12-20,2009-12-01,2010-04-01,9,3435.86,true,2443,101.8,Repeat customer,91–180 days,4
13847,2009-12-20,2009-12-01,,1,310.72,false,,,One-time customer,No repeat purchase,0
13871,2009-12-20,2009-12-01,2010-03-28,17,7885.85,true,2349,97.9,Repeat customer,91–180 days,4
14404,2009-12-20,2009-12-01,2009-12-20,13,2724.13,true,0,0.0,Repeat customer,0–30 days,1
15518,2009-12-20,2009-12-01,2010-01-26,15,4189.99,true,888,37.02,Repeat customer,31–60 days,2
17624,2009-12-20,2009-12-01,2010-09-28,4,1568.63,true,6770,282.06,Repeat customer,181+ days,5
13111,2009-12-21,2009-12-01,,1,321.88,false,,,One-time customer,No repeat purchase,0
13510,2009-12-21,2009-12-01,2010-02-01,11,4558.29,true,1008,41.98,Repeat customer,31–60 days,2
14119,2009-12-21,2009-12-01,2010-11-29,2,183.37,true,8228,342.82,Repeat customer,181+ days,5
14480,2009-12-21,2009-12-01,2010-09-28,4,1299.52,true,6740,280.83,Repeat customer,181+ days,5
14819,2009-12-21,2009-12-01,2010-08-02,4,456.41,true,5378,224.06,Repeat customer,181+ days,5
16282,2009-12-21,2009-12-01,2010-08-09,3,1307.58,true,5543,230.94,Repeat customer,181+ days,5
17182,2009-12-21,2009-12-01,2010-10-13,2,321.3,true,7099,295.78,Repeat customer,181+ days,5
17888,2009-12-21,2009-12-01,2010-01-22,25,1807.44,true,766,31.92,Repeat customer,31–60 days,2
12440,2009-12-22,2009-12-01,2010-09-03,2,859.2,true,6121,255.05,Repeat customer,181+ days,5
13082,2009-12-22,2009-12-01,2009-12-22,21,7335.75,true,0,0.0,Repeat customer,0–30 days,1
15064,2009-12-22,2009-12-01,2010-05-13,4,1254.41,true,3402,141.77,Repeat customer,91–180 days,4
18190,2009-12-22,2009-12-01,2010-01-29,5,745.62,true,914,38.11,Repeat customer,31–60 days,2
18251,2009-12-22,2009-12-01,2010-03-11,9,26278.86,true,1894,78.92,Repeat customer,61–90 days,3
12539,2009-12-23,2009-12-01,2009-12-23,7,11214.75,true,0,0.03,Repeat customer,0–30 days,1
14151,2009-12-23,2009-12-01,2010-02-04,2,679.45,true,1037,43.2,Repeat customer,31–60 days,2
13287,2010-01-04,2010-01-01,2010-02-23,3,781.59,true,1204,50.17,Repeat customer,31–60 days,2
13821,2010-01-04,2010-01-01,2010-01-07,6,1379.08,true,71,2.96,Repeat customer,0–30 days,1
14477,2010-01-04,2010-01-01,2010-06-29,7,1969.6,true,4218,175.75,Repeat customer,91–180 days,4
14839,2010-01-04,2010-01-01,2010-05-09,3,915.28,true,2996,124.82,Repeat customer,91–180 days,4
16792,2010-01-04,2010-01-01,2010-04-30,5,623.46,true,2785,116.04,Repeat customer,91–180 days,4
17807,2010-01-04,2010-01-01,2010-05-09,3,437.87,true,3000,125.0,Repeat customer,91–180 days,4
17950,2010-01-04,2010-01-01,2010-05-19,7,1166.29,true,3239,134.95,Repeat customer,91–180 days,4
13253,2010-01-05,2010-01-01,2010-10-05,4,2951.11,true,6553,273.06,Repeat customer,181+ days,5
13338,2010-01-05,2010-01-01,2010-05-28,4,2445.62,true,3431,142.97,Repeat customer,91–180 days,4
13610,2010-01-05,2010-01-01,2010-01-26,14,2103.71,true,504,21.0,Repeat customer,0–30 days,1
13901,2010-01-05,2010-01-01,2010-02-17,15,5676.34,true,1032,43.02,Repeat customer,31–60 days,2
13965,2010-01-05,2010-01-01,2010-02-08,3,996.61,true,817,34.03,Repeat customer,31–60 days,2
14198,2010-01-05,2010-01-01,2010-02-17,9,1569.73,true,1033,43.04,Repeat customer,31–60 days,2
14954,2010-01-05,2010-01-01,2011-11-27,2,462.12,true,16582,690.91,Repeat customer,181+ days,5
14969,2010-01-05,2010-01-01,,1,906.23,false,,,One-time customer,No repeat purchase,0
15521,2010-01-05,2010-01-01,2010-04-07,16,7098.24,true,2211,92.14,Repeat customer,91–180 days,4
15865,2010-01-05,2010-01-01,2010-10-22,5,2241.42,true,6962,290.06,Repeat customer,181+ days,5
16017,2010-01-05,2010-01-01,2010-01-17,5,1545.58,true,288,12.01,Repeat customer,0–30 days,1
16875,2010-01-05,2010-01-01,2010-03-17,11,4234.53,true,1707,71.13,Repeat customer,61–90 days,3
18171,2010-01-05,2010-01-01,2010-03-18,9,2437.31,true,1733,72.18,Repeat customer,61–90 days,3
14194,2010-01-06,2010-01-01,2010-01-24,36,18670.59,true,433,18.06,Repeat customer,0–30 days,1
14210,2010-01-06,2010-01-01,2010-03-16,16,5556.57,true,1661,69.2,Repeat customer,61–90 days,3
17362,2010-01-06,2010-01-01,2010-02-01,7,1024.04,true,626,26.06,Repeat customer,0–30 days,1
17753,2010-01-06,2010-01-01,2010-08-17,4,382.06,true,5351,222.97,Repeat customer,181+ days,5
17941,2010-01-06,2010-01-01,2010-02-18,4,1433.28,true,1036,43.15,Repeat customer,31–60 days,2
18008,2010-01-06,2010-01-01,2010-01-27,23,19759.08,true,503,20.96,Repeat customer,0–30 days,1
12648,2010-01-07,2010-01-01,2010-03-09,4,1112,true,1455,60.64,Repeat customer,61–90 days,3
12678,2010-01-07,2010-01-01,2010-01-08,21,34281.18,true,19,0.78,Repeat customer,0–30 days,1
14465,2010-01-07,2010-01-01,2010-01-28,11,3925.85,true,499,20.8,Repeat customer,0–30 days,1
14541,2010-01-07,2010-01-01,2010-02-24,14,2491.38,true,1153,48.03,Repeat customer,31–60 days,2
15100,2010-01-07,2010-01-01,2010-11-11,7,2193.9,true,7391,307.95,Repeat customer,181+ days,5
15152,2010-01-07,2010-01-01,2011-06-05,14,5263.83,true,12336,514.01,Repeat customer,181+ days,5
15266,2010-01-07,2010-01-01,2010-01-22,5,852.21,true,363,15.11,Repeat customer,0–30 days,1
15324,2010-01-07,2010-01-01,,1,140.22,false,,,One-time customer,No repeat purchase,0
15874,2010-01-07,2010-01-01,2010-02-03,21,11284.76,true,648,26.98,Repeat customer,0–30 days,1
16057,2010-01-07,2010-01-01,2010-02-22,10,3854.85,true,1098,45.75,Repeat customer,31–60 days,2
16641,2010-01-07,2010-01-01,2011-08-26,2,554.5,true,14304,596.02,Repeat customer,181+ days,5
16862,2010-01-07,2010-01-01,2010-04-20,4,662.33,true,2472,102.98,Repeat customer,91–180 days,4
16888,2010-01-07,2010-01-01,2010-02-01,3,434.2,true,604,25.18,Repeat customer,0–30 days,1
17404,2010-01-07,2010-01-01,2010-01-20,23,47781.12,true,309,12.87,Repeat customer,0–30 days,1
18094,2010-01-07,2010-01-01,2010-05-07,13,6391.52,true,2885,120.22,Repeat customer,91–180 days,4
13044,2010-01-08,2010-01-01,2010-02-21,11,4848.05,true,1057,44.03,Repeat customer,31–60 days,2
13360,2010-01-08,2010-01-01,2010-01-14,4,1553.65,true,150,6.28,Repeat customer,0–30 days,1
13854,2010-01-08,2010-01-01,2010-02-02,39,11944.56,true,601,25.02,Repeat customer,0–30 days,1
14016,2010-01-08,2010-01-01,2010-02-02,11,11403.41,true,596,24.86,Repeat customer,0–30 days,1
14045,2010-01-08,2010-01-01,2010-03-05,16,10986.63,true,1349,56.23,Repeat customer,31–60 days,2
14327,2010-01-08,2010-01-01,2010-02-03,6,1894.93,true,625,26.04,Repeat customer,0–30 days,1
14573,2010-01-08,2010-01-01,2010-06-06,13,2163.12,true,3571,148.79,Repeat customer,91–180 days,4
15586,2010-01-08,2010-01-01,2010-02-18,3,1139.1,true,984,41.02,Repeat customer,31–60 days,2
15607,2010-01-08,2010-01-01,2010-01-15,9,1708.97,true,168,7.02,Repeat customer,0–30 days,1
15827,2010-01-08,2010-01-01,2010-02-18,28,3603.14,true,982,40.92,Repeat customer,31–60 days,2
16027,2010-01-08,2010-01-01,2010-01-19,15,2048.36,true,263,10.98,Repeat customer,0–30 days,1
16103,2010-01-08,2010-01-01,2010-02-09,22,6191.71,true,769,32.05,Repeat customer,31–60 days,2
18170,2010-01-08,2010-01-01,2010-02-05,9,2878,true,671,27.99,Repeat customer,0–30 days,1
12951,2010-01-10,2010-01-01,2010-02-10,15,3213.72,true,746,31.09,Repeat customer,31–60 days,2
13259,2010-01-10,2010-01-01,2010-01-31,9,1402.54,true,504,20.99,Repeat customer,0–30 days,1
13634,2010-01-10,2010-01-01,2010-01-17,16,5033.77,true,168,6.99,Repeat customer,0–30 days,1
13762,2010-01-10,2010-01-01,2010-02-28,5,2472.48,true,1175,48.99,Repeat customer,31–60 days,2
14091,2010-01-10,2010-01-01,2010-02-23,2,9530.08,true,1058,44.07,Repeat customer,31–60 days,2
14160,2010-01-10,2010-01-01,2010-01-21,7,8421.47,true,267,11.15,Repeat customer,0–30 days,1
14532,2010-01-10,2010-01-01,2010-01-31,11,3845.78,true,504,20.98,Repeat customer,0–30 days,1
14849,2010-01-10,2010-01-01,2010-02-22,43,15407.61,true,1030,42.92,Repeat customer,31–60 days,2
16109,2010-01-10,2010-01-01,2011-02-04,3,939.48,true,9362,390.08,Repeat customer,181+ days,5
16787,2010-01-10,2010-01-01,2010-03-28,4,1017.53,true,1848,77.01,Repeat customer,61–90 days,3
17222,2010-01-10,2010-01-01,2010-03-01,6,1579.51,true,1201,50.05,Repeat customer,31–60 days,2
17323,2010-01-10,2010-01-01,2010-02-25,12,1551.04,true,1112,46.32,Repeat customer,31–60 days,2
18231,2010-01-10,2010-01-01,2010-02-01,28,6854.17,true,530,22.1,Repeat customer,0–30 days,1
12406,2010-01-11,2010-01-01,2010-04-22,5,6390.36,true,2428,101.19,Repeat customer,91–180 days,4
12549,2010-01-11,2010-01-01,2010-01-11,6,1575.68,true,0,0.0,Repeat customer,0–30 days,1
12875,2010-01-11,2010-01-01,2010-04-16,5,1356.99,true,2281,95.02,Repeat customer,91–180 days,4
13709,2010-01-11,2010-01-01,2010-03-31,18,7571.35,true,1896,79.01,Repeat customer,61–90 days,3
14984,2010-01-11,2010-01-01,2010-06-06,6,1260.51,true,3501,145.9,Repeat customer,91–180 days,4
15549,2010-01-11,2010-01-01,2010-01-27,8,2334.16,true,387,16.12,Repeat customer,0–30 days,1
17023,2010-01-11,2010-01-01,2010-08-10,3,800.18,true,5059,210.8,Repeat customer,181+ days,5
17113,2010-01-11,2010-01-01,2010-01-11,6,2305.59,true,0,0.0,Repeat customer,0–30 days,1
17139,2010-01-11,2010-01-01,2010-02-11,25,19566.76,true,741,30.89,Repeat customer,31–60 days,2
17147,2010-01-11,2010-01-01,2010-03-23,9,3199.95,true,1708,71.18,Repeat customer,61–90 days,3
17529,2010-01-11,2010-01-01,2010-04-08,2,1240.25,true,2093,87.22,Repeat customer,61–90 days,3
17740,2010-01-11,2010-01-01,2010-03-08,6,426.9,true,1341,55.9,Repeat customer,31–60 days,2
18115,2010-01-11,2010-01-01,,1,9.7,false,,,One-time customer,No repeat purchase,0
18242,2010-01-11,2010-01-01,2010-03-30,8,3605.21,true,1879,78.27,Repeat customer,61–90 days,3
12623,2010-01-12,2010-01-01,2010-03-02,7,3747.84,true,1174,48.9,Repeat customer,31–60 days,2
12649,2010-01-12,2010-01-01,2010-01-15,8,2294.65,true,68,2.83,Repeat customer,0–30 days,1
12939,2010-01-12,2010-01-01,2010-02-24,20,25264.8,true,1034,43.1,Repeat customer,31–60 days,2
13433,2010-01-12,2010-01-01,2010-04-15,4,658.32,true,2234,93.07,Repeat customer,91–180 days,4
13622,2010-01-12,2010-01-01,,1,658.95,false,,,One-time customer,No repeat purchase,0
14225,2010-01-12,2010-01-01,2010-05-18,4,2031.07,true,3026,126.1,Repeat customer,91–180 days,4
14241,2010-01-12,2010-01-01,2011-06-09,2,333.7,true,12308,512.86,Repeat customer,181+ days,5
15002,2010-01-12,2010-01-01,2010-01-26,9,4138.08,true,336,14.0,Repeat customer,0–30 days,1
15186,2010-01-12,2010-01-01,2010-05-12,5,1403.2,true,2884,120.16,Repeat customer,91–180 days,4
15299,2010-01-12,2010-01-01,2010-10-01,10,6156.53,true,6291,262.14,Repeat customer,181+ days,5
16422,2010-01-12,2010-01-01,2010-01-24,109,61920.87,true,288,12.0,Repeat customer,0–30 days,1
16841,2010-01-12,2010-01-01,2010-02-09,12,4006.06,true,676,28.18,Repeat customer,0–30 days,1
17352,2010-01-12,2010-01-01,,1,36.25,false,,,One-time customer,No repeat purchase,0
17945,2010-01-12,2010-01-01,2010-01-12,3,360.35,true,0,0.0,Repeat customer,0–30 days,1
12647,2010-01-13,2010-01-01,2010-02-01,36,16955.55,true,452,18.86,Repeat customer,0–30 days,1
14137,2010-01-13,2010-01-01,,1,332.7,false,,,One-time customer,No repeat purchase,0
14146,2010-01-13,2010-01-01,2010-02-03,12,9450.3,true,498,20.77,Repeat customer,0–30 days,1
14154,2010-01-13,2010-01-01,2010-07-01,8,6460.7,true,4061,169.21,Repeat customer,91–180 days,4
14826,2010-01-13,2010-01-01,2010-05-07,2,385.2,true,2732,113.83,Repeat customer,91–180 days,4
15513,2010-01-13,2010-01-01,2010-03-25,35,26437.05,true,1701,70.84,Repeat customer,61–90 days,3
16585,2010-01-13,2010-01-01,2010-04-25,2,341.59,true,2445,101.88,Repeat customer,91–180 days,4
17757,2010-01-13,2010-01-01,2010-02-17,56,9074.05,true,839,34.94,Repeat customer,31–60 days,2
17962,2010-01-13,2010-01-01,2010-06-08,4,666.96,true,3505,146.04,Repeat customer,91–180 days,4
12644,2010-01-14,2010-01-01,2010-02-07,4,1918.49,true,577,24.06,Repeat customer,0–30 days,1
13152,2010-01-14,2010-01-01,2010-02-21,7,2146.38,true,917,38.25,Repeat customer,31–60 days,2
13233,2010-01-14,2010-01-01,2010-10-15,4,1176.46,true,6573,273.9,Repeat customer,181+ days,5
13562,2010-01-14,2010-01-01,2010-02-03,8,4838.18,true,479,19.97,Repeat customer,0–30 days,1
13787,2010-01-14,2010-01-01,2010-02-22,6,1222.5,true,937,39.06,Repeat customer,31–60 days,2
13929,2010-01-14,2010-01-01,2010-02-19,11,3494.1,true,868,36.19,Repeat customer,31–60 days,2
14256,2010-01-14,2010-01-01,2010-08-05,5,2460.79,true,4871,202.95,Repeat customer,181+ days,5
14423,2010-01-14,2010-01-01,2010-09-28,3,916.61,true,6167,256.95,Repeat customer,181+ days,5
15046,2010-01-14,2010-01-01,2010-01-26,25,7623.79,true,284,11.85,Repeat customer,0–30 days,1
15605,2010-01-14,2010-01-01,2010-03-03,9,1741.95,true,1153,48.08,Repeat customer,31–60 days,2
15903,2010-01-14,2010-01-01,2010-08-19,12,8939.84,true,5212,217.16,Repeat customer,181+ days,5
16304,2010-01-14,2010-01-01,,1,381.66,false,,,One-time customer,No repeat purchase,0
16414,2010-01-14,2010-01-01,2010-04-25,5,551.21,true,2425,101.04,Repeat customer,91–180 days,4
16660,2010-01-14,2010-01-01,2010-09-07,7,1879.55,true,5668,236.17,Repeat customer,181+ days,5
17496,2010-01-14,2010-01-01,2010-03-22,4,1412.89,true,1610,67.1,Repeat customer,61–90 days,3
18041,2010-01-14,2010-01-01,2010-01-18,38,8018.77,true,98,4.12,Repeat customer,0–30 days,1
18134,2010-01-14,2010-01-01,2010-04-20,2,445,true,2307,96.09,Repeat customer,91–180 days,4
12431,2010-01-15,2010-01-01,2010-01-15,27,10432.22,true,0,0.02,Repeat customer,0–30 days,1
12631,2010-01-15,2010-01-01,2010-04-21,6,3481.57,true,2303,95.93,Repeat customer,91–180 days,4
12755,2010-01-15,2010-01-01,2010-02-23,11,5236.26,true,934,38.9,Repeat customer,31–60 days,2
12789,2010-01-15,2010-01-01,2010-07-15,3,273.35,true,4344,181.03,Repeat customer,181+ days,5
12813,2010-01-15,2010-01-01,2010-05-10,3,1687.8,true,2758,114.89,Repeat customer,91–180 days,4
12860,2010-01-15,2010-01-01,,1,54.22,false,,,One-time customer,No repeat purchase,0
14324,2010-01-15,2010-01-01,2010-10-26,2,701.61,true,6814,283.93,Repeat customer,181+ days,5
15224,2010-01-15,2010-01-01,2010-03-03,5,871.36,true,1122,46.75,Repeat customer,31–60 days,2
15359,2010-01-15,2010-01-01,2010-01-29,8,181.35,true,335,13.97,Repeat customer,0–30 days,1
15489,2010-01-15,2010-01-01,2010-04-11,8,2419.61,true,2059,85.78,Repeat customer,61–90 days,3
15771,2010-01-15,2010-01-01,2010-04-06,3,1006.54,true,1944,81.0,Repeat customer,61–90 days,3
16452,2010-01-15,2010-01-01,2010-03-19,2,332.17,true,1512,63.01,Repeat customer,61–90 days,3
17227,2010-01-15,2010-01-01,2010-03-17,12,1878.93,true,1464,61.01,Repeat customer,61–90 days,3
17454,2010-01-15,2010-01-01,2010-03-08,10,1547.94,true,1243,51.77,Repeat customer,31–60 days,2
17681,2010-01-15,2010-01-01,2010-01-26,5,731.2,true,263,10.92,Repeat customer,0–30 days,1
17871,2010-01-15,2010-01-01,2010-05-10,5,1068.95,true,2763,115.09,Repeat customer,91–180 days,4
18106,2010-01-15,2010-01-01,2010-01-15,6,1441.06,true,0,0.0,Repeat customer,0–30 days,1
13616,2010-01-17,2010-01-01,2010-05-20,2,283.85,true,2950,122.92,Repeat customer,91–180 days,4
13869,2010-01-17,2010-01-01,2010-03-23,10,7996.87,true,1560,64.98,Repeat customer,61–90 days,3
13907,2010-01-17,2010-01-01,,1,136.8,false,,,One-time customer,No repeat purchase,0
14420,2010-01-17,2010-01-01,2010-07-15,4,1639.17,true,4298,179.08,Repeat customer,91–180 days,4
14421,2010-01-17,2010-01-01,2010-01-25,6,2469.37,true,194,8.08,Repeat customer,0–30 days,1
14451,2010-01-17,2010-01-01,2010-02-11,12,3258.68,true,602,25.07,Repeat customer,0–30 days,1
16166,2010-01-17,2010-01-01,2010-10-07,2,435.83,true,6313,263.06,Repeat customer,181+ days,5
16434,2010-01-17,2010-01-01,2010-01-29,12,2673.69,true,288,11.97,Repeat customer,0–30 days,1
16510,2010-01-17,2010-01-01,2010-03-17,6,1777.5,true,1421,59.2,Repeat customer,31–60 days,2
16524,2010-01-17,2010-01-01,2010-09-19,2,306.19,true,5880,245.01,Repeat customer,181+ days,5
16595,2010-01-17,2010-01-01,2010-04-12,5,1757.75,true,2043,85.14,Repeat customer,61–90 days,3
17591,2010-01-17,2010-01-01,2010-12-07,8,2339.32,true,7775,323.98,Repeat customer,181+ days,5
17801,2010-01-17,2010-01-01,2010-06-08,3,770.03,true,3411,142.11,Repeat customer,91–180 days,4
12877,2010-01-18,2010-01-01,2010-04-25,20,2942.14,true,2332,97.16,Repeat customer,91–180 days,4
14343,2010-01-18,2010-01-01,2010-03-15,4,1079.66,true,1343,55.95,Repeat customer,31–60 days,2
14441,2010-01-18,2010-01-01,2010-04-01,11,4611.69,true,1757,73.21,Repeat customer,61–90 days,3
14442,2010-01-18,2010-01-01,2010-05-19,7,5367.02,true,2906,121.06,Repeat customer,91–180 days,4
14461,2010-01-18,2010-01-01,2010-03-30,13,6676.91,true,1703,70.93,Repeat customer,61–90 days,3
14754,2010-01-18,2010-01-01,2010-05-27,6,1547.93,true,3095,128.96,Repeat customer,91–180 days,4
14892,2010-01-18,2010-01-01,,1,202.35,false,,,One-time customer,No repeat purchase,0
15164,2010-01-18,2010-01-01,2010-04-06,9,2028.11,true,1872,78.0,Repeat customer,61–90 days,3
15375,2010-01-18,2010-01-01,,1,60.96,false,,,One-time customer,No repeat purchase,0
15747,2010-01-18,2010-01-01,2010-04-23,9,2499.81,true,2285,95.2,Repeat customer,91–180 days,4
15795,2010-01-18,2010-01-01,2010-02-14,8,1979.87,true,649,27.06,Repeat customer,0–30 days,1
16954,2010-01-18,2010-01-01,2010-02-12,20,6081.88,true,598,24.92,Repeat customer,0–30 days,1
17048,2010-01-18,2010-01-01,2010-04-12,7,2071.68,true,2020,84.14,Repeat customer,61–90 days,3
17773,2010-01-18,2010-01-01,2010-07-13,2,575.37,true,4224,175.98,Repeat customer,91–180 days,4
17966,2010-01-18,2010-01-01,2010-01-18,10,1963.92,true,0,0.01,Repeat customer,0–30 days,1
18057,2010-01-18,2010-01-01,2010-04-14,3,1188.46,true,2066,86.09,Repeat customer,61–90 days,3
12470,2010-01-19,2010-01-01,,1,211.95,false,,,One-time customer,No repeat purchase,0
12589,2010-01-19,2010-01-01,2010-09-02,8,4695.66,true,5421,225.87,Repeat customer,181+ days,5
12733,2010-01-19,2010-01-01,2010-07-30,4,2424.87,true,4611,192.14,Repeat customer,181+ days,5
13315,2010-01-19,2010-01-01,,1,310.26,false,,,One-time customer,No repeat purchase,0
13555,2010-01-19,2010-01-01,2010-01-19,13,8891.84,true,0,0.01,Repeat customer,0–30 days,1
13877,2010-01-19,2010-01-01,2010-08-26,3,449.68,true,5263,219.27,Repeat customer,181+ days,5
14413,2010-01-19,2010-01-01,2010-01-26,4,764.52,true,170,7.08,Repeat customer,0–30 days,1
14472,2010-01-19,2010-01-01,2010-12-19,9,2118.72,true,8017,334.04,Repeat customer,181+ days,5
14715,2010-01-19,2010-01-01,2010-05-26,8,1825.45,true,3048,127.02,Repeat customer,91–180 days,4
14983,2010-01-19,2010-01-01,,1,183.2,false,,,One-time customer,No repeat purchase,0
15198,2010-01-19,2010-01-01,2010-04-01,5,571.35,true,1732,72.18,Repeat customer,61–90 days,3
15697,2010-01-19,2010-01-01,,1,246.75,false,,,One-time customer,No repeat purchase,0
16087,2010-01-19,2010-01-01,2010-02-01,5,1739.92,true,312,12.98,Repeat customer,0–30 days,1
16287,2010-01-19,2010-01-01,2010-03-08,5,1006.98,true,1157,48.19,Repeat customer,31–60 days,2
16867,2010-01-19,2010-01-01,,1,76.74,false,,,One-time customer,No repeat purchase,0
17245,2010-01-19,2010-01-01,2011-05-19,2,371.63,true,11635,484.79,Repeat customer,181+ days,5
17307,2010-01-19,2010-01-01,2010-01-20,11,3999.89,true,20,0.82,Repeat customer,0–30 days,1
17706,2010-01-19,2010-01-01,2010-01-19,31,20272.15,true,0,0.0,Repeat customer,0–30 days,1
17769,2010-01-19,2010-01-01,2010-03-07,17,7053.38,true,1128,47.0,Repeat customer,31–60 days,2
17963,2010-01-19,2010-01-01,2010-06-11,4,643.16,true,3430,142.94,Repeat customer,91–180 days,4
12987,2010-01-20,2010-01-01,2010-04-08,5,1312.21,true,1880,78.33,Repeat customer,61–90 days,3
13027,2010-01-20,2010-01-01,2010-01-22,19,17239.2,true,47,1.94,Repeat customer,0–30 days,1
13397,2010-01-20,2010-01-01,2010-02-16,10,3191.87,true,651,27.11,Repeat customer,0–30 days,1
13982,2010-01-20,2010-01-01,2010-02-24,9,3954.29,true,839,34.96,Repeat customer,31–60 days,2
14388,2010-01-20,2010-01-01,2010-03-04,16,6388.2,true,1035,43.11,Repeat customer,31–60 days,2
14556,2010-01-20,2010-01-01,2010-02-24,3,815.69,true,845,35.18,Repeat customer,31–60 days,2
14595,2010-01-20,2010-01-01,2010-09-12,8,2164.45,true,5639,234.95,Repeat customer,181+ days,5
14649,2010-01-20,2010-01-01,2010-03-05,9,3651.19,true,1056,44.01,Repeat customer,31–60 days,2
15191,2010-01-20,2010-01-01,2010-01-20,3,588.05,true,0,0.0,Repeat customer,0–30 days,1
16085,2010-01-20,2010-01-01,2010-03-17,12,2341.03,true,1344,56.01,Repeat customer,31–60 days,2
16727,2010-01-20,2010-01-01,2010-03-28,4,1377.77,true,1610,67.06,Repeat customer,61–90 days,3
17220,2010-01-20,2010-01-01,2010-01-20,21,4457.31,true,1,0.01,Repeat customer,0–30 days,1
17356,2010-01-20,2010-01-01,2010-03-18,5,946.47,true,1366,56.94,Repeat customer,31–60 days,2
17794,2010-01-20,2010-01-01,2010-01-22,2,147.3,true,46,1.92,Repeat customer,0–30 days,1
17875,2010-01-20,2010-01-01,,1,167.1,false,,,One-time customer,No repeat purchase,0
12986,2010-01-21,2010-01-01,2010-03-08,10,2729.84,true,1104,46.0,Repeat customer,31–60 days,2
13413,2010-01-21,2010-01-01,2010-02-28,6,429.44,true,908,37.82,Repeat customer,31–60 days,2
13527,2010-01-21,2010-01-01,2010-01-24,12,4541.29,true,72,3.0,Repeat customer,0–30 days,1
13543,2010-01-21,2010-01-01,2010-03-15,2,1439.61,true,1271,52.96,Repeat customer,31–60 days,2
14064,2010-01-21,2010-01-01,2010-02-28,15,3260.24,true,913,38.03,Repeat customer,31–60 days,2
14207,2010-01-21,2010-01-01,,1,157.8,false,,,One-time customer,No repeat purchase,0
14320,2010-01-21,2010-01-01,2010-02-16,5,1346.75,true,625,26.03,Repeat customer,0–30 days,1
14431,2010-01-21,2010-01-01,2010-09-10,4,2614.2,true,5572,232.14,Repeat customer,181+ days,5
14439,2010-01-21,2010-01-01,2010-01-25,5,9443.04,true,91,3.82,Repeat customer,0–30 days,1
14530,2010-01-21,2010-01-01,2010-03-03,16,6088.87,true,985,41.05,Repeat customer,31–60 days,2
14714,2010-01-21,2010-01-01,2010-05-13,4,906.24,true,2688,112.0,Repeat customer,91–180 days,4
15095,2010-01-21,2010-01-01,2010-04-22,10,3141.64,true,2183,90.93,Repeat customer,91–180 days,4
15126,2010-01-21,2010-01-01,2010-06-21,2,449.49,true,3619,150.81,Repeat customer,91–180 days,4
15296,2010-01-21,2010-01-01,2010-05-17,12,10323.03,true,2786,116.09,Repeat customer,91–180 days,4
15682,2010-01-21,2010-01-01,2010-04-19,2,318.24,true,2113,88.04,Repeat customer,61–90 days,3
15885,2010-01-21,2010-01-01,2010-01-27,15,1951.82,true,145,6.03,Repeat customer,0–30 days,1
15910,2010-01-21,2010-01-01,2010-03-04,15,2661.17,true,1009,42.02,Repeat customer,31–60 days,2
16634,2010-01-21,2010-01-01,2010-03-29,6,1649.81,true,1611,67.13,Repeat customer,61–90 days,3
17180,2010-01-21,2010-01-01,2010-03-15,11,2236.77,true,1269,52.85,Repeat customer,31–60 days,2
17320,2010-01-21,2010-01-01,2010-07-19,6,2444.85,true,4295,178.95,Repeat customer,91–180 days,4
12531,2010-01-22,2010-01-01,2011-11-25,2,1933.2,true,16125,671.87,Repeat customer,181+ days,5
13192,2010-01-22,2010-01-01,2010-04-27,6,2558.58,true,2282,95.09,Repeat customer,91–180 days,4
13889,2010-01-22,2010-01-01,2010-02-26,6,1991.23,true,839,34.96,Repeat customer,31–60 days,2
14209,2010-01-22,2010-01-01,2010-03-11,15,4993.27,true,1160,48.35,Repeat customer,31–60 days,2
14274,2010-01-22,2010-01-01,,1,256.6,false,,,One-time customer,No repeat purchase,0
14640,2010-01-22,2010-01-01,2010-03-25,10,3649.36,true,1483,61.76,Repeat customer,61–90 days,3
14854,2010-01-22,2010-01-01,2010-05-12,11,4303.06,true,2643,110.1,Repeat customer,91–180 days,4
16822,2010-01-22,2010-01-01,,1,181.39,false,,,One-time customer,No repeat purchase,0
17460,2010-01-22,2010-01-01,2010-02-25,16,2157.97,true,811,33.81,Repeat customer,31–60 days,2
12703,2010-01-24,2010-01-01,2010-03-15,4,1006.53,true,1197,49.89,Repeat customer,31–60 days,2
12916,2010-01-24,2010-01-01,2010-04-11,7,4479.73,true,1847,76.96,Repeat customer,61–90 days,3
13036,2010-01-24,2010-01-01,,1,307.1,false,,,One-time customer,No repeat purchase,0
13209,2010-01-24,2010-01-01,2010-03-28,13,8509.51,true,1509,62.87,Repeat customer,61–90 days,3
13249,2010-01-24,2010-01-01,2010-03-04,9,1608.93,true,933,38.9,Repeat customer,31–60 days,2
13729,2010-01-24,2010-01-01,2010-09-27,3,724.73,true,5900,245.83,Repeat customer,181+ days,5
14044,2010-01-24,2010-01-01,2010-02-28,10,3077.7,true,840,34.99,Repeat customer,31–60 days,2
14070,2010-01-24,2010-01-01,,1,321.6,false,,,One-time customer,No repeat purchase,0
14522,2010-01-24,2010-01-01,2010-02-26,8,1748.42,true,796,33.15,Repeat customer,31–60 days,2
14701,2010-01-24,2010-01-01,2010-07-05,15,4487.11,true,3888,162.02,Repeat customer,91–180 days,4
14837,2010-01-24,2010-01-01,2010-04-27,9,3460.32,true,2232,93.02,Repeat customer,91–180 days,4
14879,2010-01-24,2010-01-01,,1,185.06,false,,,One-time customer,No repeat purchase,0
14986,2010-01-24,2010-01-01,2010-11-28,2,563.1,true,7392,307.98,Repeat customer,181+ days,5
15434,2010-01-24,2010-01-01,2010-09-30,11,2567.06,true,5973,248.85,Repeat customer,181+ days,5
15483,2010-01-24,2010-01-01,2010-06-18,10,817.82,true,3476,144.8,Repeat customer,91–180 days,4
15696,2010-01-24,2010-01-01,2010-03-11,13,3881.22,true,1102,45.9,Repeat customer,31–60 days,2
15711,2010-01-24,2010-01-01,2010-06-01,2,420.25,true,3072,128.0,Repeat customer,91–180 days,4
15727,2010-01-24,2010-01-01,2010-05-19,15,9371.71,true,2759,114.98,Repeat customer,91–180 days,4
16206,2010-01-24,2010-01-01,2010-05-30,13,2589.87,true,3020,125.84,Repeat customer,91–180 days,4
16255,2010-01-24,2010-01-01,2010-03-14,15,4530,true,1176,49.0,Repeat customer,31–60 days,2
16523,2010-01-24,2010-01-01,2010-03-02,28,11916.33,true,890,37.1,Repeat customer,31–60 days,2
16950,2010-01-24,2010-01-01,2010-02-28,10,3541.77,true,841,35.04,Repeat customer,31–60 days,2
17071,2010-01-24,2010-01-01,2010-06-07,13,3793.71,true,3212,133.86,Repeat customer,91–180 days,4
17141,2010-01-24,2010-01-01,2010-01-24,4,727.58,true,0,0.0,Repeat customer,0–30 days,1
17142,2010-01-24,2010-01-01,2010-06-24,4,1275.25,true,3622,150.9,Repeat customer,91–180 days,4
17242,2010-01-24,2010-01-01,2010-05-06,5,2889.28,true,2451,102.12,Repeat customer,91–180 days,4
17335,2010-01-24,2010-01-01,2010-11-21,2,497.04,true,7223,300.96,Repeat customer,181+ days,5
17618,2010-01-24,2010-01-01,2010-05-30,11,4001.64,true,3025,126.08,Repeat customer,91–180 days,4
17780,2010-01-24,2010-01-01,2010-02-10,3,346.56,true,410,17.1,Repeat customer,0–30 days,1
12857,2010-01-25,2010-01-01,2010-04-29,6,3688,true,2258,94.08,Repeat customer,91–180 days,4
13477,2010-01-25,2010-01-01,2010-04-29,11,2819.17,true,2257,94.02,Repeat customer,91–180 days,4
13488,2010-01-25,2010-01-01,2010-05-17,23,14205.96,true,2690,112.08,Repeat customer,91–180 days,4
14376,2010-01-25,2010-01-01,,1,215.46,false,,,One-time customer,No repeat purchase,0
14538,2010-01-25,2010-01-01,2010-06-13,5,1370.84,true,3335,138.93,Repeat customer,91–180 days,4
14621,2010-01-25,2010-01-01,2010-06-23,9,3000.57,true,3581,149.21,Repeat customer,91–180 days,4
14628,2010-01-25,2010-01-01,2010-03-08,5,1998,true,1002,41.75,Repeat customer,31–60 days,2
14870,2010-01-25,2010-01-01,2010-03-01,6,1838.95,true,842,35.08,Repeat customer,31–60 days,2
15303,2010-01-25,2010-01-01,2010-05-23,3,1224.18,true,2835,118.11,Repeat customer,91–180 days,4
15611,2010-01-25,2010-01-01,2010-01-29,26,2997.28,true,96,3.99,Repeat customer,0–30 days,1
16004,2010-01-25,2010-01-01,2010-03-17,5,2146.39,true,1225,51.02,Repeat customer,31–60 days,2
16795,2010-01-25,2010-01-01,2010-10-19,3,2062.41,true,6410,267.1,Repeat customer,181+ days,5
17218,2010-01-25,2010-01-01,2010-03-15,18,3891.39,true,1176,49.0,Repeat customer,31–60 days,2
17419,2010-01-25,2010-01-01,2010-03-29,18,6126.25,true,1510,62.93,Repeat customer,61–90 days,3
17584,2010-01-25,2010-01-01,2010-04-19,6,5309.42,true,2022,84.24,Repeat customer,61–90 days,3
17810,2010-01-25,2010-01-01,2010-02-09,2,373.16,true,360,15.01,Repeat customer,0–30 days,1
18199,2010-01-25,2010-01-01,,1,344.75,false,,,One-time customer,No repeat purchase,0
12361,2010-01-26,2010-01-01,2010-05-09,4,511.25,true,2473,103.04,Repeat customer,91–180 days,4
12404,2010-01-26,2010-01-01,,1,63.24,false,,,One-time customer,No repeat purchase,0
12466,2010-01-26,2010-01-01,,1,56.73,false,,,One-time customer,No repeat purchase,0
12468,2010-01-26,2010-01-01,2010-04-09,5,3670.74,true,1752,73.0,Repeat customer,61–90 days,3
12555,2010-01-26,2010-01-01,,1,129.23,false,,,One-time customer,No repeat purchase,0
12570,2010-01-26,2010-01-01,,1,77.52,false,,,One-time customer,No repeat purchase,0
12606,2010-01-26,2010-01-01,,1,21,false,,,One-time customer,No repeat purchase,0
12745,2010-01-26,2010-01-01,2010-05-14,3,925.41,true,2592,108.02,Repeat customer,91–180 days,4
12846,2010-01-26,2010-01-01,,1,15.58,false,,,One-time customer,No repeat purchase,0
12905,2010-01-26,2010-01-01,2010-05-12,2,1018.42,true,2540,105.83,Repeat customer,91–180 days,4
13459,2010-01-26,2010-01-01,2010-03-25,2,1160.41,true,1389,57.87,Repeat customer,31–60 days,2
13514,2010-01-26,2010-01-01,2010-05-09,4,815.9,true,2467,102.81,Repeat customer,91–180 days,4
13650,2010-01-26,2010-01-01,2010-05-18,10,3288,true,2693,112.2,Repeat customer,91–180 days,4
13971,2010-01-26,2010-01-01,2010-04-09,14,4667.57,true,1756,73.13,Repeat customer,61–90 days,3
14079,2010-01-26,2010-01-01,2011-08-07,2,618.73,true,13387,557.79,Repeat customer,181+ days,5
14380,2010-01-26,2010-01-01,,1,48.96,false,,,One-time customer,No repeat purchase,0
14912,2010-01-26,2010-01-01,2010-04-28,6,1889.25,true,2201,91.72,Repeat customer,91–180 days,4
15003,2010-01-26,2010-01-01,2010-02-03,6,1027.03,true,190,7.95,Repeat customer,0–30 days,1
15218,2010-01-26,2010-01-01,2010-03-10,22,11468.83,true,1035,43.1,Repeat customer,31–60 days,2
15259,2010-01-26,2010-01-01,2010-04-16,4,1182.38,true,1926,80.26,Repeat customer,61–90 days,3
15702,2010-01-26,2010-01-01,2010-08-20,2,140.39,true,4941,205.89,Repeat customer,181+ days,5
15766,2010-01-26,2010-01-01,2010-09-09,3,831.06,true,5422,225.91,Repeat customer,181+ days,5
15845,2010-01-26,2010-01-01,2010-04-27,11,4426.28,true,2179,90.77,Repeat customer,91–180 days,4
15950,2010-01-26,2010-01-01,2010-03-04,10,7120.91,true,888,36.98,Repeat customer,31–60 days,2
15959,2010-01-26,2010-01-01,2010-01-26,3,542.89,true,0,0.0,Repeat customer,0–30 days,1
16047,2010-01-26,2010-01-01,,1,107.14,false,,,One-time customer,No repeat purchase,0
16281,2010-01-26,2010-01-01,2010-10-12,3,3424.02,true,6212,258.81,Repeat customer,181+ days,5
16291,2010-01-26,2010-01-01,,1,117.72,false,,,One-time customer,No repeat purchase,0
16481,2010-01-26,2010-01-01,,1,453.38,false,,,One-time customer,No repeat purchase,0
17050,2010-01-26,2010-01-01,2010-02-28,11,4648.59,true,789,32.86,Repeat customer,31–60 days,2
17059,2010-01-26,2010-01-01,2010-03-09,9,4864.57,true,1009,42.03,Repeat customer,31–60 days,2
17536,2010-01-26,2010-01-01,2010-10-15,3,364.83,true,6288,262.01,Repeat customer,181+ days,5
17672,2010-01-26,2010-01-01,2010-03-08,7,5778.63,true,980,40.83,Repeat customer,31–60 days,2
17726,2010-01-26,2010-01-01,2010-02-25,7,1092.06,true,721,30.01,Repeat customer,31–60 days,2
12484,2010-01-27,2010-01-01,2010-01-29,12,6354.1,true,42,1.73,Repeat customer,0–30 days,1
12869,2010-01-27,2010-01-01,,1,337.67,false,,,One-time customer,No repeat purchase,0
12873,2010-01-27,2010-01-01,2010-11-07,3,2027.3,true,6818,284.06,Repeat customer,181+ days,5
13048,2010-01-27,2010-01-01,2010-04-27,9,4049.13,true,2162,90.05,Repeat customer,91–180 days,4
13101,2010-01-27,2010-01-01,2010-05-27,4,695.4,true,2882,120.05,Repeat customer,91–180 days,4
13698,2010-01-27,2010-01-01,2010-04-22,2,451.73,true,2042,85.12,Repeat customer,61–90 days,3
14167,2010-01-27,2010-01-01,2010-03-25,8,1274.29,true,1367,56.95,Repeat customer,31–60 days,2
14279,2010-01-27,2010-01-01,2010-07-07,2,191.86,true,3856,160.67,Repeat customer,91–180 days,4
14365,2010-01-27,2010-01-01,2010-11-10,2,634.68,true,6888,287.01,Repeat customer,181+ days,5
14551,2010-01-27,2010-01-01,2010-07-25,7,878.09,true,4299,179.14,Repeat customer,91–180 days,4
15073,2010-01-27,2010-01-01,2010-04-22,8,2788.02,true,2046,85.23,Repeat customer,61–90 days,3
15389,2010-01-27,2010-01-01,2010-05-26,5,2733.8,true,2860,119.14,Repeat customer,91–180 days,4
15695,2010-01-27,2010-01-01,2010-04-21,4,1131.04,true,2016,83.99,Repeat customer,61–90 days,3
15797,2010-01-27,2010-01-01,2010-05-07,6,2821.08,true,2402,100.08,Repeat customer,91–180 days,4
15798,2010-01-27,2010-01-01,2010-03-04,3,1535.37,true,862,35.88,Repeat customer,31–60 days,2
16051,2010-01-27,2010-01-01,,1,188.44,false,,,One-time customer,No repeat purchase,0
16320,2010-01-27,2010-01-01,2010-07-13,6,5628.99,true,4004,166.84,Repeat customer,91–180 days,4
16430,2010-01-27,2010-01-01,2010-06-03,7,1117.94,true,3050,127.07,Repeat customer,91–180 days,4
17604,2010-01-27,2010-01-01,2010-06-16,6,942.38,true,3360,140.0,Repeat customer,91–180 days,4
18016,2010-01-27,2010-01-01,2010-10-25,7,1954.56,true,6502,270.93,Repeat customer,181+ days,5
13615,2010-01-28,2010-01-01,2010-03-28,8,6272.53,true,1414,58.91,Repeat customer,31–60 days,2
13820,2010-01-28,2010-01-01,2010-03-03,3,652.75,true,815,33.98,Repeat customer,31–60 days,2
14613,2010-01-28,2010-01-01,,1,76.32,false,,,One-time customer,No repeat purchase,0
14672,2010-01-28,2010-01-01,2010-07-12,4,1113.14,true,3959,164.95,Repeat customer,91–180 days,4
15137,2010-01-28,2010-01-01,2010-07-07,2,823.4,true,3834,159.75,Repeat customer,91–180 days,4
15544,2010-01-28,2010-01-01,2010-02-18,20,7807.89,true,500,20.82,Repeat customer,0–30 days,1
15563,2010-01-28,2010-01-01,2010-04-14,7,2859.46,true,1824,76.0,Repeat customer,61–90 days,3
15861,2010-01-28,2010-01-01,2010-04-29,12,4369.2,true,2185,91.02,Repeat customer,91–180 days,4
16137,2010-01-28,2010-01-01,,1,422.7,false,,,One-time customer,No repeat purchase,0
16326,2010-01-28,2010-01-01,2010-03-21,24,4721.25,true,1246,51.93,Repeat customer,31–60 days,2
16535,2010-01-28,2010-01-01,2010-11-19,3,972.04,true,7078,294.9,Repeat customer,181+ days,5
17695,2010-01-28,2010-01-01,2010-09-02,5,1746.04,true,5210,217.09,Repeat customer,181+ days,5
17905,2010-01-28,2010-01-01,2010-01-28,13,2178.87,true,0,0.0,Repeat customer,0–30 days,1
17982,2010-01-28,2010-01-01,,1,138.18,false,,,One-time customer,No repeat purchase,0
18194,2010-01-28,2010-01-01,2010-04-08,6,4162.04,true,1678,69.91,Repeat customer,61–90 days,3
12823,2010-01-29,2010-01-01,2010-03-05,18,6501.5,true,839,34.96,Repeat customer,31–60 days,2
13480,2010-01-29,2010-01-01,2010-10-19,2,627.82,true,6311,262.97,Repeat customer,181+ days,5
13583,2010-01-29,2010-01-01,2011-07-07,2,1445.03,true,12573,523.87,Repeat customer,181+ days,5
13851,2010-01-29,2010-01-01,2010-09-24,8,4606.46,true,5710,237.91,Repeat customer,181+ days,5
14249,2010-01-29,2010-01-01,2010-03-17,12,5400.46,true,1129,47.05,Repeat customer,31–60 days,2
14469,2010-01-29,2010-01-01,2010-03-30,4,2093.46,true,1439,59.99,Repeat customer,31–60 days,2
15192,2010-01-29,2010-01-01,2010-05-13,5,1666.39,true,2499,104.15,Repeat customer,91–180 days,4
15251,2010-01-29,2010-01-01,2010-02-17,21,20324.54,true,456,18.97,Repeat customer,0–30 days,1
15487,2010-01-29,2010-01-01,,1,231.32,false,,,One-time customer,No repeat purchase,0
16390,2010-01-29,2010-01-01,2010-06-20,3,467.5,true,3408,141.98,Repeat customer,91–180 days,4
16673,2010-01-29,2010-01-01,,1,171.13,false,,,One-time customer,No repeat purchase,0
12483,2010-01-31,2010-01-01,2010-02-10,19,5097.18,true,236,9.82,Repeat customer,0–30 days,1
12668,2010-01-31,2010-01-01,2010-03-07,10,11383.03,true,840,34.99,Repeat customer,31–60 days,2
13392,2010-01-31,2010-01-01,,1,91.14,false,,,One-time customer,No repeat purchase,0
13443,2010-01-31,2010-01-01,2010-04-08,6,1273.16,true,1611,67.14,Repeat customer,61–90 days,3
13478,2010-01-31,2010-01-01,2010-03-17,5,2215.78,true,1079,44.94,Repeat customer,31–60 days,2
13897,2010-01-31,2010-01-01,2010-09-27,3,1160.72,true,5736,238.99,Repeat customer,181+ days,5
14068,2010-01-31,2010-01-01,2010-02-28,4,1516.72,true,677,28.2,Repeat customer,0–30 days,1
14306,2010-01-31,2010-01-01,2010-07-28,6,3151.4,true,4275,178.13,Repeat customer,91–180 days,4
14481,2010-01-31,2010-01-01,2010-04-06,5,2284.69,true,1559,64.94,Repeat customer,61–90 days,3
14637,2010-01-31,2010-01-01,,1,106.68,false,,,One-time customer,No repeat purchase,0
14820,2010-01-31,2010-01-01,2010-04-26,9,1274.76,true,2038,84.91,Repeat customer,61–90 days,3
15013,2010-01-31,2010-01-01,2010-02-21,10,1610.82,true,503,20.95,Repeat customer,0–30 days,1
15022,2010-01-31,2010-01-01,2011-10-23,5,1133.44,true,15119,629.99,Repeat customer,181+ days,5
15317,2010-01-31,2010-01-01,,1,129.75,false,,,One-time customer,No repeat purchase,0
15338,2010-01-31,2010-01-01,,1,277.93,false,,,One-time customer,No repeat purchase,0
15385,2010-01-31,2010-01-01,2010-11-12,3,942.08,true,6839,284.98,Repeat customer,181+ days,5
15588,2010-01-31,2010-01-01,,1,579.6,false,,,One-time customer,No repeat purchase,0
15943,2010-01-31,2010-01-01,2010-02-28,2,271.29,true,673,28.07,Repeat customer,0–30 days,1
16014,2010-01-31,2010-01-01,2010-10-27,5,1100.28,true,6460,269.14,Repeat customer,181+ days,5
16655,2010-01-31,2010-01-01,2010-03-28,13,6423.26,true,1345,56.02,Repeat customer,31–60 days,2
16923,2010-01-31,2010-01-01,2010-03-07,32,13157.13,true,840,35.01,Repeat customer,31–60 days,2
16955,2010-01-31,2010-01-01,2010-06-03,6,1120.31,true,2953,123.04,Repeat customer,91–180 days,4
17107,2010-01-31,2010-01-01,2010-06-03,10,16052.72,true,2956,123.14,Repeat customer,91–180 days,4
17137,2010-01-31,2010-01-01,2010-01-31,6,1099.81,true,0,0.0,Repeat customer,0–30 days,1
17176,2010-01-31,2010-01-01,2010-07-01,3,902.32,true,3621,150.85,Repeat customer,91–180 days,4
18212,2010-01-31,2010-01-01,2011-01-17,2,514.37,true,8426,351.06,Repeat customer,181+ days,5
12711,2010-02-01,2010-02-01,2010-04-07,2,1339.05,true,1560,65.02,Repeat customer,61–90 days,3
12800,2010-02-01,2010-02-01,2010-02-01,3,584.25,true,2,0.09,Repeat customer,0–30 days,1
12810,2010-02-01,2010-02-01,2010-06-23,2,534.99,true,3409,142.04,Repeat customer,91–180 days,4
13156,2010-02-01,2010-02-01,2010-02-09,3,1586.54,true,194,8.07,Repeat customer,0–30 days,1
13511,2010-02-01,2010-02-01,,1,282.76,false,,,One-time customer,No repeat purchase,0
13628,2010-02-01,2010-02-01,,1,310.14,false,,,One-time customer,No repeat purchase,0
14047,2010-02-01,2010-02-01,2010-05-13,14,3968.11,true,2427,101.14,Repeat customer,91–180 days,4
14370,2010-02-01,2010-02-01,2010-03-24,6,1175.78,true,1226,51.06,Repeat customer,31–60 days,2
14821,2010-02-01,2010-02-01,2010-02-01,7,1230.15,true,2,0.09,Repeat customer,0–30 days,1
15416,2010-02-01,2010-02-01,2010-08-18,7,4572.82,true,4750,197.91,Repeat customer,181+ days,5
15480,2010-02-01,2010-02-01,2010-02-01,5,6279,true,1,0.02,Repeat customer,0–30 days,1
15512,2010-02-01,2010-02-01,2010-11-14,4,331.58,true,6863,285.97,Repeat customer,181+ days,5
15564,2010-02-01,2010-02-01,2010-09-02,2,70.74,true,5112,213.0,Repeat customer,181+ days,5
15803,2010-02-01,2010-02-01,2010-09-02,4,1929.66,true,5104,212.68,Repeat customer,181+ days,5
16415,2010-02-01,2010-02-01,2010-05-05,3,696.76,true,2231,92.97,Repeat customer,91–180 days,4
17350,2010-02-01,2010-02-01,2010-06-10,7,1893.7,true,3091,128.78,Repeat customer,91–180 days,4
17361,2010-02-01,2010-02-01,2010-02-01,5,871.79,true,0,0.0,Repeat customer,0–30 days,1
17365,2010-02-01,2010-02-01,2010-03-07,15,8184.49,true,815,33.94,Repeat customer,31–60 days,2
18064,2010-02-01,2010-02-01,2010-03-04,11,4481.83,true,742,30.93,Repeat customer,31–60 days,2
12848,2010-02-02,2010-02-01,,1,208,false,,,One-time customer,No repeat purchase,0
13538,2010-02-02,2010-02-01,2010-02-21,12,3103.13,true,460,19.14,Repeat customer,0–30 days,1
13584,2010-02-02,2010-02-01,2010-07-29,3,385.7,true,4253,177.21,Repeat customer,91–180 days,4
13916,2010-02-02,2010-02-01,2010-06-02,4,1275.81,true,2883,120.15,Repeat customer,91–180 days,4
13975,2010-02-02,2010-02-01,2010-03-29,12,5256.4,true,1320,55.0,Repeat customer,31–60 days,2
15279,2010-02-02,2010-02-01,2010-03-19,5,1580.54,true,1083,45.13,Repeat customer,31–60 days,2
16067,2010-02-02,2010-02-01,2010-03-28,3,3269.11,true,1293,53.9,Repeat customer,31–60 days,2
16300,2010-02-02,2010-02-01,2010-03-24,3,1367.32,true,1201,50.02,Repeat customer,31–60 days,2
17092,2010-02-02,2010-02-01,2010-05-12,11,5511.41,true,2376,99.0,Repeat customer,91–180 days,4
17146,2010-02-02,2010-02-01,2010-04-14,13,5852.64,true,1709,71.2,Repeat customer,61–90 days,3
17163,2010-02-02,2010-02-01,2010-09-20,4,699.78,true,5520,229.98,Repeat customer,181+ days,5
17876,2010-02-02,2010-02-01,2010-04-16,3,3424.02,true,1749,72.88,Repeat customer,61–90 days,3
18175,2010-02-02,2010-02-01,,1,176.1,false,,,One-time customer,No repeat purchase,0
12396,2010-02-03,2010-02-01,,1,931.43,false,,,One-time customer,No repeat purchase,0
12805,2010-02-03,2010-02-01,2010-04-13,4,1434.95,true,1659,69.14,Repeat customer,61–90 days,3
12840,2010-02-03,2010-02-01,2010-06-08,7,4041.97,true,2999,124.94,Repeat customer,91–180 days,4
13553,2010-02-03,2010-02-01,,1,499.6,false,,,One-time customer,No repeat purchase,0
13619,2010-02-03,2010-02-01,2010-06-13,2,224.94,true,3117,129.89,Repeat customer,91–180 days,4
13757,2010-02-03,2010-02-01,,1,195.55,false,,,One-time customer,No repeat purchase,0
14399,2010-02-03,2010-02-01,2010-03-16,8,2108.21,true,987,41.12,Repeat customer,31–60 days,2
14545,2010-02-03,2010-02-01,,1,349.25,false,,,One-time customer,No repeat purchase,0
15023,2010-02-03,2010-02-01,2010-04-01,20,11578.65,true,1366,56.92,Repeat customer,31–60 days,2
15091,2010-02-03,2010-02-01,2010-02-03,3,1046.61,true,0,0.0,Repeat customer,0–30 days,1
15321,2010-02-03,2010-02-01,2010-02-25,12,6709.73,true,528,21.98,Repeat customer,0–30 days,1
15448,2010-02-03,2010-02-01,2011-01-31,2,788.81,true,8685,361.88,Repeat customer,181+ days,5
16081,2010-02-03,2010-02-01,2010-05-14,8,4278.96,true,2400,99.97,Repeat customer,91–180 days,4
16834,2010-02-03,2010-02-01,2011-04-26,2,898.96,true,10723,446.8,Repeat customer,181+ days,5
16840,2010-02-03,2010-02-01,2010-04-15,2,139.85,true,1707,71.13,Repeat customer,61–90 days,3
16928,2010-02-03,2010-02-01,2010-02-17,29,3897.53,true,339,14.11,Repeat customer,0–30 days,1
17311,2010-02-03,2010-02-01,2010-05-28,6,3566.56,true,2733,113.87,Repeat customer,91–180 days,4
17690,2010-02-03,2010-02-01,2010-03-17,20,6963.8,true,1006,41.91,Repeat customer,31–60 days,2
18101,2010-02-03,2010-02-01,2010-11-17,5,622.01,true,6887,286.96,Repeat customer,181+ days,5
12373,2010-02-04,2010-02-01,2010-03-25,3,1127.65,true,1177,49.07,Repeat customer,31–60 days,2
12500,2010-02-04,2010-02-01,2010-02-04,19,5955.21,true,0,0.01,Repeat customer,0–30 days,1
13107,2010-02-04,2010-02-01,2010-04-08,9,5253.07,true,1512,63.0,Repeat customer,61–90 days,3
13783,2010-02-04,2010-02-01,2010-03-10,4,1542.09,true,814,33.9,Repeat customer,31–60 days,2
13874,2010-02-04,2010-02-01,2010-03-09,7,2049.15,true,786,32.74,Repeat customer,31–60 days,2
14038,2010-02-04,2010-02-01,2010-11-07,5,3069.88,true,6630,276.25,Repeat customer,181+ days,5
14497,2010-02-04,2010-02-01,2011-02-03,2,697.06,true,8744,364.29,Repeat customer,181+ days,5
15167,2010-02-04,2010-02-01,2010-09-20,5,1627.62,true,5475,228.14,Repeat customer,181+ days,5
15365,2010-02-04,2010-02-01,2010-08-12,13,4557.13,true,4534,188.93,Repeat customer,181+ days,5
15591,2010-02-04,2010-02-01,2010-03-09,3,217.9,true,793,33.04,Repeat customer,31–60 days,2
15732,2010-02-04,2010-02-01,2010-02-23,10,1543.97,true,457,19.05,Repeat customer,0–30 days,1
15810,2010-02-04,2010-02-01,2010-03-22,8,2999.04,true,1096,45.66,Repeat customer,31–60 days,2
16266,2010-02-04,2010-02-01,2010-04-06,14,1757.95,true,1462,60.91,Repeat customer,61–90 days,3
16383,2010-02-04,2010-02-01,2010-04-29,7,2896.69,true,2015,83.98,Repeat customer,61–90 days,3
16412,2010-02-04,2010-02-01,2010-04-09,5,593.19,true,1534,63.91,Repeat customer,61–90 days,3
16583,2010-02-04,2010-02-01,2010-12-01,2,297.95,true,7200,299.99,Repeat customer,181+ days,5
16986,2010-02-04,2010-02-01,2010-02-04,11,4888.75,true,0,0.0,Repeat customer,0–30 days,1
17138,2010-02-04,2010-02-01,2010-03-09,7,4417.27,true,788,32.83,Repeat customer,31–60 days,2
17281,2010-02-04,2010-02-01,2010-04-06,6,797.85,true,1463,60.99,Repeat customer,61–90 days,3
17309,2010-02-04,2010-02-01,2010-11-23,3,320.39,true,7006,291.92,Repeat customer,181+ days,5
17328,2010-02-04,2010-02-01,,1,104.7,false,,,One-time customer,No repeat purchase,0
12853,2010-02-05,2010-02-01,2010-06-07,11,3907.5,true,2928,121.98,Repeat customer,91–180 days,4
13009,2010-02-05,2010-02-01,,1,234,false,,,One-time customer,No repeat purchase,0
13658,2010-02-05,2010-02-01,2010-06-10,9,6025.5,true,3002,125.09,Repeat customer,91–180 days,4
14682,2010-02-05,2010-02-01,2010-03-25,6,1514.81,true,1155,48.1,Repeat customer,31–60 days,2
15660,2010-02-05,2010-02-01,2010-03-31,15,2603.69,true,1292,53.86,Repeat customer,31–60 days,2
15784,2010-02-05,2010-02-01,2010-08-29,2,848.33,true,4916,204.83,Repeat customer,181+ days,5
16147,2010-02-05,2010-02-01,2010-05-18,5,2398.91,true,2446,101.92,Repeat customer,91–180 days,4
16704,2010-02-05,2010-02-01,2010-03-31,2,664.16,true,1296,53.99,Repeat customer,31–60 days,2
18267,2010-02-05,2010-02-01,,1,269.37,false,,,One-time customer,No repeat purchase,0
12402,2010-02-07,2010-02-01,2010-04-18,6,1256.9,true,1680,69.97,Repeat customer,61–90 days,3
13700,2010-02-07,2010-02-01,2010-02-09,13,2596.97,true,54,2.21,Repeat customer,0–30 days,1
14562,2010-02-07,2010-02-01,2010-03-08,26,6638.15,true,695,28.98,Repeat customer,0–30 days,1
15422,2010-02-07,2010-02-01,2010-05-18,7,1619.97,true,2401,100.04,Repeat customer,91–180 days,4
15580,2010-02-07,2010-02-01,2010-04-21,8,1375.39,true,1755,73.11,Repeat customer,61–90 days,3
15584,2010-02-07,2010-02-01,2010-11-05,6,1268.2,true,6503,270.97,Repeat customer,181+ days,5
16082,2010-02-07,2010-02-01,,1,106.75,false,,,One-time customer,No repeat purchase,0
16212,2010-02-07,2010-02-01,2010-03-31,4,1293.71,true,1245,51.87,Repeat customer,31–60 days,2
16225,2010-02-07,2010-02-01,2010-02-15,15,2859.31,true,189,7.86,Repeat customer,0–30 days,1
16714,2010-02-07,2010-02-01,2011-01-26,4,1497.33,true,8474,353.1,Repeat customer,181+ days,5
16788,2010-02-07,2010-02-01,2010-06-07,5,1928.93,true,2883,120.12,Repeat customer,91–180 days,4
17550,2010-02-07,2010-02-01,2010-04-25,9,2506.64,true,1846,76.93,Repeat customer,61–90 days,3
12524,2010-02-08,2010-02-01,2010-03-08,17,11126.11,true,667,27.8,Repeat customer,0–30 days,1
12665,2010-02-08,2010-02-01,2010-10-18,3,313.6,true,6044,251.85,Repeat customer,181+ days,5
13304,2010-02-08,2010-02-01,2010-06-11,4,1217.99,true,2953,123.05,Repeat customer,91–180 days,4
13417,2010-02-08,2010-02-01,2010-03-31,6,1669.49,true,1226,51.08,Repeat customer,31–60 days,2
13497,2010-02-08,2010-02-01,2010-03-08,6,1166.83,true,674,28.08,Repeat customer,0–30 days,1
13834,2010-02-08,2010-02-01,2010-05-12,2,324.19,true,2230,92.9,Repeat customer,91–180 days,4
13870,2010-02-08,2010-02-01,2010-05-06,15,5712.08,true,2092,87.2,Repeat customer,61–90 days,3
14227,2010-02-08,2010-02-01,2010-06-01,15,6368.71,true,2715,113.13,Repeat customer,91–180 days,4
14884,2010-02-08,2010-02-01,,1,120.6,false,,,One-time customer,No repeat purchase,0
15339,2010-02-08,2010-02-01,2010-03-26,7,1821.02,true,1108,46.16,Repeat customer,31–60 days,2
15892,2010-02-08,2010-02-01,,1,128.2,false,,,One-time customer,No repeat purchase,0
16078,2010-02-08,2010-02-01,2011-03-01,2,362.99,true,9260,385.85,Repeat customer,181+ days,5
16161,2010-02-08,2010-02-01,2010-03-11,43,12580.06,true,743,30.99,Repeat customer,31–60 days,2
16246,2010-02-08,2010-02-01,2010-09-06,2,821.35,true,5040,209.98,Repeat customer,181+ days,5
16781,2010-02-08,2010-02-01,2010-12-02,2,623,true,7129,297.02,Repeat customer,181+ days,5
17294,2010-02-08,2010-02-01,2010-02-08,2,467.79,true,2,0.08,Repeat customer,0–30 days,1
17319,2010-02-08,2010-02-01,,1,29.1,false,,,One-time customer,No repeat purchase,0
17342,2010-02-08,2010-02-01,2010-02-16,4,1227.54,true,199,8.32,Repeat customer,0–30 days,1
17504,2010-02-08,2010-02-01,2010-03-28,18,9490.17,true,1158,48.26,Repeat customer,31–60 days,2
17514,2010-02-08,2010-02-01,2011-08-03,2,522,true,12985,541.07,Repeat customer,181+ days,5
17647,2010-02-08,2010-02-01,2010-02-08,3,331.66,true,0,0.0,Repeat customer,0–30 days,1
17774,2010-02-08,2010-02-01,2010-03-16,9,3273.83,true,860,35.83,Repeat customer,31–60 days,2
18070,2010-02-08,2010-02-01,,1,314.1,false,,,One-time customer,No repeat purchase,0
12370,2010-02-09,2010-02-01,2010-03-25,7,4316.56,true,1057,44.03,Repeat customer,31–60 days,2
12621,2010-02-09,2010-02-01,2010-03-18,35,24311.2,true,888,37.0,Repeat customer,31–60 days,2
12645,2010-02-09,2010-02-01,2010-03-03,8,3539.3,true,528,21.98,Repeat customer,0–30 days,1
12663,2010-02-09,2010-02-01,2010-03-25,2,239.4,true,1051,43.8,Repeat customer,31–60 days,2
13119,2010-02-09,2010-02-01,,1,134.9,false,,,One-time customer,No repeat purchase,0
13131,2010-02-09,2010-02-01,2010-06-03,7,3313.77,true,2736,113.99,Repeat customer,91–180 days,4
13242,2010-02-09,2010-02-01,2010-05-26,7,699.4,true,2543,105.95,Repeat customer,91–180 days,4
13293,2010-02-09,2010-02-01,2010-03-23,6,1192.94,true,1009,42.05,Repeat customer,31–60 days,2
13976,2010-02-09,2010-02-01,2010-04-28,4,1192.36,true,1874,78.12,Repeat customer,61–90 days,3
13985,2010-02-09,2010-02-01,2010-05-26,22,10020.86,true,2544,105.99,Repeat customer,91–180 days,4
14609,2010-02-09,2010-02-01,2010-05-05,10,1486.2,true,2039,84.97,Repeat customer,61–90 days,3
15082,2010-02-09,2010-02-01,,1,93.35,false,,,One-time customer,No repeat purchase,0
16344,2010-02-09,2010-02-01,2010-04-22,4,842.42,true,1730,72.08,Repeat customer,61–90 days,3
16419,2010-02-09,2010-02-01,2010-05-11,8,1463.7,true,2183,90.95,Repeat customer,91–180 days,4
16530,2010-02-09,2010-02-01,,1,48.35,false,,,One-time customer,No repeat purchase,0
16873,2010-02-09,2010-02-01,2010-05-10,12,14617.39,true,2160,90.01,Repeat customer,91–180 days,4
17083,2010-02-09,2010-02-01,2010-03-31,9,4049.79,true,1204,50.16,Repeat customer,31–60 days,2
17577,2010-02-09,2010-02-01,2010-03-04,2,348.75,true,555,23.12,Repeat customer,0–30 days,1
17731,2010-02-09,2010-02-01,2010-03-28,6,1708.99,true,1128,47.0,Repeat customer,31–60 days,2
12776,2010-02-10,2010-02-01,,1,55.5,false,,,One-time customer,No repeat purchase,0
12932,2010-02-10,2010-02-01,2010-03-08,8,1698.56,true,629,26.21,Repeat customer,0–30 days,1
13092,2010-02-10,2010-02-01,2010-03-21,12,2140.28,true,942,39.22,Repeat customer,31–60 days,2
13164,2010-02-10,2010-02-01,2010-05-19,2,372.2,true,2354,98.08,Repeat customer,91–180 days,4
15176,2010-02-10,2010-02-01,,1,988.04,false,,,One-time customer,No repeat purchase,0
17201,2010-02-10,2010-02-01,2010-06-08,4,1143.1,true,2831,117.97,Repeat customer,91–180 days,4
17575,2010-02-10,2010-02-01,,1,171.7,false,,,One-time customer,No repeat purchase,0
18058,2010-02-10,2010-02-01,2010-06-16,3,774.06,true,3028,126.17,Repeat customer,91–180 days,4
12474,2010-02-11,2010-02-01,2010-04-15,31,12372.75,true,1520,63.32,Repeat customer,61–90 days,3
12567,2010-02-11,2010-02-01,2010-05-06,15,11767.48,true,2016,83.98,Repeat customer,61–90 days,3
12670,2010-02-11,2010-02-01,2010-11-19,7,3760.29,true,6744,280.99,Repeat customer,181+ days,5
12677,2010-02-11,2010-02-01,2010-06-02,2,395.1,true,2665,111.02,Repeat customer,91–180 days,4
13288,2010-02-11,2010-02-01,2010-02-25,5,927.61,true,333,13.85,Repeat customer,0–30 days,1
13291,2010-02-11,2010-02-01,2010-04-01,11,3270.79,true,1173,48.86,Repeat customer,31–60 days,2
13551,2010-02-11,2010-02-01,2011-01-24,2,244.2,true,8327,346.99,Repeat customer,181+ days,5
13629,2010-02-11,2010-02-01,2010-04-14,19,13370.86,true,1484,61.83,Repeat customer,61–90 days,3
13696,2010-02-11,2010-02-01,2010-04-27,3,2020.4,true,1797,74.9,Repeat customer,61–90 days,3
14072,2010-02-11,2010-02-01,,1,390.85,false,,,One-time customer,No repeat purchase,0
14115,2010-02-11,2010-02-01,2010-07-26,2,622.67,true,3961,165.04,Repeat customer,91–180 days,4
14190,2010-02-11,2010-02-01,,1,79.9,false,,,One-time customer,No repeat purchase,0
14301,2010-02-11,2010-02-01,2010-05-16,4,1992.18,true,2256,94.01,Repeat customer,91–180 days,4
15244,2010-02-11,2010-02-01,2011-04-05,3,912.08,true,10033,418.02,Repeat customer,181+ days,5
15765,2010-02-11,2010-02-01,,1,370.63,false,,,One-time customer,No repeat purchase,0
15807,2010-02-11,2010-02-01,2010-10-27,5,1817.52,true,6190,257.9,Repeat customer,181+ days,5
16553,2010-02-11,2010-02-01,2010-02-11,33,16584.01,true,0,0.0,Repeat customer,0–30 days,1
16577,2010-02-11,2010-02-01,,1,380,false,,,One-time customer,No repeat purchase,0
16839,2010-02-11,2010-02-01,2010-04-20,44,21758.25,true,1633,68.04,Repeat customer,61–90 days,3
16978,2010-02-11,2010-02-01,2010-02-11,3,768.88,true,0,0.0,Repeat customer,0–30 days,1
16992,2010-02-11,2010-02-01,2010-06-21,13,5476.5,true,3121,130.04,Repeat customer,91–180 days,4
17685,2010-02-11,2010-02-01,2010-05-26,12,5454.95,true,2494,103.91,Repeat customer,91–180 days,4
12695,2010-02-12,2010-02-01,2010-04-28,7,1407.12,true,1801,75.07,Repeat customer,61–90 days,3
12976,2010-02-12,2010-02-01,2010-03-11,8,3156.38,true,642,26.74,Repeat customer,0–30 days,1
13223,2010-02-12,2010-02-01,2010-05-16,6,969.12,true,2230,92.92,Repeat customer,91–180 days,4
13815,2010-02-12,2010-02-01,2010-06-07,8,7475.74,true,2759,114.97,Repeat customer,91–180 days,4
15278,2010-02-12,2010-02-01,2010-02-12,4,496.16,true,0,0.0,Repeat customer,0–30 days,1
15288,2010-02-12,2010-02-01,2010-04-23,10,3715.38,true,1677,69.89,Repeat customer,61–90 days,3
15293,2010-02-12,2010-02-01,,1,247.5,false,,,One-time customer,No repeat purchase,0
15504,2010-02-12,2010-02-01,2010-04-12,4,402.7,true,1416,59.01,Repeat customer,31–60 days,2
16895,2010-02-12,2010-02-01,2010-03-22,5,1102.9,true,912,38.0,Repeat customer,31–60 days,2
17226,2010-02-12,2010-02-01,2010-09-21,3,895.47,true,5300,220.82,Repeat customer,181+ days,5
17258,2010-02-12,2010-02-01,2010-11-08,2,417.3,true,6453,268.87,Repeat customer,181+ days,5
17547,2010-02-12,2010-02-01,2010-11-29,2,727.85,true,6955,289.8,Repeat customer,181+ days,5
17955,2010-02-12,2010-02-01,2010-02-22,6,949.9,true,235,9.79,Repeat customer,0–30 days,1
13421,2010-02-14,2010-02-01,2010-02-14,8,4058.75,true,0,0.01,Repeat customer,0–30 days,1
13446,2010-02-14,2010-02-01,2010-03-05,11,3881.89,true,458,19.06,Repeat customer,0–30 days,1
13587,2010-02-14,2010-02-01,2010-09-16,4,1673.5,true,5136,214.02,Repeat customer,181+ days,5
14909,2010-02-14,2010-02-01,2010-05-24,3,1404.68,true,2375,98.96,Repeat customer,91–180 days,4
14943,2010-02-14,2010-02-01,,1,107.62,false,,,One-time customer,No repeat purchase,0
14970,2010-02-14,2010-02-01,2010-02-14,12,4919.35,true,0,0.0,Repeat customer,0–30 days,1
15272,2010-02-14,2010-02-01,2010-05-16,6,2030.95,true,2186,91.08,Repeat customer,91–180 days,4
15372,2010-02-14,2010-02-01,2010-02-16,8,6017.06,true,49,2.05,Repeat customer,0–30 days,1
15425,2010-02-14,2010-02-01,2010-03-21,4,1941.12,true,839,34.96,Repeat customer,31–60 days,2
15538,2010-02-14,2010-02-01,2010-03-04,6,3358.4,true,431,17.96,Repeat customer,0–30 days,1
15561,2010-02-14,2010-02-01,2010-05-10,8,1934.39,true,2038,84.92,Repeat customer,61–90 days,3
15964,2010-02-14,2010-02-01,,1,269.21,false,,,One-time customer,No repeat purchase,0
16136,2010-02-14,2010-02-01,2011-03-07,4,946.8,true,9261,385.88,Repeat customer,181+ days,5
16608,2010-02-14,2010-02-01,2010-09-12,2,1286.62,true,5040,209.99,Repeat customer,181+ days,5
16838,2010-02-14,2010-02-01,2010-06-27,4,1159.61,true,3191,132.97,Repeat customer,91–180 days,4
17029,2010-02-14,2010-02-01,2010-03-10,7,2137.3,true,579,24.14,Repeat customer,0–30 days,1
17108,2010-02-14,2010-02-01,,1,174.95,false,,,One-time customer,No repeat purchase,0
17285,2010-02-14,2010-02-01,2010-03-21,2,407.94,true,839,34.98,Repeat customer,31–60 days,2
17340,2010-02-14,2010-02-01,2010-03-21,18,19617.95,true,842,35.05,Repeat customer,31–60 days,2
18179,2010-02-14,2010-02-01,2010-07-05,8,2547.55,true,3379,140.79,Repeat customer,91–180 days,4
12380,2010-02-15,2010-02-01,2010-02-15,11,9676.3,true,0,0.02,Repeat customer,0–30 days,1
12391,2010-02-15,2010-02-01,2010-02-22,6,2724.84,true,168,7.0,Repeat customer,0–30 days,1
12426,2010-02-15,2010-02-01,2011-05-29,2,1345.21,true,11236,468.16,Repeat customer,181+ days,5
14282,2010-02-15,2010-02-01,2010-04-29,25,7250.76,true,1757,73.22,Repeat customer,61–90 days,3
15371,2010-02-15,2010-02-01,,1,59.4,false,,,One-time customer,No repeat purchase,0
16330,2010-02-15,2010-02-01,2010-09-27,7,625.38,true,5376,224.0,Repeat customer,181+ days,5
16544,2010-02-15,2010-02-01,2010-02-15,4,376.7,true,0,0.01,Repeat customer,0–30 days,1
16860,2010-02-15,2010-02-01,2010-06-21,3,1610.62,true,3026,126.09,Repeat customer,91–180 days,4
17136,2010-02-15,2010-02-01,,1,231.68,false,,,One-time customer,No repeat purchase,0
17241,2010-02-15,2010-02-01,2010-03-01,12,2736.64,true,332,13.83,Repeat customer,0–30 days,1
17442,2010-02-15,2010-02-01,2010-05-17,15,4620.3,true,2182,90.91,Repeat customer,91–180 days,4
12960,2010-02-16,2010-02-01,2010-05-11,4,1322.07,true,2015,83.98,Repeat customer,61–90 days,3
12972,2010-02-16,2010-02-01,2010-03-02,4,1161.2,true,334,13.92,Repeat customer,0–30 days,1
13407,2010-02-16,2010-02-01,2010-04-19,3,2244.7,true,1493,62.23,Repeat customer,61–90 days,3
13503,2010-02-16,2010-02-01,2010-02-16,6,1859.24,true,1,0.02,Repeat customer,0–30 days,1
13802,2010-02-16,2010-02-01,2010-03-14,19,26259.11,true,626,26.08,Repeat customer,0–30 days,1
13842,2010-02-16,2010-02-01,2010-02-16,18,5319.34,true,0,0.0,Repeat customer,0–30 days,1
14369,2010-02-16,2010-02-01,2010-03-07,2,469.13,true,461,19.22,Repeat customer,0–30 days,1
14639,2010-02-16,2010-02-01,2010-07-08,9,4978.96,true,3404,141.81,Repeat customer,91–180 days,4
14989,2010-02-16,2010-02-01,,1,342.4,false,,,One-time customer,No repeat purchase,0
15323,2010-02-16,2010-02-01,2010-04-07,3,434.6,true,1206,50.25,Repeat customer,31–60 days,2
15325,2010-02-16,2010-02-01,2010-03-19,8,1601.46,true,741,30.88,Repeat customer,31–60 days,2
16359,2010-02-16,2010-02-01,2010-04-28,16,2697.75,true,1709,71.18,Repeat customer,61–90 days,3
16584,2010-02-16,2010-02-01,2010-07-28,5,3156.17,true,3888,162.0,Repeat customer,91–180 days,4
16774,2010-02-16,2010-02-01,2010-04-20,8,1567.48,true,1508,62.83,Repeat customer,61–90 days,3
16911,2010-02-16,2010-02-01,2010-03-14,2,255.25,true,620,25.84,Repeat customer,0–30 days,1
17171,2010-02-16,2010-02-01,2011-02-23,2,384.59,true,8932,372.19,Repeat customer,181+ days,5
17644,2010-02-16,2010-02-01,2010-03-28,20,6028.6,true,963,40.1,Repeat customer,31–60 days,2
17778,2010-02-16,2010-02-01,,1,197.7,false,,,One-time customer,No repeat purchase,0
17789,2010-02-16,2010-02-01,2011-03-03,2,397.15,true,9120,380.0,Repeat customer,181+ days,5
17931,2010-02-16,2010-02-01,2010-03-04,14,3402.24,true,386,16.08,Repeat customer,0–30 days,1
13613,2010-02-17,2010-02-01,2010-03-23,5,1039.85,true,819,34.13,Repeat customer,31–60 days,2
13659,2010-02-17,2010-02-01,2010-03-11,12,4884.68,true,529,22.07,Repeat customer,0–30 days,1
14244,2010-02-17,2010-02-01,,1,366.42,false,,,One-time customer,No repeat purchase,0
14276,2010-02-17,2010-02-01,2010-08-12,7,2102.68,true,4221,175.87,Repeat customer,91–180 days,4
14584,2010-02-17,2010-02-01,2010-03-19,8,1738.16,true,722,30.1,Repeat customer,31–60 days,2
14944,2010-02-17,2010-02-01,2010-02-17,19,9784.67,true,0,0.0,Repeat customer,0–30 days,1
16447,2010-02-17,2010-02-01,2010-04-28,3,727.1,true,1679,69.97,Repeat customer,61–90 days,3
16938,2010-02-17,2010-02-01,2010-05-04,9,6995.36,true,1824,75.97,Repeat customer,61–90 days,3
17426,2010-02-17,2010-02-01,2010-04-08,13,8077.77,true,1197,49.86,Repeat customer,31–60 days,2
17560,2010-02-17,2010-02-01,2010-05-19,8,1895.8,true,2181,90.9,Repeat customer,91–180 days,4
18218,2010-02-17,2010-02-01,2010-04-22,4,1121.84,true,1533,63.89,Repeat customer,61–90 days,3
18285,2010-02-17,2010-02-01,,1,427,false,,,One-time customer,No repeat purchase,0
12891,2010-02-18,2010-02-01,2010-03-23,11,840.5,true,793,33.03,Repeat customer,31–60 days,2
12898,2010-02-18,2010-02-01,2010-09-02,2,296.21,true,4700,195.81,Repeat customer,181+ days,5
12993,2010-02-18,2010-02-01,2010-03-18,8,1259.63,true,678,28.25,Repeat customer,0–30 days,1
13020,2010-02-18,2010-02-01,2010-05-26,2,618.96,true,2329,97.03,Repeat customer,91–180 days,4
13431,2010-02-18,2010-02-01,2010-04-21,8,3316.24,true,1489,62.03,Repeat customer,61–90 days,3
13579,2010-02-18,2010-02-01,2010-09-10,5,1374.34,true,4895,203.94,Repeat customer,181+ days,5
13773,2010-02-18,2010-02-01,2010-11-08,2,301.54,true,6313,263.06,Repeat customer,181+ days,5
14152,2010-02-18,2010-02-01,2010-08-02,7,1997.34,true,3958,164.91,Repeat customer,91–180 days,4
14322,2010-02-18,2010-02-01,2010-03-12,4,474.1,true,529,22.02,Repeat customer,0–30 days,1
14495,2010-02-18,2010-02-01,2011-08-10,3,174.8,true,12918,538.23,Repeat customer,181+ days,5
14686,2010-02-18,2010-02-01,2010-02-18,5,852.53,true,0,0.0,Repeat customer,0–30 days,1
14783,2010-02-18,2010-02-01,,1,307.3,false,,,One-time customer,No repeat purchase,0
14890,2010-02-18,2010-02-01,2010-03-31,3,817.25,true,984,41.03,Repeat customer,31–60 days,2
15306,2010-02-18,2010-02-01,2010-04-23,9,3484.73,true,1531,63.79,Repeat customer,61–90 days,3
15693,2010-02-18,2010-02-01,,1,37.5,false,,,One-time customer,No repeat purchase,0
16170,2010-02-18,2010-02-01,2010-03-26,20,6869,true,863,35.94,Repeat customer,31–60 days,2
16487,2010-02-18,2010-02-01,2010-05-11,2,209.4,true,1964,81.83,Repeat customer,61–90 days,3
17721,2010-02-18,2010-02-01,,1,307.21,false,,,One-time customer,No repeat purchase,0
17763,2010-02-18,2010-02-01,2010-02-24,4,86.15,true,143,5.96,Repeat customer,0–30 days,1
18153,2010-02-18,2010-02-01,,1,246.22,false,,,One-time customer,No repeat purchase,0
18178,2010-02-18,2010-02-01,2010-03-12,11,6103.74,true,529,22.06,Repeat customer,0–30 days,1
18257,2010-02-18,2010-02-01,2010-05-27,12,4600.15,true,2350,97.93,Repeat customer,91–180 days,4
13191,2010-02-19,2010-02-01,,1,164.69,false,,,One-time customer,No repeat purchase,0
13333,2010-02-19,2010-02-01,2010-09-08,3,1015.74,true,4824,201.0,Repeat customer,181+ days,5
13552,2010-02-19,2010-02-01,2010-02-19,22,6948.92,true,0,0.0,Repeat customer,0–30 days,1
13604,2010-02-19,2010-02-01,,1,717.62,false,,,One-time customer,No repeat purchase,0
13662,2010-02-19,2010-02-01,2010-02-19,11,2233.61,true,0,0.0,Repeat customer,0–30 days,1
13957,2010-02-19,2010-02-01,2010-05-16,3,458.25,true,2068,86.18,Repeat customer,61–90 days,3
16574,2010-02-19,2010-02-01,2010-10-12,3,1301.78,true,5638,234.9,Repeat customer,181+ days,5
17145,2010-02-19,2010-02-01,2010-07-06,4,3120.91,true,3292,137.17,Repeat customer,91–180 days,4
18283,2010-02-19,2010-02-01,2010-03-02,22,2664.9,true,260,10.84,Repeat customer,0–30 days,1
12416,2010-02-21,2010-02-01,,1,202.56,false,,,One-time customer,No repeat purchase,0
12945,2010-02-21,2010-02-01,2011-02-24,2,900.11,true,8831,367.96,Repeat customer,181+ days,5
13761,2010-02-21,2010-02-01,2010-05-14,6,1952.17,true,1966,81.94,Repeat customer,61–90 days,3
13980,2010-02-21,2010-02-01,2010-05-11,5,768.82,true,1895,78.97,Repeat customer,61–90 days,3
14602,2010-02-21,2010-02-01,,1,205.36,false,,,One-time customer,No repeat purchase,0
14878,2010-02-21,2010-02-01,2010-02-21,25,4076.5,true,0,0.0,Repeat customer,0–30 days,1
15182,2010-02-21,2010-02-01,2010-05-25,11,2998.95,true,2230,92.92,Repeat customer,91–180 days,4
15774,2010-02-21,2010-02-01,2010-04-06,6,1288.34,true,1053,43.88,Repeat customer,31–60 days,2
15928,2010-02-21,2010-02-01,,1,293.53,false,,,One-time customer,No repeat purchase,0
15988,2010-02-21,2010-02-01,2010-06-06,3,738.89,true,2521,105.05,Repeat customer,91–180 days,4
16273,2010-02-21,2010-02-01,2010-03-01,2,318.34,true,189,7.89,Repeat customer,0–30 days,1
16450,2010-02-21,2010-02-01,2010-05-04,3,1505.73,true,1726,71.91,Repeat customer,61–90 days,3
16693,2010-02-21,2010-02-01,2010-07-11,5,1179.48,true,3359,139.93,Repeat customer,91–180 days,4
16948,2010-02-21,2010-02-01,2010-05-10,7,868.77,true,1868,77.83,Repeat customer,61–90 days,3
17332,2010-02-21,2010-02-01,2010-03-14,5,838.27,true,502,20.9,Repeat customer,0–30 days,1
12360,2010-02-22,2010-02-01,2010-03-24,8,4252.89,true,721,30.05,Repeat customer,31–60 days,2
12389,2010-02-22,2010-02-01,2010-05-21,3,1433.33,true,2117,88.21,Repeat customer,61–90 days,3
13217,2010-02-22,2010-02-01,2011-07-06,4,666.48,true,11976,498.97,Repeat customer,181+ days,5
13340,2010-02-22,2010-02-01,2010-02-22,12,22100.56,true,0,0.0,Repeat customer,0–30 days,1
13434,2010-02-22,2010-02-01,2010-09-05,5,1666.86,true,4685,195.18,Repeat customer,181+ days,5
13513,2010-02-22,2010-02-01,2010-09-24,3,824.59,true,5136,213.99,Repeat customer,181+ days,5
13540,2010-02-22,2010-02-01,2010-02-22,3,632.39,true,0,0.0,Repeat customer,0–30 days,1
14997,2010-02-22,2010-02-01,2011-06-14,4,776.6,true,11452,477.2,Repeat customer,181+ days,5
15673,2010-02-22,2010-02-01,2010-04-08,9,6204.32,true,1079,44.95,Repeat customer,31–60 days,2
15754,2010-02-22,2010-02-01,2010-03-04,9,3037.61,true,236,9.84,Repeat customer,0–30 days,1
16071,2010-02-22,2010-02-01,2010-03-23,4,1076.8,true,692,28.82,Repeat customer,0–30 days,1
16619,2010-02-22,2010-02-01,2010-04-20,4,1938.33,true,1370,57.12,Repeat customer,31–60 days,2
17081,2010-02-22,2010-02-01,2010-05-23,6,949.39,true,2159,89.98,Repeat customer,61–90 days,3
17195,2010-02-22,2010-02-01,,1,562.98,false,,,One-time customer,No repeat purchase,0
17259,2010-02-22,2010-02-01,2010-06-28,6,1452.39,true,3024,126.01,Repeat customer,91–180 days,4
17439,2010-02-22,2010-02-01,,1,325.74,false,,,One-time customer,No repeat purchase,0
17829,2010-02-22,2010-02-01,2010-08-19,5,4756.74,true,4272,178.0,Repeat customer,91–180 days,4
12727,2010-02-23,2010-02-01,2010-06-10,10,5679.53,true,2568,106.99,Repeat customer,91–180 days,4
13052,2010-02-23,2010-02-01,2010-04-13,7,3119.33,true,1178,49.06,Repeat customer,31–60 days,2
13330,2010-02-23,2010-02-01,2010-05-23,6,2796.1,true,2137,89.03,Repeat customer,61–90 days,3
13490,2010-02-23,2010-02-01,,1,154.25,false,,,One-time customer,No repeat purchase,0
13772,2010-02-23,2010-02-01,2010-05-06,8,3100.02,true,1726,71.91,Repeat customer,61–90 days,3
14112,2010-02-23,2010-02-01,2010-05-17,13,5834.59,true,1987,82.78,Repeat customer,61–90 days,3
14726,2010-02-23,2010-02-01,,1,116.5,false,,,One-time customer,No repeat purchase,0
15241,2010-02-23,2010-02-01,2010-05-18,11,3050.16,true,2013,83.86,Repeat customer,61–90 days,3
15295,2010-02-23,2010-02-01,,1,207.04,false,,,One-time customer,No repeat purchase,0
15493,2010-02-23,2010-02-01,2010-04-06,9,4121.68,true,1008,42.02,Repeat customer,31–60 days,2
15955,2010-02-23,2010-02-01,2010-03-11,22,8085.98,true,381,15.87,Repeat customer,0–30 days,1
16416,2010-02-23,2010-02-01,2010-07-21,9,2957.88,true,3553,148.05,Repeat customer,91–180 days,4
17667,2010-02-23,2010-02-01,2010-06-28,9,3950.7,true,3004,125.16,Repeat customer,91–180 days,4
12482,2010-02-24,2010-02-01,2010-02-24,29,23691.4,true,0,0.01,Repeat customer,0–30 days,1
12909,2010-02-24,2010-02-01,2010-05-24,8,3103.19,true,2137,89.04,Repeat customer,61–90 days,3
12998,2010-02-24,2010-02-01,2010-04-08,3,920.08,true,1038,43.21,Repeat customer,31–60 days,2
13104,2010-02-24,2010-02-01,2010-06-24,9,1709.1,true,2875,119.79,Repeat customer,91–180 days,4
13469,2010-02-24,2010-02-01,,1,82.4,false,,,One-time customer,No repeat purchase,0
13765,2010-02-24,2010-02-01,,1,352.82,false,,,One-time customer,No repeat purchase,0
13944,2010-02-24,2010-02-01,,1,200.43,false,,,One-time customer,No repeat purchase,0
14284,2010-02-24,2010-02-01,2011-09-14,3,1299.65,true,13609,567.04,Repeat customer,181+ days,5
14535,2010-02-24,2010-02-01,2010-03-25,9,5973.23,true,695,28.97,Repeat customer,0–30 days,1
14681,2010-02-24,2010-02-01,2010-03-05,6,875.15,true,220,9.17,Repeat customer,0–30 days,1
15058,2010-02-24,2010-02-01,2010-04-26,16,3387.58,true,1460,60.85,Repeat customer,61–90 days,3
15290,2010-02-24,2010-02-01,2010-05-07,26,10496.28,true,1726,71.94,Repeat customer,61–90 days,3
15439,2010-02-24,2010-02-01,2010-02-24,4,1269.05,true,0,0.0,Repeat customer,0–30 days,1
15659,2010-02-24,2010-02-01,2010-11-18,3,532.49,true,6405,266.89,Repeat customer,181+ days,5
16208,2010-02-24,2010-02-01,2010-03-09,10,3440.45,true,310,12.94,Repeat customer,0–30 days,1
16388,2010-02-24,2010-02-01,,1,186.05,false,,,One-time customer,No repeat purchase,0
16406,2010-02-24,2010-02-01,2010-09-15,3,528.36,true,4872,203.0,Repeat customer,181+ days,5
17358,2010-02-24,2010-02-01,2010-10-24,5,861.01,true,5802,241.76,Repeat customer,181+ days,5
13240,2010-02-25,2010-02-01,2010-02-25,8,1475.79,true,0,0.01,Repeat customer,0–30 days,1
13334,2010-02-25,2010-02-01,2010-06-21,5,6201.8,true,2785,116.06,Repeat customer,91–180 days,4
13652,2010-02-25,2010-02-01,2010-10-07,5,2262.05,true,5373,223.87,Repeat customer,181+ days,5
13771,2010-02-25,2010-02-01,2010-05-27,9,5728.82,true,2184,90.98,Repeat customer,91–180 days,4
13935,2010-02-25,2010-02-01,2010-03-17,3,6116.92,true,474,19.76,Repeat customer,0–30 days,1
14006,2010-02-25,2010-02-01,2010-04-22,7,2196.67,true,1349,56.18,Repeat customer,31–60 days,2
14402,2010-02-25,2010-02-01,,1,285.6,false,,,One-time customer,No repeat purchase,0
14740,2010-02-25,2010-02-01,2010-03-04,11,4161.06,true,172,7.17,Repeat customer,0–30 days,1
14770,2010-02-25,2010-02-01,2010-04-07,8,3637.64,true,979,40.76,Repeat customer,31–60 days,2
16118,2010-02-25,2010-02-01,,1,4376.25,false,,,One-time customer,No repeat purchase,0
16471,2010-02-25,2010-02-01,2010-05-20,4,1189.98,true,2017,84.07,Repeat customer,61–90 days,3
16677,2010-02-25,2010-02-01,2010-10-24,2,880.62,true,5782,240.95,Repeat customer,181+ days,5
17200,2010-02-25,2010-02-01,2010-02-25,4,356.71,true,0,0.0,Repeat customer,0–30 days,1
17207,2010-02-25,2010-02-01,,1,292.62,false,,,One-time customer,No repeat purchase,0
17534,2010-02-25,2010-02-01,2010-05-21,5,1668.83,true,2033,84.7,Repeat customer,61–90 days,3
17863,2010-02-25,2010-02-01,2010-05-23,12,5360.48,true,2091,87.14,Repeat customer,61–90 days,3
17883,2010-02-25,2010-02-01,2010-06-18,7,988.42,true,2708,112.85,Repeat customer,91–180 days,4
18009,2010-02-25,2010-02-01,2010-03-23,8,2144.23,true,626,26.05,Repeat customer,0–30 days,1
13598,2010-02-26,2010-02-01,2010-02-26,5,761.96,true,0,0.0,Repeat customer,0–30 days,1
14177,2010-02-26,2010-02-01,2010-02-26,13,2209.69,true,1,0.0,Repeat customer,0–30 days,1
14459,2010-02-26,2010-02-01,2011-07-07,2,5375.74,true,11904,496.01,Repeat customer,181+ days,5
15124,2010-02-26,2010-02-01,2010-08-20,4,450.82,true,4202,175.07,Repeat customer,91–180 days,4
15366,2010-02-26,2010-02-01,2010-04-21,7,2389.08,true,1295,53.99,Repeat customer,31–60 days,2
16631,2010-02-26,2010-02-01,2010-04-15,7,1892.52,true,1150,47.91,Repeat customer,31–60 days,2
16913,2010-02-26,2010-02-01,2010-02-26,3,423.91,true,0,0.0,Repeat customer,0–30 days,1
17011,2010-02-26,2010-02-01,2010-03-02,3,671.7,true,100,4.17,Repeat customer,0–30 days,1
13561,2010-02-28,2010-02-01,2010-03-07,11,1803.4,true,169,7.03,Repeat customer,0–30 days,1
14807,2010-02-28,2010-02-01,2010-11-14,2,504.14,true,6217,259.05,Repeat customer,181+ days,5
15149,2010-02-28,2010-02-01,2010-02-28,5,1554.61,true,0,0.0,Repeat customer,0–30 days,1
15477,2010-02-28,2010-02-01,,1,368.4,false,,,One-time customer,No repeat purchase,0
15569,2010-02-28,2010-02-01,2010-04-18,10,3583.45,true,1177,49.01,Repeat customer,31–60 days,2
15664,2010-02-28,2010-02-01,2010-05-07,4,1254.03,true,1628,67.81,Repeat customer,61–90 days,3
15990,2010-02-28,2010-02-01,2010-03-17,7,1997.75,true,404,16.85,Repeat customer,0–30 days,1
16283,2010-02-28,2010-02-01,2010-06-30,8,4350.32,true,2929,122.06,Repeat customer,91–180 days,4
16939,2010-02-28,2010-02-01,2010-03-28,3,433.85,true,671,27.97,Repeat customer,0–30 days,1
17373,2010-02-28,2010-02-01,2010-09-23,7,1167.5,true,4964,206.85,Repeat customer,181+ days,5
17760,2010-02-28,2010-02-01,2010-03-22,6,746.39,true,527,21.96,Repeat customer,0–30 days,1
18046,2010-02-28,2010-02-01,,1,189.63,false,,,One-time customer,No repeat purchase,0
18069,2010-02-28,2010-02-01,2010-02-28,11,4464.92,true,0,0.0,Repeat customer,0–30 days,1
12598,2010-03-01,2010-03-01,2010-03-03,11,4534.09,true,55,2.25,Repeat customer,0–30 days,1
13010,2010-03-01,2010-03-01,2010-11-30,2,330.12,true,6580,274.15,Repeat customer,181+ days,5
13018,2010-03-01,2010-03-01,2010-03-01,35,9763.16,true,0,0.0,Repeat customer,0–30 days,1
13911,2010-03-01,2010-03-01,2010-03-08,20,4234.99,true,167,6.95,Repeat customer,0–30 days,1
14131,2010-03-01,2010-03-01,,1,168.22,false,,,One-time customer,No repeat purchase,0
14257,2010-03-01,2010-03-01,2010-07-26,9,5954.45,true,3526,146.93,Repeat customer,91–180 days,4
14798,2010-03-01,2010-03-01,2010-04-08,8,724.31,true,912,38.0,Repeat customer,31–60 days,2
15219,2010-03-01,2010-03-01,2011-06-16,2,685.45,true,11333,472.23,Repeat customer,181+ days,5
15603,2010-03-01,2010-03-01,2011-09-22,2,88.48,true,13674,569.75,Repeat customer,181+ days,5
16037,2010-03-01,2010-03-01,2010-06-13,5,1509.34,true,2495,103.96,Repeat customer,91–180 days,4
16511,2010-03-01,2010-03-01,2010-09-21,6,1760.49,true,4897,204.05,Repeat customer,181+ days,5
16519,2010-03-01,2010-03-01,2010-08-11,4,439.06,true,3913,163.03,Repeat customer,91–180 days,4
16521,2010-03-01,2010-03-01,2010-10-20,3,1140.11,true,5591,232.98,Repeat customer,181+ days,5
16731,2010-03-01,2010-03-01,,1,170.3,false,,,One-time customer,No repeat purchase,0
17116,2010-03-01,2010-03-01,,1,389.78,false,,,One-time customer,No repeat purchase,0
17305,2010-03-01,2010-03-01,,1,2135.46,false,,,One-time customer,No repeat purchase,0
17359,2010-03-01,2010-03-01,2011-11-28,2,284.46,true,15288,636.99,Repeat customer,181+ days,5
12525,2010-03-02,2010-03-01,2010-06-01,3,973.73,true,2179,90.82,Repeat customer,91–180 days,4
12731,2010-03-02,2010-03-01,2010-05-16,17,25775.71,true,1806,75.26,Repeat customer,61–90 days,3
12809,2010-03-02,2010-03-01,2010-05-23,3,1755.94,true,1965,81.87,Repeat customer,61–90 days,3
13126,2010-03-02,2010-03-01,2010-04-23,13,3774.81,true,1250,52.09,Repeat customer,31–60 days,2
13593,2010-03-02,2010-03-01,2010-03-02,14,5493.29,true,1,0.02,Repeat customer,0–30 days,1
13797,2010-03-02,2010-03-01,2010-05-20,3,1179.45,true,1896,79.03,Repeat customer,61–90 days,3
14818,2010-03-02,2010-03-01,2010-07-05,6,1153.56,true,3005,125.19,Repeat customer,91–180 days,4
15606,2010-03-02,2010-03-01,2010-04-01,17,5230.99,true,716,29.82,Repeat customer,0–30 days,1
15927,2010-03-02,2010-03-01,,1,106.54,false,,,One-time customer,No repeat purchase,0
16177,2010-03-02,2010-03-01,2010-05-20,8,2247.31,true,1895,79.0,Repeat customer,61–90 days,3
16520,2010-03-02,2010-03-01,2010-04-29,6,2148.38,true,1392,58.0,Repeat customer,31–60 days,2
16946,2010-03-02,2010-03-01,2010-03-10,5,1222.04,true,192,8.0,Repeat customer,0–30 days,1
16960,2010-03-02,2010-03-01,2010-06-01,8,1990.88,true,2182,90.91,Repeat customer,91–180 days,4
17330,2010-03-02,2010-03-01,2010-06-13,4,423.8,true,2475,103.13,Repeat customer,91–180 days,4
17477,2010-03-02,2010-03-01,2010-04-06,2,1144.3,true,839,34.93,Repeat customer,31–60 days,2
12594,2010-03-03,2010-03-01,2010-06-14,15,5090.11,true,2468,102.83,Repeat customer,91–180 days,4
13214,2010-03-03,2010-03-01,2010-03-21,7,3264.23,true,428,17.86,Repeat customer,0–30 days,1
13294,2010-03-03,2010-03-01,2011-04-04,3,1689.53,true,9528,396.99,Repeat customer,181+ days,5
13595,2010-03-03,2010-03-01,2010-05-09,3,784.48,true,1604,66.84,Repeat customer,61–90 days,3
13663,2010-03-03,2010-03-01,2010-10-13,5,2047.51,true,5380,224.2,Repeat customer,181+ days,5
13722,2010-03-03,2010-03-01,2010-07-27,10,5635.41,true,3500,145.86,Repeat customer,91–180 days,4
13793,2010-03-03,2010-03-01,,1,96,false,,,One-time customer,No repeat purchase,0
13873,2010-03-03,2010-03-01,2010-05-14,8,1038.92,true,1728,71.99,Repeat customer,61–90 days,3
14142,2010-03-03,2010-03-01,2010-12-01,2,671.34,true,6553,273.06,Repeat customer,181+ days,5
14157,2010-03-03,2010-03-01,2010-10-18,5,978.69,true,5495,228.96,Repeat customer,181+ days,5
15875,2010-03-03,2010-03-01,,1,108.52,false,,,One-time customer,No repeat purchase,0
16099,2010-03-03,2010-03-01,2010-04-26,7,1573.2,true,1296,53.99,Repeat customer,31–60 days,2
16285,2010-03-03,2010-03-01,,1,176.9,false,,,One-time customer,No repeat purchase,0
16461,2010-03-03,2010-03-01,2010-04-28,3,1545.83,true,1342,55.91,Repeat customer,31–60 days,2
16636,2010-03-03,2010-03-01,2010-03-19,4,3802.04,true,380,15.85,Repeat customer,0–30 days,1
16947,2010-03-03,2010-03-01,2010-05-27,5,955.21,true,2043,85.1,Repeat customer,61–90 days,3
17020,2010-03-03,2010-03-01,2010-06-15,2,935.62,true,2497,104.03,Repeat customer,91–180 days,4
18148,2010-03-03,2010-03-01,,1,112.85,false,,,One-time customer,No repeat purchase,0
18152,2010-03-03,2010-03-01,,1,426.69,false,,,One-time customer,No repeat purchase,0
12371,2010-03-04,2010-03-01,2010-03-04,5,4067.38,true,0,0.0,Repeat customer,0–30 days,1
13377,2010-03-04,2010-03-01,2010-11-08,2,1552.88,true,5978,249.09,Repeat customer,181+ days,5
13835,2010-03-04,2010-03-01,2010-03-24,7,1095.27,true,484,20.17,Repeat customer,0–30 days,1
13879,2010-03-04,2010-03-01,,1,395.5,false,,,One-time customer,No repeat purchase,0
13881,2010-03-04,2010-03-01,2010-03-19,43,45179.1,true,356,14.84,Repeat customer,0–30 days,1
14018,2010-03-04,2010-03-01,,1,367.15,false,,,One-time customer,No repeat purchase,0
14097,2010-03-04,2010-03-01,2010-08-15,2,422.86,true,3940,164.15,Repeat customer,91–180 days,4
14426,2010-03-04,2010-03-01,2010-05-11,17,11727.94,true,1628,67.84,Repeat customer,61–90 days,3
14748,2010-03-04,2010-03-01,2010-04-01,10,2681.9,true,669,27.88,Repeat customer,0–30 days,1
15030,2010-03-04,2010-03-01,2010-03-18,8,1979.91,true,336,14.02,Repeat customer,0–30 days,1
15084,2010-03-04,2010-03-01,2010-11-25,2,965.2,true,6385,266.05,Repeat customer,181+ days,5
15622,2010-03-04,2010-03-01,2010-04-22,17,7852.61,true,1177,49.06,Repeat customer,31–60 days,2
16096,2010-03-04,2010-03-01,2010-04-30,4,1584.97,true,1365,56.86,Repeat customer,31–60 days,2
16859,2010-03-04,2010-03-01,2010-07-07,7,1932.41,true,2997,124.87,Repeat customer,91–180 days,4
17049,2010-03-04,2010-03-01,2010-03-31,19,9942.53,true,652,27.15,Repeat customer,0–30 days,1
17159,2010-03-04,2010-03-01,2010-08-19,5,2099.59,true,4029,167.87,Repeat customer,91–180 days,4
17448,2010-03-04,2010-03-01,2010-03-07,46,14523.67,true,66,2.75,Repeat customer,0–30 days,1
17663,2010-03-04,2010-03-01,2010-03-08,17,5175.83,true,101,4.2,Repeat customer,0–30 days,1
17847,2010-03-04,2010-03-01,2010-07-12,2,129.69,true,3118,129.88,Repeat customer,91–180 days,4
17930,2010-03-04,2010-03-01,2010-03-19,13,4275.22,true,360,14.98,Repeat customer,0–30 days,1
18151,2010-03-04,2010-03-01,2010-04-15,6,1879.44,true,1012,42.15,Repeat customer,31–60 days,2
18272,2010-03-04,2010-03-01,2010-04-22,9,4385.98,true,1178,49.05,Repeat customer,31–60 days,2
12399,2010-03-05,2010-03-01,2010-07-08,7,1962.3,true,3001,125.02,Repeat customer,91–180 days,4
12497,2010-03-05,2010-03-01,2010-11-04,3,6248.5,true,5859,244.12,Repeat customer,181+ days,5
12568,2010-03-05,2010-03-01,,1,70,false,,,One-time customer,No repeat purchase,0
13280,2010-03-05,2010-03-01,2010-10-07,7,2293.33,true,5191,216.31,Repeat customer,181+ days,5
13476,2010-03-05,2010-03-01,2010-08-10,5,2061.47,true,3793,158.03,Repeat customer,91–180 days,4
13515,2010-03-05,2010-03-01,2010-09-16,6,1265.82,true,4684,195.13,Repeat customer,181+ days,5
13544,2010-03-05,2010-03-01,2010-06-01,6,790.2,true,2112,88.0,Repeat customer,61–90 days,3
13799,2010-03-05,2010-03-01,2010-04-11,9,2803.57,true,884,36.81,Repeat customer,31–60 days,2
14186,2010-03-05,2010-03-01,2010-04-26,5,1550.63,true,1249,52.07,Repeat customer,31–60 days,2
14233,2010-03-05,2010-03-01,2010-04-28,7,2904.27,true,1294,53.89,Repeat customer,31–60 days,2
14852,2010-03-05,2010-03-01,2010-03-05,18,6132.43,true,1,0.02,Repeat customer,0–30 days,1
14957,2010-03-05,2010-03-01,2011-03-31,2,261.69,true,9391,391.3,Repeat customer,181+ days,5
15094,2010-03-05,2010-03-01,2010-09-02,2,83,true,4348,181.17,Repeat customer,181+ days,5
15630,2010-03-05,2010-03-01,2011-05-19,3,1481.4,true,10556,439.82,Repeat customer,181+ days,5
15929,2010-03-05,2010-03-01,,1,594,false,,,One-time customer,No repeat purchase,0
15978,2010-03-05,2010-03-01,2010-10-03,3,3279.42,true,5088,211.98,Repeat customer,181+ days,5
17006,2010-03-05,2010-03-01,2010-10-06,8,1635.27,true,5163,215.11,Repeat customer,181+ days,5
17190,2010-03-05,2010-03-01,2010-06-08,7,1726.57,true,2279,94.95,Repeat customer,91–180 days,4
17718,2010-03-05,2010-03-01,2011-04-21,2,439.18,true,9893,412.23,Repeat customer,181+ days,5
18226,2010-03-05,2010-03-01,2010-06-01,26,11878.88,true,2114,88.08,Repeat customer,61–90 days,3
12530,2010-03-07,2010-03-01,2010-04-21,9,3759.26,true,1077,44.88,Repeat customer,31–60 days,2
13201,2010-03-07,2010-03-01,2010-05-24,4,1233.06,true,1877,78.21,Repeat customer,61–90 days,3
13276,2010-03-07,2010-03-01,2010-07-25,5,1891.91,true,3361,140.06,Repeat customer,91–180 days,4
13508,2010-03-07,2010-03-01,2011-04-10,2,287.05,true,9576,399.0,Repeat customer,181+ days,5
13764,2010-03-07,2010-03-01,2010-03-07,6,2919.62,true,1,0.01,Repeat customer,0–30 days,1
14172,2010-03-07,2010-03-01,2010-03-11,3,369.02,true,99,4.1,Repeat customer,0–30 days,1
14205,2010-03-07,2010-03-01,2010-05-05,9,2414.2,true,1418,59.1,Repeat customer,31–60 days,2
14877,2010-03-07,2010-03-01,2010-10-17,2,425.85,true,5377,224.03,Repeat customer,181+ days,5
15443,2010-03-07,2010-03-01,2010-03-25,14,5114.23,true,431,17.97,Repeat customer,0–30 days,1
15631,2010-03-07,2010-03-01,,1,596.67,false,,,One-time customer,No repeat purchase,0
16271,2010-03-07,2010-03-01,2010-06-06,10,3397.82,true,2182,90.95,Repeat customer,91–180 days,4
16310,2010-03-07,2010-03-01,2010-10-21,2,460.08,true,5471,227.96,Repeat customer,181+ days,5
16331,2010-03-07,2010-03-01,2010-03-17,6,2037.7,true,240,9.99,Repeat customer,0–30 days,1
16466,2010-03-07,2010-03-01,2010-04-11,15,3767.09,true,838,34.93,Repeat customer,31–60 days,2
16534,2010-03-07,2010-03-01,,1,635.9,false,,,One-time customer,No repeat purchase,0
16984,2010-03-07,2010-03-01,2010-03-24,9,10350.53,true,408,17.0,Repeat customer,0–30 days,1
17158,2010-03-07,2010-03-01,2010-06-10,5,1980,true,2275,94.78,Repeat customer,91–180 days,4
17236,2010-03-07,2010-03-01,2010-03-21,12,1929.26,true,335,14.0,Repeat customer,0–30 days,1
17589,2010-03-07,2010-03-01,2010-03-28,18,13837.94,true,505,21.04,Repeat customer,0–30 days,1
17734,2010-03-07,2010-03-01,2010-04-11,6,1442.32,true,838,34.92,Repeat customer,31–60 days,2
18029,2010-03-07,2010-03-01,,1,433.77,false,,,One-time customer,No repeat purchase,0
18253,2010-03-07,2010-03-01,,1,317.88,false,,,One-time customer,No repeat purchase,0
12369,2010-03-08,2010-03-01,2010-09-16,3,1791.15,true,4614,192.27,Repeat customer,181+ days,5
12514,2010-03-08,2010-03-01,2011-03-17,2,1597.76,true,8980,374.18,Repeat customer,181+ days,5
12765,2010-03-08,2010-03-01,2010-04-08,6,1404.58,true,745,31.02,Repeat customer,31–60 days,2
12825,2010-03-08,2010-03-01,2010-07-06,2,518.63,true,2883,120.15,Repeat customer,91–180 days,4
13157,2010-03-08,2010-03-01,2010-05-14,9,5687.36,true,1607,66.95,Repeat customer,61–90 days,3
13454,2010-03-08,2010-03-01,,1,219.87,false,,,One-time customer,No repeat purchase,0
14493,2010-03-08,2010-03-01,2010-04-26,10,5087.86,true,1178,49.08,Repeat customer,31–60 days,2
15791,2010-03-08,2010-03-01,2010-04-28,5,3608.34,true,1226,51.08,Repeat customer,31–60 days,2
15847,2010-03-08,2010-03-01,2010-09-22,5,822.57,true,4758,198.25,Repeat customer,181+ days,5
16275,2010-03-08,2010-03-01,2010-08-22,3,2151.11,true,4005,166.87,Repeat customer,91–180 days,4
16537,2010-03-08,2010-03-01,,1,23.35,false,,,One-time customer,No repeat purchase,0
16568,2010-03-08,2010-03-01,2010-10-08,2,1020.9,true,5132,213.84,Repeat customer,181+ days,5
16628,2010-03-08,2010-03-01,2010-10-28,7,2318.1,true,5612,233.84,Repeat customer,181+ days,5
16681,2010-03-08,2010-03-01,2011-03-31,7,1921.84,true,9311,387.98,Repeat customer,181+ days,5
16754,2010-03-08,2010-03-01,2010-03-15,29,65500.07,true,169,7.06,Repeat customer,0–30 days,1
17002,2010-03-08,2010-03-01,2010-03-08,7,2571.55,true,0,0.0,Repeat customer,0–30 days,1
17025,2010-03-08,2010-03-01,2010-10-25,5,1349.67,true,5546,231.08,Repeat customer,181+ days,5
17289,2010-03-08,2010-03-01,2010-03-12,9,2041.8,true,95,3.96,Repeat customer,0–30 days,1
17298,2010-03-08,2010-03-01,2010-08-03,5,954.26,true,3556,148.16,Repeat customer,91–180 days,4
17325,2010-03-08,2010-03-01,2010-10-25,3,609.57,true,5542,230.91,Repeat customer,181+ days,5
17438,2010-03-08,2010-03-01,2010-06-04,5,1422.77,true,2104,87.66,Repeat customer,61–90 days,3
17488,2010-03-08,2010-03-01,,1,336.5,false,,,One-time customer,No repeat purchase,0
17542,2010-03-08,2010-03-01,2010-03-08,3,340.85,true,0,0.01,Repeat customer,0–30 days,1
17682,2010-03-08,2010-03-01,2010-04-14,11,4065.28,true,891,37.11,Repeat customer,31–60 days,2
17857,2010-03-08,2010-03-01,2010-12-09,24,27347.04,true,6623,275.98,Repeat customer,181+ days,5
17960,2010-03-08,2010-03-01,2010-07-05,3,135.08,true,2853,118.9,Repeat customer,91–180 days,4
18245,2010-03-08,2010-03-01,2010-03-26,20,6324.98,true,430,17.9,Repeat customer,0–30 days,1
12495,2010-03-09,2010-03-01,,1,357.4,false,,,One-time customer,No repeat purchase,0
12542,2010-03-09,2010-03-01,2010-08-12,2,481.88,true,3747,156.12,Repeat customer,91–180 days,4
13283,2010-03-09,2010-03-01,2010-05-21,4,373.36,true,1751,72.97,Repeat customer,61–90 days,3
13627,2010-03-09,2010-03-01,2010-08-08,7,2245.9,true,3648,152.02,Repeat customer,91–180 days,4
14147,2010-03-09,2010-03-01,2010-05-10,9,2590.2,true,1485,61.88,Repeat customer,61–90 days,3
15250,2010-03-09,2010-03-01,,1,60,false,,,One-time customer,No repeat purchase,0
15437,2010-03-09,2010-03-01,2011-03-22,2,393.45,true,9075,378.1,Repeat customer,181+ days,5
15722,2010-03-09,2010-03-01,2010-03-25,11,5234,true,386,16.1,Repeat customer,0–30 days,1
15921,2010-03-09,2010-03-01,2010-10-18,4,775.26,true,5352,223.0,Repeat customer,181+ days,5
16182,2010-03-09,2010-03-01,2010-04-28,9,9971.65,true,1201,50.04,Repeat customer,31–60 days,2
16707,2010-03-09,2010-03-01,2010-05-06,4,533.41,true,1390,57.94,Repeat customer,31–60 days,2
16756,2010-03-09,2010-03-01,2010-04-26,7,1312.37,true,1149,47.84,Repeat customer,31–60 days,2
16854,2010-03-09,2010-03-01,2010-10-18,2,1408.96,true,5354,223.08,Repeat customer,181+ days,5
17266,2010-03-09,2010-03-01,2010-07-28,5,501.72,true,3390,141.25,Repeat customer,91–180 days,4
17907,2010-03-09,2010-03-01,,1,291.76,false,,,One-time customer,No repeat purchase,0
18039,2010-03-09,2010-03-01,2010-05-16,4,548.22,true,1634,68.08,Repeat customer,61–90 days,3
12638,2010-03-10,2010-03-01,2011-11-06,2,921.49,true,14547,606.11,Repeat customer,181+ days,5
13305,2010-03-10,2010-03-01,2010-07-27,16,3616.41,true,3337,139.02,Repeat customer,91–180 days,4
13316,2010-03-10,2010-03-01,2010-08-13,10,12940.82,true,3749,156.21,Repeat customer,91–180 days,4
13484,2010-03-10,2010-03-01,2010-11-21,3,790.72,true,6146,256.08,Repeat customer,181+ days,5
13566,2010-03-10,2010-03-01,2010-07-18,5,1688.6,true,3120,130.0,Repeat customer,91–180 days,4
14403,2010-03-10,2010-03-01,2010-04-29,6,1880.51,true,1194,49.78,Repeat customer,31–60 days,2
14676,2010-03-10,2010-03-01,2010-03-31,12,8356.79,true,510,21.23,Repeat customer,0–30 days,1
14924,2010-03-10,2010-03-01,2010-04-08,3,931.01,true,699,29.12,Repeat customer,0–30 days,1
15558,2010-03-10,2010-03-01,,1,202.68,false,,,One-time customer,No repeat purchase,0
16258,2010-03-10,2010-03-01,2010-04-30,15,11942.52,true,1217,50.74,Repeat customer,31–60 days,2
16611,2010-03-10,2010-03-01,2010-03-30,6,1785.13,true,477,19.89,Repeat customer,0–30 days,1
16846,2010-03-10,2010-03-01,2010-05-11,3,842.41,true,1489,62.07,Repeat customer,61–90 days,3
17338,2010-03-10,2010-03-01,2010-05-24,17,11889.33,true,1798,74.92,Repeat customer,61–90 days,3
17348,2010-03-10,2010-03-01,2010-04-27,9,2442.29,true,1150,47.94,Repeat customer,31–60 days,2
12954,2010-03-11,2010-03-01,,1,162.45,false,,,One-time customer,No repeat purchase,0
13715,2010-03-11,2010-03-01,2010-04-28,17,8153.04,true,1151,47.97,Repeat customer,31–60 days,2
14060,2010-03-11,2010-03-01,2010-05-16,30,8898.24,true,1585,66.04,Repeat customer,61–90 days,3
16387,2010-03-11,2010-03-01,2010-09-12,5,882.46,true,4440,185.01,Repeat customer,181+ days,5
12692,2010-03-12,2010-03-01,,1,110.95,false,,,One-time customer,No repeat purchase,0
13573,2010-03-12,2010-03-01,2010-09-16,6,904.52,true,4511,187.99,Repeat customer,181+ days,5
13724,2010-03-12,2010-03-01,,1,213.01,false,,,One-time customer,No repeat purchase,0
13795,2010-03-12,2010-03-01,2010-07-21,4,836.3,true,3143,130.95,Repeat customer,91–180 days,4
13824,2010-03-12,2010-03-01,2010-04-29,12,3314.76,true,1149,47.88,Repeat customer,31–60 days,2
14745,2010-03-12,2010-03-01,2010-05-06,12,2551.41,true,1324,55.17,Repeat customer,31–60 days,2
14824,2010-03-12,2010-03-01,2010-04-29,10,4022.91,true,1151,47.97,Repeat customer,31–60 days,2
15008,2010-03-12,2010-03-01,2010-08-16,2,360,true,3770,157.08,Repeat customer,91–180 days,4
15221,2010-03-12,2010-03-01,2010-04-25,4,2062.2,true,1061,44.22,Repeat customer,31–60 days,2
15941,2010-03-12,2010-03-01,,1,405,false,,,One-time customer,No repeat purchase,0
16347,2010-03-12,2010-03-01,2010-04-01,11,3442.96,true,479,19.96,Repeat customer,0–30 days,1
17065,2010-03-12,2010-03-01,2010-03-12,2,194.7,true,0,0.0,Repeat customer,0–30 days,1
17228,2010-03-12,2010-03-01,2010-05-02,13,2820.03,true,1227,51.11,Repeat customer,31–60 days,2
17588,2010-03-12,2010-03-01,2010-06-07,7,2939.55,true,2091,87.14,Repeat customer,61–90 days,3
13183,2010-03-14,2010-03-01,2010-05-06,15,7036.18,true,1271,52.95,Repeat customer,31–60 days,2
13688,2010-03-14,2010-03-01,,1,375.5,false,,,One-time customer,No repeat purchase,0
15665,2010-03-14,2010-03-01,2010-08-22,5,3987.07,true,3862,160.94,Repeat customer,91–180 days,4
15994,2010-03-14,2010-03-01,2010-10-24,3,1175.68,true,5377,224.01,Repeat customer,181+ days,5
16586,2010-03-14,2010-03-01,2010-09-21,3,1462.78,true,4583,190.95,Repeat customer,181+ days,5
17849,2010-03-14,2010-03-01,2010-03-14,8,1063.76,true,0,0.0,Repeat customer,0–30 days,1
18149,2010-03-14,2010-03-01,2010-06-06,7,1553.96,true,2016,83.99,Repeat customer,61–90 days,3
13530,2010-03-15,2010-03-01,,1,402.98,false,,,One-time customer,No repeat purchase,0
13600,2010-03-15,2010-03-01,2011-01-31,2,518.42,true,7726,321.92,Repeat customer,181+ days,5
14195,2010-03-15,2010-03-01,2010-05-07,6,2615.6,true,1267,52.81,Repeat customer,31–60 days,2
14315,2010-03-15,2010-03-01,2010-05-24,8,3197.82,true,1681,70.05,Repeat customer,61–90 days,3
14534,2010-03-15,2010-03-01,2010-06-07,26,6187.66,true,2014,83.94,Repeat customer,61–90 days,3
14645,2010-03-15,2010-03-01,2011-03-09,3,876.89,true,8614,358.93,Repeat customer,181+ days,5
14857,2010-03-15,2010-03-01,2010-03-15,7,3651.85,true,0,0.0,Repeat customer,0–30 days,1
15117,2010-03-15,2010-03-01,2010-03-15,8,2485.97,true,0,0.0,Repeat customer,0–30 days,1
16242,2010-03-15,2010-03-01,2010-04-26,14,7404.65,true,1007,41.99,Repeat customer,31–60 days,2
18135,2010-03-15,2010-03-01,2010-04-28,10,1249.62,true,1054,43.91,Repeat customer,31–60 days,2
12366,2010-03-16,2010-03-01,,1,500.24,false,,,One-time customer,No repeat purchase,0
12701,2010-03-16,2010-03-01,2010-06-01,6,2446.41,true,1845,76.89,Repeat customer,61–90 days,3
14496,2010-03-16,2010-03-01,2010-05-09,7,2363.89,true,1297,54.03,Repeat customer,31–60 days,2
14604,2010-03-16,2010-03-01,,1,143.86,false,,,One-time customer,No repeat purchase,0
14872,2010-03-16,2010-03-01,2010-05-04,3,816.6,true,1171,48.79,Repeat customer,31–60 days,2
14873,2010-03-16,2010-03-01,2011-05-13,2,854.13,true,10155,423.13,Repeat customer,181+ days,5
15123,2010-03-16,2010-03-01,2010-09-27,5,4656.17,true,4684,195.17,Repeat customer,181+ days,5
15227,2010-03-16,2010-03-01,2010-05-18,9,2488.49,true,1514,63.07,Repeat customer,61–90 days,3
15946,2010-03-16,2010-03-01,2010-07-25,3,2304.18,true,3146,131.06,Repeat customer,91–180 days,4
17478,2010-03-16,2010-03-01,2010-10-27,2,1272.8,true,5401,225.03,Repeat customer,181+ days,5
17568,2010-03-16,2010-03-01,,1,374.45,false,,,One-time customer,No repeat purchase,0
18063,2010-03-16,2010-03-01,2010-11-14,2,186.6,true,5829,242.9,Repeat customer,181+ days,5
13275,2010-03-17,2010-03-01,2010-11-21,2,238.86,true,5974,248.92,Repeat customer,181+ days,5
13371,2010-03-17,2010-03-01,2010-07-22,2,2297.66,true,3050,127.09,Repeat customer,91–180 days,4
13612,2010-03-17,2010-03-01,,1,818.29,false,,,One-time customer,No repeat purchase,0
16254,2010-03-17,2010-03-01,2010-07-26,3,967.44,true,3143,130.94,Repeat customer,91–180 days,4
16652,2010-03-17,2010-03-01,2010-04-27,16,17550.39,true,985,41.04,Repeat customer,31–60 days,2
16777,2010-03-17,2010-03-01,2010-06-27,5,1292.18,true,2447,101.94,Repeat customer,91–180 days,4
16917,2010-03-17,2010-03-01,2011-03-08,2,1851.88,true,8540,355.85,Repeat customer,181+ days,5
17479,2010-03-17,2010-03-01,,1,389.26,false,,,One-time customer,No repeat purchase,0
17933,2010-03-17,2010-03-01,,1,114.69,false,,,One-time customer,No repeat purchase,0
18196,2010-03-17,2010-03-01,2010-08-25,4,1457.19,true,3865,161.03,Repeat customer,91–180 days,4
12615,2010-03-18,2010-03-01,2010-07-23,8,5740.98,true,3048,127.0,Repeat customer,91–180 days,4
13057,2010-03-18,2010-03-01,2010-06-24,3,709.59,true,2353,98.03,Repeat customer,91–180 days,4
13128,2010-03-18,2010-03-01,,1,263.5,false,,,One-time customer,No repeat purchase,0
13230,2010-03-18,2010-03-01,2010-04-30,30,6120.01,true,1027,42.82,Repeat customer,31–60 days,2
13243,2010-03-18,2010-03-01,2010-09-16,5,1220.38,true,4368,182.0,Repeat customer,181+ days,5
13406,2010-03-18,2010-03-01,2010-10-08,2,568.92,true,4903,204.3,Repeat customer,181+ days,5
14400,2010-03-18,2010-03-01,2010-10-27,3,1732.47,true,5353,223.07,Repeat customer,181+ days,5
14427,2010-03-18,2010-03-01,2010-08-02,4,1263.52,true,3290,137.07,Repeat customer,91–180 days,4
14651,2010-03-18,2010-03-01,2010-03-18,9,2025.52,true,0,0.0,Repeat customer,0–30 days,1
15461,2010-03-18,2010-03-01,2010-09-05,2,429.7,true,4104,170.99,Repeat customer,91–180 days,4
15496,2010-03-18,2010-03-01,,1,146.14,false,,,One-time customer,No repeat purchase,0
15775,2010-03-18,2010-03-01,2011-04-08,2,150.5,true,9269,386.23,Repeat customer,181+ days,5
15819,2010-03-18,2010-03-01,2010-03-18,10,3934.79,true,0,0.0,Repeat customer,0–30 days,1
15918,2010-03-18,2010-03-01,2011-03-13,3,582.88,true,8644,360.18,Repeat customer,181+ days,5
16108,2010-03-18,2010-03-01,2010-05-06,4,2235.92,true,1178,49.09,Repeat customer,31–60 days,2
16199,2010-03-18,2010-03-01,2010-06-09,7,942.75,true,1989,82.85,Repeat customer,61–90 days,3
16303,2010-03-18,2010-03-01,2010-05-20,7,7928.27,true,1509,62.91,Repeat customer,61–90 days,3
16336,2010-03-18,2010-03-01,2010-03-18,4,3517.69,true,0,0.0,Repeat customer,0–30 days,1
16385,2010-03-18,2010-03-01,2010-11-15,5,881.35,true,5809,242.03,Repeat customer,181+ days,5
16571,2010-03-18,2010-03-01,2010-05-25,10,4248.74,true,1634,68.11,Repeat customer,61–90 days,3
16668,2010-03-18,2010-03-01,2010-06-01,13,862.42,true,1794,74.75,Repeat customer,61–90 days,3
16977,2010-03-18,2010-03-01,2010-05-02,4,496,true,1079,44.98,Repeat customer,31–60 days,2
17349,2010-03-18,2010-03-01,2010-06-18,5,772.41,true,2208,91.99,Repeat customer,91–180 days,4
18131,2010-03-18,2010-03-01,,1,222.96,false,,,One-time customer,No repeat purchase,0
18187,2010-03-18,2010-03-01,,1,724.89,false,,,One-time customer,No repeat purchase,0
18247,2010-03-18,2010-03-01,2010-06-08,3,839.73,true,1967,81.94,Repeat customer,61–90 days,3
12418,2010-03-19,2010-03-01,2010-05-12,4,2021.2,true,1295,53.93,Repeat customer,31–60 days,2
12908,2010-03-19,2010-03-01,2010-07-22,5,1776,true,2999,124.93,Repeat customer,91–180 days,4
13150,2010-03-19,2010-03-01,2010-08-12,3,449.97,true,3507,146.16,Repeat customer,91–180 days,4
14292,2010-03-19,2010-03-01,2010-04-29,16,9226.25,true,987,41.13,Repeat customer,31–60 days,2
14316,2010-03-19,2010-03-01,2010-05-07,5,1370.34,true,1169,48.73,Repeat customer,31–60 days,2
14832,2010-03-19,2010-03-01,,1,322.69,false,,,One-time customer,No repeat purchase,0
14851,2010-03-19,2010-03-01,2011-03-28,3,829.41,true,8979,374.13,Repeat customer,181+ days,5
15760,2010-03-19,2010-03-01,2010-03-19,2,13916.34,true,0,0.01,Repeat customer,0–30 days,1
16008,2010-03-19,2010-03-01,2010-04-23,15,5339.13,true,843,35.16,Repeat customer,31–60 days,2
16508,2010-03-19,2010-03-01,,1,240.95,false,,,One-time customer,No repeat purchase,0
16716,2010-03-19,2010-03-01,2011-02-01,3,2149.68,true,7660,319.19,Repeat customer,181+ days,5
17673,2010-03-19,2010-03-01,2010-04-26,13,4173.88,true,909,37.89,Repeat customer,31–60 days,2
17738,2010-03-19,2010-03-01,2010-04-07,13,4183.56,true,462,19.26,Repeat customer,0–30 days,1
17838,2010-03-19,2010-03-01,2010-03-19,13,5604.64,true,0,0.0,Repeat customer,0–30 days,1
12368,2010-03-21,2010-03-01,,1,917.7,false,,,One-time customer,No repeat purchase,0
12796,2010-03-21,2010-03-01,,1,381,false,,,One-time customer,No repeat purchase,0
13451,2010-03-21,2010-03-01,2010-05-16,11,7090.06,true,1344,55.99,Repeat customer,31–60 days,2
13466,2010-03-21,2010-03-01,2010-07-27,5,1013.35,true,3068,127.83,Repeat customer,91–180 days,4
15650,2010-03-21,2010-03-01,2010-07-06,2,553.88,true,2567,106.95,Repeat customer,91–180 days,4
16039,2010-03-21,2010-03-01,2010-10-12,2,456.4,true,4915,204.81,Repeat customer,181+ days,5
16397,2010-03-21,2010-03-01,,1,123.13,false,,,One-time customer,No repeat purchase,0
17051,2010-03-21,2010-03-01,2010-05-02,4,706.49,true,1009,42.02,Repeat customer,31–60 days,2
17133,2010-03-21,2010-03-01,2010-04-11,12,14622.33,true,503,20.95,Repeat customer,0–30 days,1
17472,2010-03-21,2010-03-01,2011-02-13,4,922.35,true,7897,329.05,Repeat customer,181+ days,5
17587,2010-03-21,2010-03-01,,1,176.71,false,,,One-time customer,No repeat purchase,0
18078,2010-03-21,2010-03-01,2010-10-10,4,725.53,true,4873,203.01,Repeat customer,181+ days,5
18085,2010-03-21,2010-03-01,2010-11-11,4,1341.85,true,5646,235.24,Repeat customer,181+ days,5
12639,2010-03-22,2010-03-01,2010-10-01,3,1312.37,true,4635,193.13,Repeat customer,181+ days,5
13151,2010-03-22,2010-03-01,2010-03-24,3,2465.21,true,47,1.96,Repeat customer,0–30 days,1
13357,2010-03-22,2010-03-01,2010-03-22,5,3805.51,true,0,0.01,Repeat customer,0–30 days,1
13482,2010-03-22,2010-03-01,2011-04-21,2,336.09,true,9487,395.27,Repeat customer,181+ days,5
14175,2010-03-22,2010-03-01,2010-05-05,8,7678.88,true,1055,43.96,Repeat customer,31–60 days,2
14355,2010-03-22,2010-03-01,2010-09-16,3,840.05,true,4272,178.01,Repeat customer,91–180 days,4
14464,2010-03-22,2010-03-01,2010-05-20,2,111,true,1419,59.11,Repeat customer,31–60 days,2
14817,2010-03-22,2010-03-01,2010-04-18,7,3959.86,true,648,27.02,Repeat customer,0–30 days,1
14928,2010-03-22,2010-03-01,,1,223.91,false,,,One-time customer,No repeat purchase,0
16132,2010-03-22,2010-03-01,2010-06-13,2,664.2,true,1995,83.14,Repeat customer,61–90 days,3
16441,2010-03-22,2010-03-01,2010-09-30,5,1019.13,true,4610,192.09,Repeat customer,181+ days,5
17552,2010-03-22,2010-03-01,2010-05-10,12,2786.77,true,1181,49.2,Repeat customer,31–60 days,2
12918,2010-03-23,2010-03-01,,1,10953.5,false,,,One-time customer,No repeat purchase,0
13445,2010-03-23,2010-03-01,,1,241.9,false,,,One-time customer,No repeat purchase,0
13706,2010-03-23,2010-03-01,2011-02-10,2,631.17,true,7776,324.0,Repeat customer,181+ days,5
14166,2010-03-23,2010-03-01,2010-07-22,2,251.15,true,2908,121.19,Repeat customer,91–180 days,4
14344,2010-03-23,2010-03-01,2010-04-14,20,2993.05,true,526,21.92,Repeat customer,0–30 days,1
14596,2010-03-23,2010-03-01,,1,222.22,false,,,One-time customer,No repeat purchase,0
14762,2010-03-23,2010-03-01,2011-03-21,2,417.57,true,8705,362.7,Repeat customer,181+ days,5
15105,2010-03-23,2010-03-01,2010-10-05,9,3094.91,true,4706,196.08,Repeat customer,181+ days,5
15614,2010-03-23,2010-03-01,2010-07-27,4,3147.36,true,3025,126.07,Repeat customer,91–180 days,4
15869,2010-03-23,2010-03-01,2011-03-07,3,321.11,true,8377,349.02,Repeat customer,181+ days,5
16578,2010-03-23,2010-03-01,,1,156.6,false,,,One-time customer,No repeat purchase,0
16615,2010-03-23,2010-03-01,,1,291.5,false,,,One-time customer,No repeat purchase,0
16970,2010-03-23,2010-03-01,,1,71.4,false,,,One-time customer,No repeat purchase,0
17640,2010-03-23,2010-03-01,2010-03-24,6,3168.94,true,28,1.17,Repeat customer,0–30 days,1
12742,2010-03-24,2010-03-01,,1,1201.52,false,,,One-time customer,No repeat purchase,0
13252,2010-03-24,2010-03-01,2010-11-10,2,399.3,true,5550,231.23,Repeat customer,181+ days,5
13896,2010-03-24,2010-03-01,,1,388.55,false,,,One-time customer,No repeat purchase,0
13988,2010-03-24,2010-03-01,2010-11-21,8,4757.8,true,5809,242.07,Repeat customer,181+ days,5
14026,2010-03-24,2010-03-01,2010-08-26,2,713.11,true,3716,154.85,Repeat customer,91–180 days,4
14729,2010-03-24,2010-03-01,2010-03-24,3,586.24,true,0,0.0,Repeat customer,0–30 days,1
15086,2010-03-24,2010-03-01,2010-05-24,2,218.53,true,1463,60.94,Repeat customer,61–90 days,3
15447,2010-03-24,2010-03-01,2010-04-20,5,492.88,true,643,26.8,Repeat customer,0–30 days,1
16002,2010-03-24,2010-03-01,,1,169.21,false,,,One-time customer,No repeat purchase,0
16077,2010-03-24,2010-03-01,,1,2300.4,false,,,One-time customer,No repeat purchase,0
16444,2010-03-24,2010-03-01,2010-05-07,17,3625.88,true,1055,43.97,Repeat customer,31–60 days,2
16741,2010-03-24,2010-03-01,,1,173.06,false,,,One-time customer,No repeat purchase,0
17072,2010-03-24,2010-03-01,,1,273.35,false,,,One-time customer,No repeat purchase,0
18189,2010-03-24,2010-03-01,2011-03-17,3,1403.73,true,8592,357.99,Repeat customer,181+ days,5
12726,2010-03-25,2010-03-01,2010-06-10,11,4014.6,true,1848,77.01,Repeat customer,61–90 days,3
12791,2010-03-25,2010-03-01,2010-03-26,6,863.51,true,19,0.78,Repeat customer,0–30 days,1
12870,2010-03-25,2010-03-01,2010-08-19,3,1676.95,true,3528,147.01,Repeat customer,91–180 days,4
13187,2010-03-25,2010-03-01,2010-03-25,4,341.36,true,2,0.07,Repeat customer,0–30 days,1
13285,2010-03-25,2010-03-01,2010-04-18,6,3364.59,true,575,23.97,Repeat customer,0–30 days,1
13705,2010-03-25,2010-03-01,2010-06-18,7,1717.19,true,2037,84.89,Repeat customer,61–90 days,3
13849,2010-03-25,2010-03-01,2010-10-01,5,3469.3,true,4562,190.12,Repeat customer,181+ days,5
13900,2010-03-25,2010-03-01,2010-07-23,6,1610.59,true,2881,120.04,Repeat customer,91–180 days,4
13969,2010-03-25,2010-03-01,2010-04-29,35,12973.46,true,840,35.01,Repeat customer,31–60 days,2
14202,2010-03-25,2010-03-01,2010-06-01,3,847.76,true,1633,68.04,Repeat customer,61–90 days,3
14704,2010-03-25,2010-03-01,2010-10-11,11,1752.92,true,4794,199.77,Repeat customer,181+ days,5
14947,2010-03-25,2010-03-01,2010-04-15,6,1049.79,true,504,21.01,Repeat customer,0–30 days,1
15027,2010-03-25,2010-03-01,2010-05-06,10,3195.6,true,1008,41.98,Repeat customer,31–60 days,2
15374,2010-03-25,2010-03-01,2011-08-03,2,307.32,true,11901,495.91,Repeat customer,181+ days,5
15698,2010-03-25,2010-03-01,,1,46.2,false,,,One-time customer,No repeat purchase,0
16090,2010-03-25,2010-03-01,,1,180.56,false,,,One-time customer,No repeat purchase,0
16794,2010-03-25,2010-03-01,2010-05-06,15,2052.7,true,1012,42.19,Repeat customer,31–60 days,2
16943,2010-03-25,2010-03-01,2010-06-18,5,1299.49,true,2038,84.9,Repeat customer,61–90 days,3
17001,2010-03-25,2010-03-01,2010-06-27,19,6640.8,true,2258,94.08,Repeat customer,91–180 days,4
17301,2010-03-25,2010-03-01,2011-11-18,2,294.39,true,14472,603.02,Repeat customer,181+ days,5
17353,2010-03-25,2010-03-01,2010-08-05,4,3242,true,3188,132.83,Repeat customer,91–180 days,4
17484,2010-03-25,2010-03-01,2010-05-12,2,209.57,true,1151,47.98,Repeat customer,31–60 days,2
12477,2010-03-26,2010-03-01,2010-07-02,9,20276.37,true,2346,97.77,Repeat customer,91–180 days,4
13117,2010-03-26,2010-03-01,2010-04-26,18,2255.66,true,741,30.87,Repeat customer,31–60 days,2
14013,2010-03-26,2010-03-01,2010-11-24,5,1084.57,true,5838,243.26,Repeat customer,181+ days,5
14074,2010-03-26,2010-03-01,,1,219.4,false,,,One-time customer,No repeat purchase,0
14253,2010-03-26,2010-03-01,2010-08-03,2,363.4,true,3119,129.99,Repeat customer,91–180 days,4
14330,2010-03-26,2010-03-01,,1,200.63,false,,,One-time customer,No repeat purchase,0
14537,2010-03-26,2010-03-01,2011-10-13,2,641.4,true,13581,565.88,Repeat customer,181+ days,5
14994,2010-03-26,2010-03-01,2010-04-30,5,946.72,true,837,34.88,Repeat customer,31–60 days,2
15249,2010-03-26,2010-03-01,2010-04-16,18,9266,true,501,20.88,Repeat customer,0–30 days,1
15552,2010-03-26,2010-03-01,2011-05-06,2,252.52,true,9742,405.94,Repeat customer,181+ days,5
15789,2010-03-26,2010-03-01,2010-06-15,6,1962.01,true,1944,81.01,Repeat customer,61–90 days,3
16286,2010-03-26,2010-03-01,2010-08-19,2,328.95,true,3509,146.2,Repeat customer,91–180 days,4
16493,2010-03-26,2010-03-01,2010-07-05,7,2132.09,true,2424,101.0,Repeat customer,91–180 days,4
16601,2010-03-26,2010-03-01,2010-11-14,3,677,true,5590,232.91,Repeat customer,181+ days,5
16807,2010-03-26,2010-03-01,2010-05-13,6,2123.88,true,1152,48.0,Repeat customer,31–60 days,2
16833,2010-03-26,2010-03-01,2010-09-26,6,2409.04,true,4412,183.83,Repeat customer,181+ days,5
17582,2010-03-26,2010-03-01,2010-05-16,5,1446.95,true,1224,51.02,Repeat customer,31–60 days,2
18166,2010-03-26,2010-03-01,,1,175.5,false,,,One-time customer,No repeat purchase,0
18188,2010-03-26,2010-03-01,2010-04-22,6,3280.59,true,647,26.94,Repeat customer,0–30 days,1
18215,2010-03-26,2010-03-01,2010-06-30,5,2232.49,true,2307,96.15,Repeat customer,91–180 days,4
12910,2010-03-28,2010-03-01,2010-08-03,13,5796.52,true,3071,127.98,Repeat customer,91–180 days,4
13053,2010-03-28,2010-03-01,,1,127.65,false,,,One-time customer,No repeat purchase,0
13113,2010-03-28,2010-03-01,2010-05-02,37,18230.07,true,839,34.98,Repeat customer,31–60 days,2
13684,2010-03-28,2010-03-01,2010-05-26,4,594.88,true,1415,58.94,Repeat customer,31–60 days,2
14078,2010-03-28,2010-03-01,2010-05-17,9,1553.47,true,1200,50.02,Repeat customer,31–60 days,2
14101,2010-03-28,2010-03-01,2010-05-20,13,9961.93,true,1272,52.99,Repeat customer,31–60 days,2
14378,2010-03-28,2010-03-01,,1,131.25,false,,,One-time customer,No repeat purchase,0
14572,2010-03-28,2010-03-01,2010-05-30,11,5526.88,true,1513,63.04,Repeat customer,61–90 days,3
14583,2010-03-28,2010-03-01,2010-06-24,8,1660.29,true,2111,87.97,Repeat customer,61–90 days,3
14805,2010-03-28,2010-03-01,2010-07-11,7,1082.55,true,2520,105.02,Repeat customer,91–180 days,4
14809,2010-03-28,2010-03-01,2010-03-28,2,686.76,true,0,0.0,Repeat customer,0–30 days,1
15068,2010-03-28,2010-03-01,2010-10-17,4,1174.9,true,4875,203.12,Repeat customer,181+ days,5
15141,2010-03-28,2010-03-01,2010-05-10,7,1388.47,true,1030,42.91,Repeat customer,31–60 days,2
15231,2010-03-28,2010-03-01,,1,250.26,false,,,One-time customer,No repeat purchase,0
15289,2010-03-28,2010-03-01,2010-09-07,5,1593.09,true,3913,163.04,Repeat customer,91–180 days,4
15423,2010-03-28,2010-03-01,2010-05-07,3,266.89,true,956,39.82,Repeat customer,31–60 days,2
15570,2010-03-28,2010-03-01,2010-04-21,25,8736.49,true,577,24.04,Repeat customer,0–30 days,1
15848,2010-03-28,2010-03-01,,1,137.99,false,,,One-time customer,No repeat purchase,0
16549,2010-03-28,2010-03-01,2010-04-18,34,12781.8,true,504,21.0,Repeat customer,0–30 days,1
16666,2010-03-28,2010-03-01,2011-11-20,2,217.71,true,14447,601.95,Repeat customer,181+ days,5
16784,2010-03-28,2010-03-01,2010-08-03,5,892.33,true,3069,127.85,Repeat customer,91–180 days,4
16934,2010-03-28,2010-03-01,2010-05-30,6,2083.14,true,1512,63.0,Repeat customer,61–90 days,3
17068,2010-03-28,2010-03-01,2010-04-11,47,8987.68,true,336,13.99,Repeat customer,0–30 days,1
17518,2010-03-28,2010-03-01,2010-10-10,2,329.42,true,4703,195.96,Repeat customer,181+ days,5
17827,2010-03-28,2010-03-01,2010-12-10,6,2376.17,true,6166,256.92,Repeat customer,181+ days,5
12496,2010-03-29,2010-03-01,2010-03-29,2,45.34,true,1,0.01,Repeat customer,0–30 days,1
13412,2010-03-29,2010-03-01,,1,487.35,false,,,One-time customer,No repeat purchase,0
15981,2010-03-29,2010-03-01,2010-03-30,21,9362.77,true,26,1.1,Repeat customer,0–30 days,1
16036,2010-03-29,2010-03-01,2010-10-11,4,2556.84,true,4705,196.01,Repeat customer,181+ days,5
16176,2010-03-29,2010-03-01,2010-04-22,4,2052.69,true,579,24.12,Repeat customer,0–30 days,1
16456,2010-03-29,2010-03-01,2010-04-27,13,6000.94,true,697,29.04,Repeat customer,0–30 days,1
16502,2010-03-29,2010-03-01,2010-03-29,2,258.55,true,0,0.0,Repeat customer,0–30 days,1
16532,2010-03-29,2010-03-01,2010-10-04,5,8756.64,true,4537,189.06,Repeat customer,181+ days,5
17046,2010-03-29,2010-03-01,2010-08-12,5,1906.07,true,3263,135.95,Repeat customer,91–180 days,4
17664,2010-03-29,2010-03-01,2010-08-22,4,1166.23,true,3500,145.83,Repeat customer,91–180 days,4
17994,2010-03-29,2010-03-01,2010-05-10,11,2270.03,true,1007,41.94,Repeat customer,31–60 days,2
12861,2010-03-30,2010-03-01,,1,68.25,false,,,One-time customer,No repeat purchase,0
12990,2010-03-30,2010-03-01,2010-07-22,7,955.5,true,2735,113.95,Repeat customer,91–180 days,4
13051,2010-03-30,2010-03-01,2010-05-10,2,155.8,true,982,40.92,Repeat customer,31–60 days,2
13676,2010-03-30,2010-03-01,2010-06-18,2,243.9,true,1921,80.03,Repeat customer,61–90 days,3
13856,2010-03-30,2010-03-01,2010-04-20,11,1142.03,true,500,20.85,Repeat customer,0–30 days,1
14235,2010-03-30,2010-03-01,2010-05-19,9,4717.99,true,1198,49.93,Repeat customer,31–60 days,2
14492,2010-03-30,2010-03-01,2010-06-03,7,1921.91,true,1561,65.06,Repeat customer,61–90 days,3
14882,2010-03-30,2010-03-01,2010-04-27,14,3546.65,true,672,28.02,Repeat customer,0–30 days,1
14935,2010-03-30,2010-03-01,2011-02-15,2,2849.83,true,7731,322.12,Repeat customer,181+ days,5
15029,2010-03-30,2010-03-01,,1,365.1,false,,,One-time customer,No repeat purchase,0
15122,2010-03-30,2010-03-01,2010-05-04,11,4487.27,true,840,35.0,Repeat customer,31–60 days,2
15575,2010-03-30,2010-03-01,,1,30.1,false,,,One-time customer,No repeat purchase,0
15715,2010-03-30,2010-03-01,2010-04-22,5,658.02,true,555,23.14,Repeat customer,0–30 days,1
15742,2010-03-30,2010-03-01,,1,156.87,false,,,One-time customer,No repeat purchase,0
16455,2010-03-30,2010-03-01,2010-10-07,11,3995.57,true,4590,191.24,Repeat customer,181+ days,5
16570,2010-03-30,2010-03-01,2010-05-19,20,7434.31,true,1201,50.04,Repeat customer,31–60 days,2
16658,2010-03-30,2010-03-01,2010-05-25,6,690.83,true,1344,56.02,Repeat customer,31–60 days,2
17217,2010-03-30,2010-03-01,2011-04-19,2,210.1,true,9244,385.16,Repeat customer,181+ days,5
17464,2010-03-30,2010-03-01,2010-07-05,3,907.14,true,2328,97.01,Repeat customer,91–180 days,4
17586,2010-03-30,2010-03-01,,1,167.4,false,,,One-time customer,No repeat purchase,0
17602,2010-03-30,2010-03-01,2010-03-30,14,7354.43,true,0,0.0,Repeat customer,0–30 days,1
17676,2010-03-30,2010-03-01,2010-06-30,10,2448.64,true,2209,92.03,Repeat customer,91–180 days,4
18025,2010-03-30,2010-03-01,2010-05-25,6,1177.72,true,1344,56.0,Repeat customer,31–60 days,2
13059,2010-03-31,2010-03-01,2010-03-31,10,2291.77,true,0,0.02,Repeat customer,0–30 days,1
13179,2010-03-31,2010-03-01,,1,572.31,false,,,One-time customer,No repeat purchase,0
13219,2010-03-31,2010-03-01,,1,76.23,false,,,One-time customer,No repeat purchase,0
13464,2010-03-31,2010-03-01,2010-08-23,6,3097.64,true,3481,145.03,Repeat customer,91–180 days,4
13803,2010-03-31,2010-03-01,2010-10-04,3,1338.91,true,4488,187.04,Repeat customer,181+ days,5
14706,2010-03-31,2010-03-01,,1,367.54,false,,,One-time customer,No repeat purchase,0
15125,2010-03-31,2010-03-01,2010-03-31,24,17024.87,true,0,0.0,Repeat customer,0–30 days,1
15216,2010-03-31,2010-03-01,2011-09-13,2,486.09,true,12746,531.08,Repeat customer,181+ days,5
15454,2010-03-31,2010-03-01,2010-12-12,2,305.99,true,6145,256.05,Repeat customer,181+ days,5
15741,2010-03-31,2010-03-01,2010-09-07,2,208.62,true,3845,160.18,Repeat customer,91–180 days,4
15792,2010-03-31,2010-03-01,2010-11-05,2,933.84,true,5255,218.94,Repeat customer,181+ days,5
15796,2010-03-31,2010-03-01,2010-04-18,17,5171.63,true,429,17.9,Repeat customer,0–30 days,1
15800,2010-03-31,2010-03-01,2010-03-31,7,1227.07,true,0,0.0,Repeat customer,0–30 days,1
16133,2010-03-31,2010-03-01,2010-03-31,56,22992.26,true,0,0.0,Repeat customer,0–30 days,1
16845,2010-03-31,2010-03-01,,1,253.88,false,,,One-time customer,No repeat purchase,0
16847,2010-03-31,2010-03-01,2011-10-27,2,614.89,true,13800,575.0,Repeat customer,181+ days,5
17531,2010-03-31,2010-03-01,2010-06-30,3,1266.82,true,2184,90.97,Repeat customer,91–180 days,4
17889,2010-03-31,2010-03-01,2010-11-15,7,746.42,true,5503,229.28,Repeat customer,181+ days,5
18056,2010-03-31,2010-03-01,2011-02-24,2,554.6,true,7922,330.08,Repeat customer,181+ days,5
18093,2010-03-31,2010-03-01,2010-04-22,8,4452.71,true,532,22.15,Repeat customer,0–30 days,1
12662,2010-04-01,2010-04-01,2010-05-02,20,6726.54,true,750,31.24,Repeat customer,31–60 days,2
13196,2010-04-01,2010-04-01,2010-08-09,7,3068.84,true,3121,130.02,Repeat customer,91–180 days,4
13361,2010-04-01,2010-04-01,2010-08-24,2,1450.5,true,3487,145.3,Repeat customer,91–180 days,4
13582,2010-04-01,2010-04-01,2010-11-15,2,241.68,true,5472,228.0,Repeat customer,181+ days,5
13750,2010-04-01,2010-04-01,2010-05-06,11,3602.18,true,837,34.86,Repeat customer,31–60 days,2
14049,2010-04-01,2010-04-01,2010-05-25,13,13023.4,true,1294,53.88,Repeat customer,31–60 days,2
14200,2010-04-01,2010-04-01,,1,379.2,false,,,One-time customer,No repeat purchase,0
14692,2010-04-01,2010-04-01,2010-05-27,12,1715.14,true,1343,55.99,Repeat customer,31–60 days,2
14694,2010-04-01,2010-04-01,,1,244.31,false,,,One-time customer,No repeat purchase,0
14835,2010-04-01,2010-04-01,2010-06-29,2,297,true,2127,88.61,Repeat customer,61–90 days,3
14893,2010-04-01,2010-04-01,2011-11-28,3,1809.61,true,14545,606.07,Repeat customer,181+ days,5
14916,2010-04-01,2010-04-01,2010-04-07,8,3042.95,true,148,6.16,Repeat customer,0–30 days,1
15173,2010-04-01,2010-04-01,2010-05-02,7,1494.6,true,742,30.93,Repeat customer,31–60 days,2
15689,2010-04-01,2010-04-01,2010-12-13,3,521.03,true,6144,256.0,Repeat customer,181+ days,5
16054,2010-04-01,2010-04-01,2010-07-15,4,2111.88,true,2512,104.65,Repeat customer,91–180 days,4
16130,2010-04-01,2010-04-01,2010-05-10,4,987.48,true,936,38.97,Repeat customer,31–60 days,2
16377,2010-04-01,2010-04-01,2011-03-17,2,1308.48,true,8405,350.21,Repeat customer,181+ days,5
17669,2010-04-01,2010-04-01,2010-06-28,10,6142.35,true,2107,87.79,Repeat customer,61–90 days,3
17993,2010-04-01,2010-04-01,,1,225.99,false,,,One-time customer,No repeat purchase,0
18241,2010-04-01,2010-04-01,2010-08-18,21,2986.99,true,3338,139.08,Repeat customer,91–180 days,4
12997,2010-04-06,2010-04-01,2010-05-06,8,2110.91,true,725,30.24,Repeat customer,31–60 days,2
13071,2010-04-06,2010-04-01,,1,129.22,false,,,One-time customer,No repeat purchase,0
13207,2010-04-06,2010-04-01,2010-09-14,4,535.86,true,3863,160.96,Repeat customer,91–180 days,4
13432,2010-04-06,2010-04-01,2010-05-17,2,439.1,true,983,40.94,Repeat customer,31–60 days,2
13710,2010-04-06,2010-04-01,2010-10-12,3,509.52,true,4534,188.89,Repeat customer,181+ days,5
13939,2010-04-06,2010-04-01,2010-04-19,7,1560.96,true,312,13.0,Repeat customer,0–30 days,1
14035,2010-04-06,2010-04-01,2010-05-19,9,2794.75,true,1031,42.94,Repeat customer,31–60 days,2
14221,2010-04-06,2010-04-01,2010-05-09,17,6517.49,true,791,32.99,Repeat customer,31–60 days,2
14265,2010-04-06,2010-04-01,2010-09-01,4,1373.35,true,3550,147.9,Repeat customer,91–180 days,4
14489,2010-04-06,2010-04-01,2010-08-04,4,1574.93,true,2881,120.01,Repeat customer,91–180 days,4
14825,2010-04-06,2010-04-01,2010-04-21,24,4735.08,true,361,15.06,Repeat customer,0–30 days,1
15215,2010-04-06,2010-04-01,2010-05-04,7,2422.43,true,673,28.07,Repeat customer,0–30 days,1
15770,2010-04-06,2010-04-01,,1,321.45,false,,,One-time customer,No repeat purchase,0
16654,2010-04-06,2010-04-01,2010-07-01,8,1484.07,true,2064,86.01,Repeat customer,61–90 days,3
18173,2010-04-06,2010-04-01,2011-03-10,5,2696.36,true,8113,338.05,Repeat customer,181+ days,5
12643,2010-04-07,2010-04-01,2010-05-28,12,8304.82,true,1224,51.0,Repeat customer,31–60 days,2
12821,2010-04-07,2010-04-01,2011-05-09,2,220.8,true,9528,397.03,Repeat customer,181+ days,5
13632,2010-04-07,2010-04-01,2010-05-12,8,3645.81,true,845,35.17,Repeat customer,31–60 days,2
13640,2010-04-07,2010-04-01,,1,405,false,,,One-time customer,No repeat purchase,0
13723,2010-04-07,2010-04-01,2010-05-28,6,1194.08,true,1221,50.89,Repeat customer,31–60 days,2
14264,2010-04-07,2010-04-01,2010-05-16,6,1517.36,true,936,39.0,Repeat customer,31–60 days,2
15112,2010-04-07,2010-04-01,,1,209.4,false,,,One-time customer,No repeat purchase,0
15201,2010-04-07,2010-04-01,2010-09-26,7,1842.95,true,4124,171.83,Repeat customer,91–180 days,4
15252,2010-04-07,2010-04-01,2010-05-12,5,2103.41,true,841,35.06,Repeat customer,31–60 days,2
16369,2010-04-07,2010-04-01,2010-05-26,7,2656.56,true,1175,48.94,Repeat customer,31–60 days,2
16454,2010-04-07,2010-04-01,2010-04-12,4,30.95,true,114,4.75,Repeat customer,0–30 days,1
16941,2010-04-07,2010-04-01,,1,33,false,,,One-time customer,No repeat purchase,0
17563,2010-04-07,2010-04-01,2010-05-10,2,392.38,true,796,33.2,Repeat customer,31–60 days,2
13163,2010-04-08,2010-04-01,,1,17.65,false,,,One-time customer,No repeat purchase,0
13278,2010-04-08,2010-04-01,2010-08-17,4,1435.85,true,3144,130.98,Repeat customer,91–180 days,4
13712,2010-04-08,2010-04-01,2011-04-07,2,766.42,true,8737,364.05,Repeat customer,181+ days,5
13852,2010-04-08,2010-04-01,,1,187.35,false,,,One-time customer,No repeat purchase,0
14145,2010-04-08,2010-04-01,2010-06-20,7,7600.05,true,1756,73.15,Repeat customer,61–90 days,3
14450,2010-04-08,2010-04-01,2010-11-03,7,1128.44,true,5017,209.07,Repeat customer,181+ days,5
14533,2010-04-08,2010-04-01,2010-05-10,11,3466.37,true,771,32.12,Repeat customer,31–60 days,2
14758,2010-04-08,2010-04-01,2010-07-19,7,2864.97,true,2450,102.07,Repeat customer,91–180 days,4
14813,2010-04-08,2010-04-01,2010-11-19,4,888.91,true,5400,224.99,Repeat customer,181+ days,5
14855,2010-04-08,2010-04-01,2010-07-20,7,6520.3,true,2473,103.03,Repeat customer,91–180 days,4
14918,2010-04-08,2010-04-01,2010-06-10,9,5955.81,true,1515,63.14,Repeat customer,61–90 days,3
15062,2010-04-08,2010-04-01,2010-07-01,8,2585.62,true,2015,83.96,Repeat customer,61–90 days,3
15129,2010-04-08,2010-04-01,2010-04-21,23,6860.18,true,304,12.66,Repeat customer,0–30 days,1
15613,2010-04-08,2010-04-01,,1,433.72,false,,,One-time customer,No repeat purchase,0
15638,2010-04-08,2010-04-01,2010-04-25,6,2265.2,true,409,17.05,Repeat customer,0–30 days,1
16053,2010-04-08,2010-04-01,2010-09-19,6,3634.84,true,3937,164.06,Repeat customer,91–180 days,4
17110,2010-04-08,2010-04-01,2010-07-07,3,499.9,true,2159,89.95,Repeat customer,61–90 days,3
17497,2010-04-08,2010-04-01,2010-11-14,2,287.25,true,5286,220.26,Repeat customer,181+ days,5
17553,2010-04-08,2010-04-01,2010-08-03,4,3757.6,true,2808,117.0,Repeat customer,91–180 days,4
17746,2010-04-08,2010-04-01,2010-08-25,4,904.18,true,3337,139.02,Repeat customer,91–180 days,4
17805,2010-04-08,2010-04-01,2011-09-27,2,927.03,true,12885,536.88,Repeat customer,181+ days,5
12786,2010-04-09,2010-04-01,,1,728.5,false,,,One-time customer,No repeat purchase,0
13080,2010-04-09,2010-04-01,2010-05-27,4,280.73,true,1150,47.95,Repeat customer,31–60 days,2
13197,2010-04-09,2010-04-01,,1,373.01,false,,,One-time customer,No repeat purchase,0
15331,2010-04-09,2010-04-01,2010-07-28,3,767.91,true,2635,109.8,Repeat customer,91–180 days,4
16040,2010-04-09,2010-04-01,2010-06-28,7,2416.9,true,1920,80.03,Repeat customer,61–90 days,3
16341,2010-04-09,2010-04-01,2010-09-22,7,3850.79,true,3988,166.15,Repeat customer,91–180 days,4
16944,2010-04-09,2010-04-01,,1,101.36,false,,,One-time customer,No repeat purchase,0
17609,2010-04-09,2010-04-01,2010-05-07,11,1887.9,true,669,27.88,Repeat customer,0–30 days,1
18246,2010-04-09,2010-04-01,2011-04-20,3,758.82,true,9027,376.15,Repeat customer,181+ days,5
12481,2010-04-11,2010-04-01,2010-04-12,15,12185.51,true,21,0.88,Repeat customer,0–30 days,1
12935,2010-04-11,2010-04-01,2010-04-15,15,4243.86,true,93,3.87,Repeat customer,0–30 days,1
13180,2010-04-11,2010-04-01,,1,86.1,false,,,One-time customer,No repeat purchase,0
14011,2010-04-11,2010-04-01,2010-08-16,2,457.82,true,3050,127.08,Repeat customer,91–180 days,4
14275,2010-04-11,2010-04-01,2010-04-29,6,1189.38,true,430,17.91,Repeat customer,0–30 days,1
14430,2010-04-11,2010-04-01,2010-07-16,3,1220.9,true,2300,95.82,Repeat customer,91–180 days,4
15067,2010-04-11,2010-04-01,2010-10-22,5,3862.88,true,4655,193.94,Repeat customer,181+ days,5
16276,2010-04-11,2010-04-01,2010-08-17,3,2629.39,true,3073,128.07,Repeat customer,91–180 days,4
16372,2010-04-11,2010-04-01,2010-10-20,5,1290.31,true,4608,192.0,Repeat customer,181+ days,5
16814,2010-04-11,2010-04-01,2010-04-26,36,11924.85,true,358,14.93,Repeat customer,0–30 days,1
17221,2010-04-11,2010-04-01,2010-04-11,5,976.62,true,0,0.0,Repeat customer,0–30 days,1
17608,2010-04-11,2010-04-01,2010-09-16,4,488.06,true,3795,158.11,Repeat customer,91–180 days,4
12671,2010-04-12,2010-04-01,,1,2622.48,false,,,One-time customer,No repeat purchase,0
12982,2010-04-12,2010-04-01,2010-04-29,8,2744.81,true,412,17.14,Repeat customer,0–30 days,1
14114,2010-04-12,2010-04-01,2010-06-14,7,1364.09,true,1511,62.98,Repeat customer,61–90 days,3
14791,2010-04-12,2010-04-01,,1,303.63,false,,,One-time customer,No repeat purchase,0
14844,2010-04-12,2010-04-01,2010-07-14,10,6702.43,true,2236,93.13,Repeat customer,91–180 days,4
14930,2010-04-12,2010-04-01,2010-05-25,6,5236.73,true,1036,43.17,Repeat customer,31–60 days,2
15524,2010-04-12,2010-04-01,2011-11-15,2,591.4,true,13971,582.12,Repeat customer,181+ days,5
15546,2010-04-12,2010-04-01,2010-04-12,2,1079.1,true,0,0.0,Repeat customer,0–30 days,1
15590,2010-04-12,2010-04-01,2010-05-05,5,1496.6,true,550,22.95,Repeat customer,0–30 days,1
12459,2010-04-13,2010-04-01,,1,454.36,false,,,One-time customer,No repeat purchase,0
12943,2010-04-13,2010-04-01,2010-05-30,2,496.5,true,1130,47.12,Repeat customer,31–60 days,2
14853,2010-04-13,2010-04-01,2010-06-14,5,1376.87,true,1494,62.27,Repeat customer,61–90 days,3
14998,2010-04-13,2010-04-01,2010-10-07,4,753.18,true,4250,177.11,Repeat customer,91–180 days,4
15268,2010-04-13,2010-04-01,2010-08-18,3,961.9,true,3047,126.96,Repeat customer,91–180 days,4
15639,2010-04-13,2010-04-01,2010-09-14,3,1065.08,true,3692,153.83,Repeat customer,91–180 days,4
15982,2010-04-13,2010-04-01,,1,324.51,false,,,One-time customer,No repeat purchase,0
16259,2010-04-13,2010-04-01,2010-04-13,3,340.94,true,1,0.01,Repeat customer,0–30 days,1
16809,2010-04-13,2010-04-01,2010-07-01,9,1727.43,true,1894,78.92,Repeat customer,61–90 days,3
17505,2010-04-13,2010-04-01,2010-06-07,5,2435.48,true,1316,54.82,Repeat customer,31–60 days,2
13878,2010-04-14,2010-04-01,2010-05-13,4,2416.9,true,695,28.93,Repeat customer,0–30 days,1
14624,2010-04-14,2010-04-01,2010-06-03,6,814.07,true,1200,49.98,Repeat customer,31–60 days,2
15572,2010-04-14,2010-04-01,2010-10-20,10,3965.2,true,4535,188.96,Repeat customer,181+ days,5
15890,2010-04-14,2010-04-01,2010-04-21,5,535.65,true,173,7.22,Repeat customer,0–30 days,1
16105,2010-04-14,2010-04-01,2010-06-22,5,2386.19,true,1657,69.04,Repeat customer,61–90 days,3
16292,2010-04-14,2010-04-01,2010-06-13,5,1253.76,true,1436,59.85,Repeat customer,31–60 days,2
17039,2010-04-14,2010-04-01,,1,1954.99,false,,,One-time customer,No repeat purchase,0
17594,2010-04-14,2010-04-01,2010-09-16,4,2497.88,true,3731,155.43,Repeat customer,91–180 days,4
13015,2010-04-15,2010-04-01,2010-04-26,11,6579.78,true,263,10.95,Repeat customer,0–30 days,1
13388,2010-04-15,2010-04-01,2011-07-31,3,1185.65,true,11330,472.11,Repeat customer,181+ days,5
13414,2010-04-15,2010-04-01,2010-06-27,6,2494.14,true,1747,72.83,Repeat customer,61–90 days,3
13450,2010-04-15,2010-04-01,2010-05-11,13,4120.04,true,613,25.57,Repeat customer,0–30 days,1
13647,2010-04-15,2010-04-01,2010-05-23,8,3041.68,true,910,37.92,Repeat customer,31–60 days,2
13661,2010-04-15,2010-04-01,,1,325.24,false,,,One-time customer,No repeat purchase,0
14569,2010-04-15,2010-04-01,2010-08-03,4,597.33,true,2643,110.12,Repeat customer,91–180 days,4
14656,2010-04-15,2010-04-01,2010-07-14,5,790,true,2160,90.01,Repeat customer,91–180 days,4
15354,2010-04-15,2010-04-01,2010-04-15,3,284.4,true,0,0.0,Repeat customer,0–30 days,1
15814,2010-04-15,2010-04-01,2010-11-11,6,2634.44,true,5043,210.14,Repeat customer,181+ days,5
16174,2010-04-15,2010-04-01,2010-05-07,7,2246.75,true,522,21.78,Repeat customer,0–30 days,1
17678,2010-04-15,2010-04-01,2011-03-21,2,599.76,true,8158,339.92,Repeat customer,181+ days,5
17709,2010-04-15,2010-04-01,2010-04-27,5,671.01,true,288,11.97,Repeat customer,0–30 days,1
18174,2010-04-15,2010-04-01,2011-12-02,2,162.5,true,14308,596.19,Repeat customer,181+ days,5
18236,2010-04-15,2010-04-01,2010-08-15,12,1795.35,true,2926,121.9,Repeat customer,91–180 days,4
12395,2010-04-16,2010-04-01,2010-08-02,15,4721.17,true,2594,108.1,Repeat customer,91–180 days,4
12778,2010-04-16,2010-04-01,2010-09-14,9,1775.68,true,3627,151.12,Repeat customer,91–180 days,4
12969,2010-04-16,2010-04-01,,1,122.45,false,,,One-time customer,No repeat purchase,0
13734,2010-04-16,2010-04-01,2010-07-09,4,6695.69,true,2021,84.22,Repeat customer,61–90 days,3
14623,2010-04-16,2010-04-01,2010-04-23,10,2016.98,true,164,6.83,Repeat customer,0–30 days,1
14907,2010-04-16,2010-04-01,2010-10-12,16,5547.72,true,4295,178.94,Repeat customer,91–180 days,4
14988,2010-04-16,2010-04-01,2010-05-04,7,2038.65,true,431,17.96,Repeat customer,0–30 days,1
15979,2010-04-16,2010-04-01,,1,329.22,false,,,One-time customer,No repeat purchase,0
16094,2010-04-16,2010-04-01,2010-05-17,11,3695.56,true,744,31.01,Repeat customer,31–60 days,2
17626,2010-04-16,2010-04-01,,1,254,false,,,One-time customer,No repeat purchase,0
17842,2010-04-16,2010-04-01,,1,430.69,false,,,One-time customer,No repeat purchase,0
18262,2010-04-16,2010-04-01,2010-11-11,3,577.54,true,5020,209.18,Repeat customer,181+ days,5
13262,2010-04-18,2010-04-01,2010-11-15,3,573.45,true,5064,211.0,Repeat customer,181+ days,5
13286,2010-04-18,2010-04-01,,1,734.91,false,,,One-time customer,No repeat purchase,0
14395,2010-04-18,2010-04-01,2010-04-21,20,7801.93,true,74,3.11,Repeat customer,0–30 days,1
15972,2010-04-18,2010-04-01,2010-05-14,5,1769.33,true,625,26.06,Repeat customer,0–30 days,1
16921,2010-04-18,2010-04-01,2010-09-23,3,409.21,true,3791,157.94,Repeat customer,91–180 days,4
17041,2010-04-18,2010-04-01,2010-04-18,6,1655.2,true,0,0.0,Repeat customer,0–30 days,1
17256,2010-04-18,2010-04-01,2010-04-18,5,498.93,true,0,0.0,Repeat customer,0–30 days,1
17346,2010-04-18,2010-04-01,2010-04-28,26,4998.61,true,241,10.07,Repeat customer,0–30 days,1
12516,2010-04-19,2010-04-01,2010-10-05,4,2648.62,true,4051,168.81,Repeat customer,91–180 days,4
13115,2010-04-19,2010-04-01,2010-05-17,10,5494.7,true,667,27.79,Repeat customer,0–30 days,1
13145,2010-04-19,2010-04-01,2010-07-11,7,1128.52,true,1993,83.04,Repeat customer,61–90 days,3
14372,2010-04-19,2010-04-01,2010-09-22,2,860.08,true,3745,156.01,Repeat customer,91–180 days,4
14506,2010-04-19,2010-04-01,2010-11-02,7,2960.25,true,4735,197.31,Repeat customer,181+ days,5
14845,2010-04-19,2010-04-01,,1,150,false,,,One-time customer,No repeat purchase,0
15273,2010-04-19,2010-04-01,,1,228.96,false,,,One-time customer,No repeat purchase,0
15410,2010-04-19,2010-04-01,2010-05-20,10,4685.72,true,745,31.04,Repeat customer,31–60 days,2
15451,2010-04-19,2010-04-01,2010-10-01,2,226.86,true,3959,164.98,Repeat customer,91–180 days,4
16548,2010-04-19,2010-04-01,,1,30.15,false,,,One-time customer,No repeat purchase,0
17474,2010-04-19,2010-04-01,,1,1047,false,,,One-time customer,No repeat purchase,0
17540,2010-04-19,2010-04-01,2010-05-11,6,1590.6,true,530,22.06,Repeat customer,0–30 days,1
18095,2010-04-19,2010-04-01,2010-05-10,5,2303.09,true,499,20.8,Repeat customer,0–30 days,1
12780,2010-04-20,2010-04-01,,1,337.4,false,,,One-time customer,No repeat purchase,0
12983,2010-04-20,2010-04-01,,1,490.08,false,,,One-time customer,No repeat purchase,0
14611,2010-04-20,2010-04-01,2010-09-22,2,604.33,true,3719,154.96,Repeat customer,91–180 days,4
14812,2010-04-20,2010-04-01,,1,178.85,false,,,One-time customer,No repeat purchase,0
14926,2010-04-20,2010-04-01,2010-11-23,2,359.4,true,5206,216.88,Repeat customer,181+ days,5
15886,2010-04-20,2010-04-01,2010-10-19,4,1052.87,true,4364,181.87,Repeat customer,181+ days,5
15970,2010-04-20,2010-04-01,2011-02-09,2,1017.32,true,7081,295.03,Repeat customer,181+ days,5
16864,2010-04-20,2010-04-01,2010-10-01,2,409.25,true,3941,164.18,Repeat customer,91–180 days,4
17185,2010-04-20,2010-04-01,2010-04-20,3,229.46,true,0,0.0,Repeat customer,0–30 days,1
17622,2010-04-20,2010-04-01,2010-04-21,2,1130.21,true,23,0.96,Repeat customer,0–30 days,1
12588,2010-04-21,2010-04-01,2010-11-05,4,958.78,true,4752,198.01,Repeat customer,181+ days,5
13461,2010-04-21,2010-04-01,2010-07-14,6,4160,true,2013,83.9,Repeat customer,61–90 days,3
13963,2010-04-21,2010-04-01,2010-05-24,17,2860.57,true,786,32.77,Repeat customer,31–60 days,2
15455,2010-04-21,2010-04-01,,1,38.25,false,,,One-time customer,No repeat purchase,0
16231,2010-04-21,2010-04-01,2010-10-11,4,1074.47,true,4157,173.22,Repeat customer,91–180 days,4
16256,2010-04-21,2010-04-01,2010-08-03,3,1629.37,true,2494,103.93,Repeat customer,91–180 days,4
16472,2010-04-21,2010-04-01,2010-10-01,2,789.6,true,3914,163.09,Repeat customer,91–180 days,4
18062,2010-04-21,2010-04-01,2010-10-27,6,1632.67,true,4541,189.21,Repeat customer,181+ days,5
12504,2010-04-22,2010-04-01,2010-10-18,4,779.05,true,4301,179.2,Repeat customer,91–180 days,4
12625,2010-04-22,2010-04-01,2010-07-18,4,5164.88,true,2092,87.18,Repeat customer,61–90 days,3
13308,2010-04-22,2010-04-01,2011-05-20,4,1670.37,true,9436,393.16,Repeat customer,181+ days,5
13346,2010-04-22,2010-04-01,2010-05-17,6,299.4,true,603,25.13,Repeat customer,0–30 days,1
13625,2010-04-22,2010-04-01,,1,301.26,false,,,One-time customer,No repeat purchase,0
14182,2010-04-22,2010-04-01,2010-06-28,4,678.77,true,1609,67.05,Repeat customer,61–90 days,3
14655,2010-04-22,2010-04-01,2010-07-05,7,3878.51,true,1771,73.8,Repeat customer,61–90 days,3
14788,2010-04-22,2010-04-01,2011-11-13,3,1156.32,true,13677,569.9,Repeat customer,181+ days,5
14917,2010-04-22,2010-04-01,2010-04-22,2,1123.75,true,2,0.07,Repeat customer,0–30 days,1
15651,2010-04-22,2010-04-01,2010-10-15,5,1259.06,true,4224,176.01,Repeat customer,91–180 days,4
16279,2010-04-22,2010-04-01,2010-06-03,9,5698.28,true,1005,41.9,Repeat customer,31–60 days,2
16743,2010-04-22,2010-04-01,2010-05-13,14,4212.15,true,504,21.0,Repeat customer,0–30 days,1
17057,2010-04-22,2010-04-01,,1,294.74,false,,,One-time customer,No repeat purchase,0
17240,2010-04-22,2010-04-01,,1,130.6,false,,,One-time customer,No repeat purchase,0
17729,2010-04-22,2010-04-01,,1,438.65,false,,,One-time customer,No repeat purchase,0
12672,2010-04-23,2010-04-01,2011-01-14,2,437.05,true,6384,265.97,Repeat customer,181+ days,5
13656,2010-04-23,2010-04-01,2010-07-28,4,1078.85,true,2302,95.92,Repeat customer,91–180 days,4
15042,2010-04-23,2010-04-01,2011-05-24,2,315.45,true,9506,396.1,Repeat customer,181+ days,5
15245,2010-04-23,2010-04-01,2010-07-06,8,4610.84,true,1775,73.98,Repeat customer,61–90 days,3
15474,2010-04-23,2010-04-01,,1,150.35,false,,,One-time customer,No repeat purchase,0
15548,2010-04-23,2010-04-01,,1,158.09,false,,,One-time customer,No repeat purchase,0
16028,2010-04-23,2010-04-01,,1,82.2,false,,,One-time customer,No repeat purchase,0
16538,2010-04-23,2010-04-01,2010-06-16,3,395.07,true,1296,54.02,Repeat customer,31–60 days,2
17181,2010-04-23,2010-04-01,2010-12-01,3,309.85,true,5329,222.05,Repeat customer,181+ days,5
12844,2010-04-25,2010-04-01,2010-09-23,4,648.6,true,3629,151.19,Repeat customer,91–180 days,4
13609,2010-04-25,2010-04-01,,1,167.35,false,,,One-time customer,No repeat purchase,0
13760,2010-04-25,2010-04-01,2010-06-22,5,1363.64,true,1392,58.01,Repeat customer,31–60 days,2
13863,2010-04-25,2010-04-01,2010-06-15,4,1239.55,true,1224,51.0,Repeat customer,31–60 days,2
15600,2010-04-25,2010-04-01,2010-06-15,4,1199.31,true,1225,51.03,Repeat customer,31–60 days,2
16068,2010-04-25,2010-04-01,,1,115.73,false,,,One-time customer,No repeat purchase,0
16868,2010-04-25,2010-04-01,2010-10-03,3,384.56,true,3864,161.0,Repeat customer,91–180 days,4
18091,2010-04-25,2010-04-01,,1,360.85,false,,,One-time customer,No repeat purchase,0
12838,2010-04-26,2010-04-01,2010-05-12,10,2975.91,true,389,16.17,Repeat customer,0–30 days,1
12925,2010-04-26,2010-04-01,2011-09-26,3,729.33,true,12433,518.02,Repeat customer,181+ days,5
13012,2010-04-26,2010-04-01,2010-07-14,11,2957.83,true,1895,78.98,Repeat customer,61–90 days,3
13307,2010-04-26,2010-04-01,2010-08-09,3,273.34,true,2519,104.98,Repeat customer,91–180 days,4
14021,2010-04-26,2010-04-01,2010-06-16,7,1716.58,true,1228,51.19,Repeat customer,31–60 days,2
14552,2010-04-26,2010-04-01,2010-11-24,3,507.93,true,5087,211.95,Repeat customer,181+ days,5
14563,2010-04-26,2010-04-01,2010-07-18,2,640.54,true,1992,82.97,Repeat customer,61–90 days,3
14665,2010-04-26,2010-04-01,2010-10-08,7,2749.65,true,3963,165.14,Repeat customer,91–180 days,4
14677,2010-04-26,2010-04-01,,1,184.91,false,,,One-time customer,No repeat purchase,0
14743,2010-04-26,2010-04-01,,1,50.48,false,,,One-time customer,No repeat purchase,0
14773,2010-04-26,2010-04-01,,1,140.55,false,,,One-time customer,No repeat purchase,0
14999,2010-04-26,2010-04-01,,1,129.48,false,,,One-time customer,No repeat purchase,0
15111,2010-04-26,2010-04-01,2010-10-11,5,2442.37,true,4033,168.06,Repeat customer,91–180 days,4
15384,2010-04-26,2010-04-01,2010-11-23,4,2027.79,true,5064,210.98,Repeat customer,181+ days,5
15717,2010-04-26,2010-04-01,2010-06-24,5,607,true,1419,59.13,Repeat customer,31–60 days,2
16623,2010-04-26,2010-04-01,2010-06-21,4,1015.24,true,1342,55.92,Repeat customer,31–60 days,2
17093,2010-04-26,2010-04-01,,1,235.88,false,,,One-time customer,No repeat purchase,0
17715,2010-04-26,2010-04-01,2011-05-23,2,489.6,true,9408,392.01,Repeat customer,181+ days,5
17959,2010-04-26,2010-04-01,,1,140.75,false,,,One-time customer,No repeat purchase,0
12392,2010-04-27,2010-04-01,,1,234.75,false,,,One-time customer,No repeat purchase,0
12744,2010-04-27,2010-04-01,2010-09-06,11,25317.06,true,3162,131.75,Repeat customer,91–180 days,4
12849,2010-04-27,2010-04-01,2010-10-04,6,3042.47,true,3841,160.02,Repeat customer,91–180 days,4
13064,2010-04-27,2010-04-01,2010-06-07,6,1666.84,true,990,41.26,Repeat customer,31–60 days,2
13655,2010-04-27,2010-04-01,2010-04-29,6,2280.51,true,49,2.03,Repeat customer,0–30 days,1
15402,2010-04-27,2010-04-01,2010-06-18,6,1830.54,true,1246,51.94,Repeat customer,31–60 days,2
16088,2010-04-27,2010-04-01,2010-05-13,2,1437.43,true,384,15.97,Repeat customer,0–30 days,1
16117,2010-04-27,2010-04-01,2010-11-02,3,654.4,true,4537,189.01,Repeat customer,181+ days,5
16267,2010-04-27,2010-04-01,,1,186.66,false,,,One-time customer,No repeat purchase,0
16354,2010-04-27,2010-04-01,2010-09-24,5,1119.46,true,3601,150.04,Repeat customer,91–180 days,4
16408,2010-04-27,2010-04-01,,1,231.93,false,,,One-time customer,No repeat purchase,0
16543,2010-04-27,2010-04-01,,1,292.21,false,,,One-time customer,No repeat purchase,0
17991,2010-04-27,2010-04-01,2011-04-27,3,300.3,true,8764,365.16,Repeat customer,181+ days,5
12698,2010-04-28,2010-04-01,,1,339.75,false,,,One-time customer,No repeat purchase,0
12717,2010-04-28,2010-04-01,2011-04-08,3,1308.91,true,8276,344.83,Repeat customer,181+ days,5
12876,2010-04-28,2010-04-01,2010-11-10,4,4081.79,true,4703,195.95,Repeat customer,181+ days,5
13238,2010-04-28,2010-04-01,2010-10-05,6,1006.63,true,3837,159.9,Repeat customer,91–180 days,4
13539,2010-04-28,2010-04-01,2010-05-07,7,1569.36,true,213,8.91,Repeat customer,0–30 days,1
13775,2010-04-28,2010-04-01,,1,1049.66,false,,,One-time customer,No repeat purchase,0
14237,2010-04-28,2010-04-01,2010-12-01,2,471.14,true,5211,217.14,Repeat customer,181+ days,5
14389,2010-04-28,2010-04-01,2010-06-29,5,1898.01,true,1487,61.95,Repeat customer,61–90 days,3
14724,2010-04-28,2010-04-01,,1,341.9,false,,,One-time customer,No repeat purchase,0
14978,2010-04-28,2010-04-01,2010-06-16,10,3112.19,true,1177,49.03,Repeat customer,31–60 days,2
15101,2010-04-28,2010-04-01,2010-06-04,6,1477.94,true,887,36.97,Repeat customer,31–60 days,2
15445,2010-04-28,2010-04-01,2011-03-20,2,284.5,true,7824,326.0,Repeat customer,181+ days,5
16138,2010-04-28,2010-04-01,2010-06-28,3,910.35,true,1465,61.03,Repeat customer,61–90 days,3
16384,2010-04-28,2010-04-01,2010-10-06,4,1358.95,true,3862,160.95,Repeat customer,91–180 days,4
16648,2010-04-28,2010-04-01,2010-09-10,3,672.8,true,3237,134.88,Repeat customer,91–180 days,4
16767,2010-04-28,2010-04-01,2010-07-16,15,8056.76,true,1895,78.94,Repeat customer,61–90 days,3
17491,2010-04-28,2010-04-01,2010-06-10,17,5653.67,true,1033,43.01,Repeat customer,31–60 days,2
17605,2010-04-28,2010-04-01,,1,160.75,false,,,One-time customer,No repeat purchase,0
17635,2010-04-28,2010-04-01,2010-07-01,3,1265.58,true,1542,64.25,Repeat customer,61–90 days,3
18049,2010-04-28,2010-04-01,2010-09-28,2,500.92,true,3673,153.04,Repeat customer,91–180 days,4
18273,2010-04-28,2010-04-01,2011-03-27,4,357,true,7991,332.96,Repeat customer,181+ days,5
12349,2010-04-29,2010-04-01,2010-05-18,4,4428.69,true,452,18.86,Repeat customer,0–30 days,1
12377,2010-04-29,2010-04-01,2010-11-23,4,3426.32,true,4996,208.16,Repeat customer,181+ days,5
12863,2010-04-29,2010-04-01,2010-05-13,6,2792.55,true,336,13.97,Repeat customer,0–30 days,1
12915,2010-04-29,2010-04-01,2010-08-24,4,975.1,true,2799,116.63,Repeat customer,91–180 days,4
13041,2010-04-29,2010-04-01,2010-07-05,4,799.13,true,1612,67.14,Repeat customer,61–90 days,3
14650,2010-04-29,2010-04-01,,1,62.5,false,,,One-time customer,No repeat purchase,0
15180,2010-04-29,2010-04-01,2010-10-18,3,816.93,true,4123,171.78,Repeat customer,91–180 days,4
15709,2010-04-29,2010-04-01,2011-03-01,2,327.85,true,7336,305.67,Repeat customer,181+ days,5
15954,2010-04-29,2010-04-01,,1,190.75,false,,,One-time customer,No repeat purchase,0
16332,2010-04-29,2010-04-01,2010-08-20,11,2000.01,true,2711,112.95,Repeat customer,91–180 days,4
16607,2010-04-29,2010-04-01,2010-05-20,25,5706.87,true,507,21.13,Repeat customer,0–30 days,1
16827,2010-04-29,2010-04-01,2010-05-19,5,392.13,true,475,19.8,Repeat customer,0–30 days,1
17021,2010-04-29,2010-04-01,2010-05-05,6,1182.22,true,136,5.69,Repeat customer,0–30 days,1
17463,2010-04-29,2010-04-01,2010-05-28,7,2535.26,true,689,28.67,Repeat customer,0–30 days,1
17730,2010-04-29,2010-04-01,2010-06-03,20,7773.8,true,837,34.88,Repeat customer,31–60 days,2
17771,2010-04-29,2010-04-01,2010-09-29,4,387.41,true,3675,153.13,Repeat customer,91–180 days,4
17886,2010-04-29,2010-04-01,2010-08-26,6,1572.55,true,2860,119.16,Repeat customer,91–180 days,4
18111,2010-04-29,2010-04-01,,1,405.85,false,,,One-time customer,No repeat purchase,0
18141,2010-04-29,2010-04-01,2010-11-03,2,882.47,true,4508,187.84,Repeat customer,181+ days,5
12374,2010-04-30,2010-04-01,2010-10-14,4,2989.22,true,4004,166.84,Repeat customer,91–180 days,4
12806,2010-04-30,2010-04-01,2010-05-16,4,2878.96,true,387,16.13,Repeat customer,0–30 days,1
14201,2010-04-30,2010-04-01,2010-05-18,10,1193.54,true,431,18.0,Repeat customer,0–30 days,1
14683,2010-04-30,2010-04-01,,1,146.56,false,,,One-time customer,No repeat purchase,0
15818,2010-04-30,2010-04-01,,1,340.5,false,,,One-time customer,No repeat purchase,0
16374,2010-04-30,2010-04-01,2010-09-13,5,1723.4,true,3263,135.99,Repeat customer,91–180 days,4
17005,2010-04-30,2010-04-01,2010-08-26,2,622.36,true,2832,118.0,Repeat customer,91–180 days,4
13465,2010-05-02,2010-05-01,2010-09-19,2,931.12,true,3360,139.99,Repeat customer,91–180 days,4
15229,2010-05-02,2010-05-01,,1,160.5,false,,,One-time customer,No repeat purchase,0
15253,2010-05-02,2010-05-01,2010-07-05,8,2055.09,true,1541,64.2,Repeat customer,61–90 days,3
15373,2010-05-02,2010-05-01,2010-05-16,17,3084.54,true,339,14.09,Repeat customer,0–30 days,1
15418,2010-05-02,2010-05-01,2010-10-10,2,449.42,true,3866,161.09,Repeat customer,91–180 days,4
15426,2010-05-02,2010-05-01,2010-07-25,9,2156.35,true,2013,83.9,Repeat customer,61–90 days,3
16651,2010-05-02,2010-05-01,,1,136.2,false,,,One-time customer,No repeat purchase,0
17555,2010-05-02,2010-05-01,2010-10-01,5,1045.74,true,3646,151.92,Repeat customer,91–180 days,4
17565,2010-05-02,2010-05-01,,1,131.83,false,,,One-time customer,No repeat purchase,0
12503,2010-05-04,2010-05-01,,1,1126,false,,,One-time customer,No repeat purchase,0
12507,2010-05-04,2010-05-01,2011-02-14,4,1844.06,true,6864,286.0,Repeat customer,181+ days,5
12725,2010-05-04,2010-05-01,2010-05-17,4,2266.76,true,313,13.04,Repeat customer,0–30 days,1
13143,2010-05-04,2010-05-01,,1,405.1,false,,,One-time customer,No repeat purchase,0
14962,2010-05-04,2010-05-01,2010-05-17,4,366.91,true,310,12.91,Repeat customer,0–30 days,1
15183,2010-05-04,2010-05-01,2010-05-24,3,639.93,true,482,20.06,Repeat customer,0–30 days,1
15391,2010-05-04,2010-05-01,,1,289.87,false,,,One-time customer,No repeat purchase,0
16145,2010-05-04,2010-05-01,2010-06-11,19,6805.44,true,909,37.86,Repeat customer,31–60 days,2
16317,2010-05-04,2010-05-01,2010-06-07,5,2192.51,true,820,34.17,Repeat customer,31–60 days,2
16526,2010-05-04,2010-05-01,2011-06-21,2,717.21,true,9908,412.81,Repeat customer,181+ days,5
18163,2010-05-04,2010-05-01,,1,728.84,false,,,One-time customer,No repeat purchase,0
12958,2010-05-05,2010-05-01,2010-11-04,2,467.34,true,4392,183.0,Repeat customer,181+ days,5
13512,2010-05-05,2010-05-01,2010-08-16,4,713.39,true,2468,102.83,Repeat customer,91–180 days,4
13713,2010-05-05,2010-05-01,2010-08-25,3,740.76,true,2688,111.97,Repeat customer,91–180 days,4
14025,2010-05-05,2010-05-01,2010-05-12,8,4057.9,true,173,7.21,Repeat customer,0–30 days,1
14437,2010-05-05,2010-05-01,2010-06-28,5,873.34,true,1293,53.89,Repeat customer,31–60 days,2
14936,2010-05-05,2010-05-01,2010-05-05,12,12410.81,true,0,0.0,Repeat customer,0–30 days,1
15097,2010-05-05,2010-05-01,2010-05-05,3,908.35,true,0,0.01,Repeat customer,0–30 days,1
15381,2010-05-05,2010-05-01,2010-06-16,5,1890.57,true,1010,42.09,Repeat customer,31–60 days,2
15396,2010-05-05,2010-05-01,2011-08-19,2,796.38,true,11305,471.08,Repeat customer,181+ days,5
15488,2010-05-05,2010-05-01,2010-08-06,5,431.92,true,2233,93.08,Repeat customer,91–180 days,4
15704,2010-05-05,2010-05-01,2010-07-25,6,3734.66,true,1945,81.01,Repeat customer,61–90 days,3
15868,2010-05-05,2010-05-01,,1,94.53,false,,,One-time customer,No repeat purchase,0
16135,2010-05-05,2010-05-01,2011-03-22,2,819.45,true,7707,321.12,Repeat customer,181+ days,5
17597,2010-05-05,2010-05-01,2010-06-08,5,3484.09,true,816,33.98,Repeat customer,31–60 days,2
17759,2010-05-05,2010-05-01,2010-11-11,5,1261.88,true,4564,190.15,Repeat customer,181+ days,5
18028,2010-05-05,2010-05-01,,1,192.05,false,,,One-time customer,No repeat purchase,0
12388,2010-05-06,2010-05-01,2010-09-20,8,3901.11,true,3288,136.99,Repeat customer,91–180 days,4
13024,2010-05-06,2010-05-01,2010-08-26,2,555.87,true,2683,111.8,Repeat customer,91–180 days,4
13102,2010-05-06,2010-05-01,2010-05-24,37,11380.1,true,431,17.97,Repeat customer,0–30 days,1
13400,2010-05-06,2010-05-01,,1,310.83,false,,,One-time customer,No repeat purchase,0
13891,2010-05-06,2010-05-01,2010-10-21,3,859.21,true,4029,167.89,Repeat customer,91–180 days,4
13974,2010-05-06,2010-05-01,2011-10-21,2,677.72,true,12789,532.87,Repeat customer,181+ days,5
14272,2010-05-06,2010-05-01,2010-05-26,4,920.81,true,475,19.82,Repeat customer,0–30 days,1
16844,2010-05-06,2010-05-01,2010-05-26,2,614.34,true,481,20.05,Repeat customer,0–30 days,1
16890,2010-05-06,2010-05-01,2010-05-24,3,285.41,true,428,17.82,Repeat customer,0–30 days,1
17199,2010-05-06,2010-05-01,,1,135.04,false,,,One-time customer,No repeat purchase,0
13830,2010-05-07,2010-05-01,,1,156.85,false,,,One-time customer,No repeat purchase,0
14814,2010-05-07,2010-05-01,,1,154.21,false,,,One-time customer,No repeat purchase,0
16632,2010-05-07,2010-05-01,2010-08-11,2,406.4,true,2299,95.79,Repeat customer,91–180 days,4
17031,2010-05-07,2010-05-01,2010-06-07,6,2773.85,true,745,31.03,Repeat customer,31–60 days,2
17225,2010-05-07,2010-05-01,,1,131.15,false,,,One-time customer,No repeat purchase,0
17798,2010-05-07,2010-05-01,,1,178.07,false,,,One-time customer,No repeat purchase,0
17808,2010-05-07,2010-05-01,2010-05-30,4,262.64,true,550,22.93,Repeat customer,0–30 days,1
18254,2010-05-07,2010-05-01,,1,267.9,false,,,One-time customer,No repeat purchase,0
13007,2010-05-09,2010-05-01,,1,175.25,false,,,One-time customer,No repeat purchase,0
13425,2010-05-09,2010-05-01,2010-07-19,5,3390.43,true,1702,70.93,Repeat customer,61–90 days,3
13838,2010-05-09,2010-05-01,2010-10-03,10,1690.07,true,3529,147.02,Repeat customer,91–180 days,4
14129,2010-05-09,2010-05-01,2010-08-05,9,2591.34,true,2108,87.81,Repeat customer,61–90 days,3
14474,2010-05-09,2010-05-01,2011-10-24,2,1258.89,true,12793,533.05,Repeat customer,181+ days,5
14678,2010-05-09,2010-05-01,,1,403.39,false,,,One-time customer,No repeat purchase,0
16092,2010-05-09,2010-05-01,2010-05-09,6,1587.94,true,0,0.0,Repeat customer,0–30 days,1
17135,2010-05-09,2010-05-01,2010-08-08,10,1722.18,true,2182,90.95,Repeat customer,91–180 days,4
17292,2010-05-09,2010-05-01,2010-08-24,2,271.75,true,2571,107.1,Repeat customer,91–180 days,4
17926,2010-05-09,2010-05-01,2010-09-01,5,1035.49,true,2759,114.98,Repeat customer,91–180 days,4
12675,2010-05-10,2010-05-01,2010-06-04,2,957.25,true,593,24.71,Repeat customer,0–30 days,1
14361,2010-05-10,2010-05-01,,1,214.71,false,,,One-time customer,No repeat purchase,0
14588,2010-05-10,2010-05-01,,1,135.39,false,,,One-time customer,No repeat purchase,0
14941,2010-05-10,2010-05-01,,1,182.1,false,,,One-time customer,No repeat purchase,0
15661,2010-05-10,2010-05-01,2010-07-19,8,1215.95,true,1688,70.3,Repeat customer,61–90 days,3
16614,2010-05-10,2010-05-01,2010-11-02,3,1179.79,true,4227,176.12,Repeat customer,91–180 days,4
17003,2010-05-10,2010-05-01,2010-10-12,4,828.21,true,3725,155.2,Repeat customer,91–180 days,4
17077,2010-05-10,2010-05-01,,1,306,false,,,One-time customer,No repeat purchase,0
17169,2010-05-10,2010-05-01,2011-06-09,3,1156.73,true,9480,395.01,Repeat customer,181+ days,5
17482,2010-05-10,2010-05-01,2010-08-09,2,775.64,true,2185,91.06,Repeat customer,91–180 days,4
17579,2010-05-10,2010-05-01,2011-06-13,4,753.28,true,9576,398.99,Repeat customer,181+ days,5
17720,2010-05-10,2010-05-01,2010-07-16,10,2666.91,true,1608,66.96,Repeat customer,61–90 days,3
12582,2010-05-11,2010-05-01,2010-10-13,4,1980.4,true,3721,155.04,Repeat customer,91–180 days,4
12599,2010-05-11,2010-05-01,2010-06-09,13,2296.72,true,694,28.92,Repeat customer,0–30 days,1
13103,2010-05-11,2010-05-01,2010-09-28,3,709.64,true,3357,139.88,Repeat customer,91–180 days,4
13222,2010-05-11,2010-05-01,,1,88.5,false,,,One-time customer,No repeat purchase,0
13296,2010-05-11,2010-05-01,2010-06-09,6,792.51,true,690,28.76,Repeat customer,0–30 days,1
13695,2010-05-11,2010-05-01,2011-03-25,16,2770.73,true,7632,318.02,Repeat customer,181+ days,5
13943,2010-05-11,2010-05-01,,1,246.54,false,,,One-time customer,No repeat purchase,0
15034,2010-05-11,2010-05-01,2010-07-02,14,8231.2,true,1247,51.98,Repeat customer,31–60 days,2
16307,2010-05-11,2010-05-01,2010-06-15,3,1194.92,true,839,34.94,Repeat customer,31–60 days,2
16323,2010-05-11,2010-05-01,2011-05-27,2,353.66,true,9149,381.21,Repeat customer,181+ days,5
16737,2010-05-11,2010-05-01,2011-10-17,2,835.2,true,12580,524.13,Repeat customer,181+ days,5
17321,2010-05-11,2010-05-01,2010-06-02,6,1665.21,true,529,22.04,Repeat customer,0–30 days,1
17545,2010-05-11,2010-05-01,2010-11-14,6,1409.86,true,4493,187.22,Repeat customer,181+ days,5
18281,2010-05-11,2010-05-01,2011-06-12,2,201.14,true,9528,397.0,Repeat customer,181+ days,5
12494,2010-05-12,2010-05-01,2010-10-24,9,1815.27,true,3958,164.91,Repeat customer,91–180 days,4
12580,2010-05-12,2010-05-01,2011-04-07,2,1052.9,true,7919,329.94,Repeat customer,181+ days,5
13295,2010-05-12,2010-05-01,2010-10-24,4,1101.97,true,3962,165.11,Repeat customer,91–180 days,4
13998,2010-05-12,2010-05-01,2010-07-16,3,566.7,true,1562,65.11,Repeat customer,61–90 days,3
14014,2010-05-12,2010-05-01,2010-11-28,3,1948.21,true,4805,200.24,Repeat customer,181+ days,5
14391,2010-05-12,2010-05-01,,1,135.6,false,,,One-time customer,No repeat purchase,0
14707,2010-05-12,2010-05-01,2010-09-30,2,139.2,true,3384,141.02,Repeat customer,91–180 days,4
15012,2010-05-12,2010-05-01,2010-12-01,3,646.26,true,4873,203.04,Repeat customer,181+ days,5
15405,2010-05-12,2010-05-01,2011-06-03,2,659.84,true,9287,386.95,Repeat customer,181+ days,5
16898,2010-05-12,2010-05-01,2010-10-20,5,885.21,true,3865,161.03,Repeat customer,91–180 days,4
16993,2010-05-12,2010-05-01,2010-09-02,2,1950.95,true,2711,112.93,Repeat customer,91–180 days,4
17016,2010-05-12,2010-05-01,,1,552.4,false,,,One-time customer,No repeat purchase,0
17705,2010-05-12,2010-05-01,2010-09-10,11,2083.9,true,2909,121.21,Repeat customer,91–180 days,4
17845,2010-05-12,2010-05-01,2010-05-12,4,596.09,true,0,0.01,Repeat customer,0–30 days,1
17897,2010-05-12,2010-05-01,2010-05-19,9,2099.89,true,165,6.88,Repeat customer,0–30 days,1
12894,2010-05-13,2010-05-01,,1,157.35,false,,,One-time customer,No repeat purchase,0
12923,2010-05-13,2010-05-01,2010-11-14,3,770.42,true,4439,184.93,Repeat customer,181+ days,5
13220,2010-05-13,2010-05-01,2011-04-17,5,1336.09,true,8136,339.02,Repeat customer,181+ days,5
13888,2010-05-13,2010-05-01,2010-05-13,7,2001.59,true,0,0.0,Repeat customer,0–30 days,1
13892,2010-05-13,2010-05-01,2010-08-19,6,1267.65,true,2351,97.94,Repeat customer,91–180 days,4
14039,2010-05-13,2010-05-01,2011-11-06,2,267.28,true,13011,542.15,Repeat customer,181+ days,5
15199,2010-05-13,2010-05-01,2010-06-23,10,3122.4,true,983,40.97,Repeat customer,31–60 days,2
15210,2010-05-13,2010-05-01,2010-11-26,3,1176.19,true,4723,196.77,Repeat customer,181+ days,5
15470,2010-05-13,2010-05-01,,1,63.42,false,,,One-time customer,No repeat purchase,0
15478,2010-05-13,2010-05-01,2011-10-14,3,1983.48,true,12449,518.68,Repeat customer,181+ days,5
15597,2010-05-13,2010-05-01,2011-11-04,2,563.37,true,12960,540.01,Repeat customer,181+ days,5
16906,2010-05-13,2010-05-01,2010-05-13,7,1410.92,true,0,0.01,Repeat customer,0–30 days,1
18197,2010-05-13,2010-05-01,,1,230.1,false,,,One-time customer,No repeat purchase,0
12880,2010-05-14,2010-05-01,2010-11-23,2,640.13,true,4631,192.95,Repeat customer,181+ days,5
13300,2010-05-14,2010-05-01,2010-11-16,3,1285.51,true,4466,186.05,Repeat customer,181+ days,5
14296,2010-05-14,2010-05-01,2010-10-14,2,456.4,true,3672,152.99,Repeat customer,91–180 days,4
15723,2010-05-14,2010-05-01,2010-09-16,4,930.7,true,2998,124.91,Repeat customer,91–180 days,4
16115,2010-05-14,2010-05-01,2010-06-17,12,2553.8,true,817,34.02,Repeat customer,31–60 days,2
16588,2010-05-14,2010-05-01,2010-07-22,4,1361.28,true,1660,69.16,Repeat customer,61–90 days,3
16836,2010-05-14,2010-05-01,2010-10-29,4,782.37,true,4032,168.0,Repeat customer,91–180 days,4
14982,2010-05-16,2010-05-01,,1,237.78,false,,,One-time customer,No repeat purchase,0
16507,2010-05-16,2010-05-01,,1,142.71,false,,,One-time customer,No repeat purchase,0
16922,2010-05-16,2010-05-01,,1,611.08,false,,,One-time customer,No repeat purchase,0
17123,2010-05-16,2010-05-01,2010-09-26,3,977.17,true,3193,133.01,Repeat customer,91–180 days,4
18258,2010-05-16,2010-05-01,2010-05-16,6,2059.67,true,0,0.0,Repeat customer,0–30 days,1
13605,2010-05-17,2010-05-01,2010-11-17,2,522.67,true,4418,184.06,Repeat customer,181+ days,5
13719,2010-05-17,2010-05-01,2010-06-01,11,2783.08,true,362,15.06,Repeat customer,0–30 days,1
13857,2010-05-17,2010-05-01,2010-08-08,6,1001.01,true,1990,82.91,Repeat customer,61–90 days,3
14017,2010-05-17,2010-05-01,,1,229.75,false,,,One-time customer,No repeat purchase,0
15280,2010-05-17,2010-05-01,2010-08-08,3,397.52,true,1990,82.92,Repeat customer,61–90 days,3
16932,2010-05-17,2010-05-01,2010-10-12,3,412.55,true,3552,148.0,Repeat customer,91–180 days,4
17928,2010-05-17,2010-05-01,2011-04-07,3,341.24,true,7803,325.11,Repeat customer,181+ days,5
18157,2010-05-17,2010-05-01,,1,213.9,false,,,One-time customer,No repeat purchase,0
18287,2010-05-17,2010-05-01,2010-09-21,7,4182.99,true,3049,127.02,Repeat customer,91–180 days,4
13501,2010-05-18,2010-05-01,2010-08-10,3,2885.11,true,2016,83.98,Repeat customer,61–90 days,3
13541,2010-05-18,2010-05-01,2010-10-08,2,785.25,true,3432,143.02,Repeat customer,91–180 days,4
14304,2010-05-18,2010-05-01,2010-11-25,3,1725.01,true,4584,190.98,Repeat customer,181+ days,5
14744,2010-05-18,2010-05-01,2010-05-21,14,3660.08,true,69,2.89,Repeat customer,0–30 days,1
15071,2010-05-18,2010-05-01,2010-11-18,4,1455.56,true,4417,184.03,Repeat customer,181+ days,5
15282,2010-05-18,2010-05-01,,1,348.59,false,,,One-time customer,No repeat purchase,0
16884,2010-05-18,2010-05-01,2010-06-01,4,1070.97,true,336,14.03,Repeat customer,0–30 days,1
12837,2010-05-19,2010-05-01,2011-06-19,2,662.66,true,9505,396.04,Repeat customer,181+ days,5
14220,2010-05-19,2010-05-01,2010-05-21,4,1515,true,48,2.0,Repeat customer,0–30 days,1
14283,2010-05-19,2010-05-01,2010-07-26,4,628.44,true,1632,68.0,Repeat customer,61–90 days,3
14325,2010-05-19,2010-05-01,,1,245.48,false,,,One-time customer,No repeat purchase,0
14598,2010-05-19,2010-05-01,2011-10-26,2,384.04,true,12600,525.01,Repeat customer,181+ days,5
15636,2010-05-19,2010-05-01,2010-09-28,4,1444.58,true,3172,132.15,Repeat customer,91–180 days,4
16059,2010-05-19,2010-05-01,2010-06-06,12,3053.57,true,430,17.92,Repeat customer,0–30 days,1
16564,2010-05-19,2010-05-01,,1,87.8,false,,,One-time customer,No repeat purchase,0
16664,2010-05-19,2010-05-01,,1,109.2,false,,,One-time customer,No repeat purchase,0
16835,2010-05-19,2010-05-01,2010-06-29,6,1456.66,true,986,41.06,Repeat customer,31–60 days,2
16915,2010-05-19,2010-05-01,2010-07-13,11,1543.18,true,1316,54.84,Repeat customer,31–60 days,2
17382,2010-05-19,2010-05-01,2010-05-19,8,902.28,true,0,0.0,Repeat customer,0–30 days,1
17413,2010-05-19,2010-05-01,2010-10-31,2,560.14,true,3961,165.06,Repeat customer,91–180 days,4
17490,2010-05-19,2010-05-01,2010-11-16,9,2750.5,true,4350,181.25,Repeat customer,181+ days,5
13213,2010-05-20,2010-05-01,2010-07-22,11,3851.52,true,1510,62.9,Repeat customer,61–90 days,3
14334,2010-05-20,2010-05-01,2010-07-27,12,4318.48,true,1635,68.15,Repeat customer,61–90 days,3
14513,2010-05-20,2010-05-01,2010-09-19,6,788.01,true,2926,121.91,Repeat customer,91–180 days,4
14671,2010-05-20,2010-05-01,2010-06-08,2,1127.45,true,451,18.8,Repeat customer,0–30 days,1
14850,2010-05-20,2010-05-01,2010-05-20,7,1770.96,true,0,0.01,Repeat customer,0–30 days,1
15025,2010-05-20,2010-05-01,2011-11-06,2,979.79,true,12842,535.08,Repeat customer,181+ days,5
15401,2010-05-20,2010-05-01,2010-09-13,2,216.95,true,2787,116.12,Repeat customer,91–180 days,4
15559,2010-05-20,2010-05-01,,1,1109.4,false,,,One-time customer,No repeat purchase,0
15777,2010-05-20,2010-05-01,2010-10-18,7,1762.61,true,3629,151.21,Repeat customer,91–180 days,4
15826,2010-05-20,2010-05-01,2011-05-13,4,2598.28,true,8585,357.74,Repeat customer,181+ days,5
16604,2010-05-20,2010-05-01,2010-05-26,2,432.45,true,137,5.69,Repeat customer,0–30 days,1
17758,2010-05-20,2010-05-01,2010-10-05,12,4964.03,true,3313,138.05,Repeat customer,91–180 days,4
12355,2010-05-21,2010-05-01,2011-05-09,2,947.61,true,8474,353.08,Repeat customer,181+ days,5
14311,2010-05-21,2010-05-01,2011-04-11,2,516.45,true,7800,324.99,Repeat customer,181+ days,5
14409,2010-05-21,2010-05-01,2010-08-11,9,3427.29,true,1966,81.92,Repeat customer,61–90 days,3
17898,2010-05-21,2010-05-01,2010-09-13,4,299.18,true,2755,114.78,Repeat customer,91–180 days,4
18011,2010-05-21,2010-05-01,2010-12-01,2,410.79,true,4660,194.17,Repeat customer,181+ days,5
12409,2010-05-23,2010-05-01,2010-06-08,7,23419.29,true,382,15.93,Repeat customer,0–30 days,1
12974,2010-05-23,2010-05-01,2011-05-26,2,408.95,true,8830,367.91,Repeat customer,181+ days,5
13778,2010-05-23,2010-05-01,2010-06-24,4,1124.49,true,767,31.94,Repeat customer,31–60 days,2
14010,2010-05-23,2010-05-01,2010-05-23,2,445.15,true,1,0.01,Repeat customer,0–30 days,1
14920,2010-05-23,2010-05-01,2011-05-11,3,1607.17,true,8467,352.8,Repeat customer,181+ days,5
16121,2010-05-23,2010-05-01,2010-11-14,5,1450.04,true,4201,175.02,Repeat customer,91–180 days,4
16290,2010-05-23,2010-05-01,2010-06-13,4,1957.7,true,504,20.98,Repeat customer,0–30 days,1
16889,2010-05-23,2010-05-01,2010-07-11,6,2526.65,true,1176,49.0,Repeat customer,31–60 days,2
17278,2010-05-23,2010-05-01,2011-04-12,2,271.24,true,7776,323.97,Repeat customer,181+ days,5
17785,2010-05-23,2010-05-01,2010-09-20,3,403.38,true,2881,120.05,Repeat customer,91–180 days,4
18208,2010-05-23,2010-05-01,,1,360.08,false,,,One-time customer,No repeat purchase,0
12632,2010-05-24,2010-05-01,2010-07-07,2,804.88,true,1056,44.02,Repeat customer,31–60 days,2
12773,2010-05-24,2010-05-01,,1,124.25,false,,,One-time customer,No repeat purchase,0
13402,2010-05-24,2010-05-01,2010-07-22,4,1226.85,true,1414,58.89,Repeat customer,31–60 days,2
14168,2010-05-24,2010-05-01,2010-10-15,2,370.45,true,3454,143.93,Repeat customer,91–180 days,4
14394,2010-05-24,2010-05-01,,1,93.8,false,,,One-time customer,No repeat purchase,0
14847,2010-05-24,2010-05-01,2010-10-28,3,1348.95,true,3765,156.89,Repeat customer,91–180 days,4
15681,2010-05-24,2010-05-01,2010-06-07,14,2989.7,true,338,14.1,Repeat customer,0–30 days,1
16075,2010-05-24,2010-05-01,2010-07-25,2,736.93,true,1484,61.82,Repeat customer,61–90 days,3
16185,2010-05-24,2010-05-01,2011-04-21,3,644.72,true,7968,332.04,Repeat customer,181+ days,5
16229,2010-05-24,2010-05-01,2010-06-16,6,2867.86,true,553,23.02,Repeat customer,0–30 days,1
16831,2010-05-24,2010-05-01,,1,91.8,false,,,One-time customer,No repeat purchase,0
16974,2010-05-24,2010-05-01,2010-07-05,2,365.5,true,1008,41.98,Repeat customer,31–60 days,2
17205,2010-05-24,2010-05-01,2010-10-19,3,999.35,true,3553,148.02,Repeat customer,91–180 days,4
18000,2010-05-24,2010-05-01,,1,124.25,false,,,One-time customer,No repeat purchase,0
18052,2010-05-24,2010-05-01,,1,10877.18,false,,,One-time customer,No repeat purchase,0
18060,2010-05-24,2010-05-01,2010-10-27,2,1185.46,true,3752,156.34,Repeat customer,91–180 days,4
12802,2010-05-25,2010-05-01,2010-06-18,7,2416.42,true,579,24.12,Repeat customer,0–30 days,1
13324,2010-05-25,2010-05-01,2010-06-23,18,10513.47,true,700,29.16,Repeat customer,0–30 days,1
13989,2010-05-25,2010-05-01,2010-08-09,5,2026.06,true,1824,76.01,Repeat customer,61–90 days,3
14993,2010-05-25,2010-05-01,,1,36.13,false,,,One-time customer,No repeat purchase,0
15217,2010-05-25,2010-05-01,,1,426.24,false,,,One-time customer,No repeat purchase,0
16175,2010-05-25,2010-05-01,2010-07-16,7,1836.44,true,1246,51.94,Repeat customer,31–60 days,2
16328,2010-05-25,2010-05-01,,1,310.83,false,,,One-time customer,No repeat purchase,0
17862,2010-05-25,2010-05-01,2010-11-11,4,1254.89,true,4080,170.02,Repeat customer,91–180 days,4
12378,2010-05-26,2010-05-01,2011-08-02,2,5416.32,true,10388,432.85,Repeat customer,181+ days,5
12656,2010-05-26,2010-05-01,2010-07-28,8,6407.83,true,1516,63.17,Repeat customer,61–90 days,3
13169,2010-05-26,2010-05-01,2011-04-01,3,840.08,true,7439,309.93,Repeat customer,181+ days,5
13880,2010-05-26,2010-05-01,2010-08-10,17,4293.86,true,1825,76.04,Repeat customer,61–90 days,3
13920,2010-05-26,2010-05-01,2010-08-06,4,1774.68,true,1725,71.85,Repeat customer,61–90 days,3
14181,2010-05-26,2010-05-01,2010-10-25,2,308.35,true,3644,151.83,Repeat customer,91–180 days,4
14938,2010-05-26,2010-05-01,2010-05-26,2,2322.43,true,0,0.0,Repeat customer,0–30 days,1
15900,2010-05-26,2010-05-01,2010-10-18,4,886.57,true,3480,145.0,Repeat customer,91–180 days,4
16046,2010-05-26,2010-05-01,,1,235.78,false,,,One-time customer,No repeat purchase,0
16153,2010-05-26,2010-05-01,2010-07-06,11,5133.49,true,984,41.0,Repeat customer,31–60 days,2
16458,2010-05-26,2010-05-01,2010-06-14,30,5690.89,true,455,18.96,Repeat customer,0–30 days,1
16715,2010-05-26,2010-05-01,2011-09-22,2,625.52,true,11622,484.24,Repeat customer,181+ days,5
17074,2010-05-26,2010-05-01,,1,203.05,false,,,One-time customer,No repeat purchase,0
17179,2010-05-26,2010-05-01,2010-10-13,6,1507.26,true,3360,139.99,Repeat customer,91–180 days,4
17327,2010-05-26,2010-05-01,2010-10-26,2,152.35,true,3670,152.94,Repeat customer,91–180 days,4
17694,2010-05-26,2010-05-01,2010-07-16,3,1695.97,true,1226,51.08,Repeat customer,31–60 days,2
14069,2010-05-27,2010-05-01,2010-07-13,2,225.81,true,1128,46.99,Repeat customer,31–60 days,2
14876,2010-05-27,2010-05-01,2010-07-06,2,256.7,true,961,40.05,Repeat customer,31–60 days,2
15256,2010-05-27,2010-05-01,2011-07-14,2,170.4,true,9912,413.0,Repeat customer,181+ days,5
15340,2010-05-27,2010-05-01,,1,105.5,false,,,One-time customer,No repeat purchase,0
15985,2010-05-27,2010-05-01,2010-07-16,7,2715.28,true,1200,49.97,Repeat customer,31–60 days,2
16101,2010-05-27,2010-05-01,2010-08-15,4,3229.16,true,1922,80.08,Repeat customer,61–90 days,3
16218,2010-05-27,2010-05-01,2010-09-12,13,3968.67,true,2587,107.82,Repeat customer,91–180 days,4
16234,2010-05-27,2010-05-01,2010-07-13,3,333.18,true,1130,47.07,Repeat customer,31–60 days,2
16391,2010-05-27,2010-05-01,2010-06-21,4,1052.26,true,602,25.07,Repeat customer,0–30 days,1
16392,2010-05-27,2010-05-01,2010-10-22,3,756.7,true,3552,148.02,Repeat customer,91–180 days,4
16691,2010-05-27,2010-05-01,2010-10-17,2,178.83,true,3433,143.01,Repeat customer,91–180 days,4
16695,2010-05-27,2010-05-01,2010-05-27,2,191.9,true,0,0.01,Repeat customer,0–30 days,1
17499,2010-05-27,2010-05-01,2011-02-23,2,1341.39,true,6528,271.97,Repeat customer,181+ days,5
17699,2010-05-27,2010-05-01,2010-08-20,2,442,true,2038,84.91,Repeat customer,61–90 days,3
12499,2010-05-28,2010-05-01,,1,393.72,false,,,One-time customer,No repeat purchase,0
12619,2010-05-28,2010-05-01,2011-03-31,10,3781.38,true,7369,307.01,Repeat customer,181+ days,5
13602,2010-05-28,2010-05-01,2010-09-30,4,1025.17,true,3000,125.0,Repeat customer,91–180 days,4
14104,2010-05-28,2010-05-01,2010-06-09,5,743.53,true,286,11.92,Repeat customer,0–30 days,1
15254,2010-05-28,2010-05-01,2010-06-11,3,1088.35,true,336,14.02,Repeat customer,0–30 days,1
15400,2010-05-28,2010-05-01,2010-08-05,8,1302.3,true,1662,69.23,Repeat customer,61–90 days,3
16035,2010-05-28,2010-05-01,,1,217.73,false,,,One-time customer,No repeat purchase,0
17583,2010-05-28,2010-05-01,,1,135.95,false,,,One-time customer,No repeat purchase,0
17741,2010-05-28,2010-05-01,2010-10-29,2,101.1,true,3695,153.99,Repeat customer,91–180 days,4
17822,2010-05-28,2010-05-01,2010-05-28,5,2162.93,true,1,0.05,Repeat customer,0–30 days,1
18044,2010-05-28,2010-05-01,2010-06-16,18,3505.61,true,454,18.93,Repeat customer,0–30 days,1
17617,2010-05-30,2010-05-01,,1,385.19,false,,,One-time customer,No repeat purchase,0
15135,2010-06-01,2010-06-01,2011-04-14,2,305.68,true,7614,317.24,Repeat customer,181+ days,5
15670,2010-06-01,2010-06-01,2011-02-16,2,325.2,true,6235,259.8,Repeat customer,181+ days,5
15938,2010-06-01,2010-06-01,2010-07-18,9,734.81,true,1130,47.08,Repeat customer,31–60 days,2
15980,2010-06-01,2010-06-01,2010-06-01,7,6543.68,true,0,0.0,Repeat customer,0–30 days,1
16518,2010-06-01,2010-06-01,2010-10-14,4,959.37,true,3239,134.95,Repeat customer,91–180 days,4
18038,2010-06-01,2010-06-01,,1,141.48,false,,,One-time customer,No repeat purchase,0
13472,2010-06-02,2010-06-01,2010-09-02,2,592.24,true,2208,92.0,Repeat customer,91–180 days,4
14033,2010-06-02,2010-06-01,,1,109.44,false,,,One-time customer,No repeat purchase,0
15246,2010-06-02,2010-06-01,2010-12-16,3,780.4,true,4726,196.93,Repeat customer,181+ days,5
15305,2010-06-02,2010-06-01,,1,93.6,false,,,One-time customer,No repeat purchase,0
15714,2010-06-02,2010-06-01,2010-06-08,5,783.96,true,140,5.85,Repeat customer,0–30 days,1
15887,2010-06-02,2010-06-01,2010-09-05,3,1027.15,true,2282,95.08,Repeat customer,91–180 days,4
16401,2010-06-02,2010-06-01,2010-06-16,23,6849.15,true,337,14.04,Repeat customer,0–30 days,1
16565,2010-06-02,2010-06-01,2010-08-10,4,773.05,true,1656,68.99,Repeat customer,61–90 days,3
16896,2010-06-02,2010-06-01,,1,103.95,false,,,One-time customer,No repeat purchase,0
17096,2010-06-02,2010-06-01,2010-06-27,11,3697.93,true,601,25.04,Repeat customer,0–30 days,1
17745,2010-06-02,2010-06-01,2010-08-19,2,600.34,true,1875,78.14,Repeat customer,61–90 days,3
12874,2010-06-03,2010-06-01,2010-11-19,2,948.42,true,4059,169.11,Repeat customer,91–180 days,4
13031,2010-06-03,2010-06-01,2010-07-22,5,3292.84,true,1178,49.04,Repeat customer,31–60 days,2
14859,2010-06-03,2010-06-01,2011-05-19,5,1705.64,true,8404,350.18,Repeat customer,181+ days,5
15502,2010-06-03,2010-06-01,2010-09-27,14,13003.87,true,2784,116.03,Repeat customer,91–180 days,4
17216,2010-06-03,2010-06-01,,1,63.6,false,,,One-time customer,No repeat purchase,0
17683,2010-06-03,2010-06-01,2010-07-16,3,819.01,true,1027,42.81,Repeat customer,31–60 days,2
18214,2010-06-03,2010-06-01,2010-06-08,4,1780.34,true,118,4.9,Repeat customer,0–30 days,1
14436,2010-06-04,2010-06-01,2011-09-02,2,271.7,true,10919,454.95,Repeat customer,181+ days,5
14486,2010-06-04,2010-06-01,2010-07-16,2,175.5,true,1007,41.97,Repeat customer,31–60 days,2
14902,2010-06-04,2010-06-01,2010-11-09,3,1035.62,true,3790,157.91,Repeat customer,91–180 days,4
15731,2010-06-04,2010-06-01,,1,125.3,false,,,One-time customer,No repeat purchase,0
17235,2010-06-04,2010-06-01,2010-07-14,8,1562.98,true,956,39.84,Repeat customer,31–60 days,2
18206,2010-06-04,2010-06-01,,1,314.66,false,,,One-time customer,No repeat purchase,0
12911,2010-06-06,2010-06-01,,1,1651.72,false,,,One-time customer,No repeat purchase,0
13056,2010-06-06,2010-06-01,,1,209.48,false,,,One-time customer,No repeat purchase,0
13109,2010-06-06,2010-06-01,2011-07-05,3,1134.03,true,9458,394.08,Repeat customer,181+ days,5
13614,2010-06-06,2010-06-01,2010-11-11,6,2332.74,true,3791,157.94,Repeat customer,91–180 days,4
14128,2010-06-06,2010-06-01,2011-03-29,3,924.21,true,7100,295.86,Repeat customer,181+ days,5
14208,2010-06-06,2010-06-01,2011-09-06,2,567.05,true,10967,456.98,Repeat customer,181+ days,5
14247,2010-06-06,2010-06-01,2010-07-04,5,753.56,true,670,27.93,Repeat customer,0–30 days,1
14687,2010-06-06,2010-06-01,2010-11-04,3,1402.06,true,3632,151.35,Repeat customer,91–180 days,4
14734,2010-06-06,2010-06-01,2010-08-03,4,1056.42,true,1386,57.74,Repeat customer,31–60 days,2
14766,2010-06-06,2010-06-01,2010-07-16,11,6375.73,true,963,40.14,Repeat customer,31–60 days,2
15976,2010-06-06,2010-06-01,2010-07-04,6,1694.41,true,671,28.0,Repeat customer,0–30 days,1
16340,2010-06-06,2010-06-01,2010-09-26,3,1496.24,true,2687,111.98,Repeat customer,91–180 days,4
16356,2010-06-06,2010-06-01,2010-06-06,6,415.87,true,0,0.01,Repeat customer,0–30 days,1
17009,2010-06-06,2010-06-01,,1,242.06,false,,,One-time customer,No repeat purchase,0
17915,2010-06-06,2010-06-01,,1,225.78,false,,,One-time customer,No repeat purchase,0
18112,2010-06-06,2010-06-01,2010-10-17,4,773.36,true,3193,133.03,Repeat customer,91–180 days,4
18137,2010-06-06,2010-06-01,2010-06-06,2,145.99,true,1,0.02,Repeat customer,0–30 days,1
18234,2010-06-06,2010-06-01,,1,179.6,false,,,One-time customer,No repeat purchase,0
12829,2010-06-07,2010-06-01,2010-12-14,3,385.3,true,4559,189.99,Repeat customer,181+ days,5
13699,2010-06-07,2010-06-01,2011-07-07,2,764.15,true,9483,395.16,Repeat customer,181+ days,5
13997,2010-06-07,2010-06-01,2010-07-08,3,376.46,true,744,31.01,Repeat customer,31–60 days,2
14028,2010-06-07,2010-06-01,2010-06-07,3,10396.5,true,0,0.0,Repeat customer,0–30 days,1
14309,2010-06-07,2010-06-01,2010-10-22,11,3780.81,true,3291,137.12,Repeat customer,91–180 days,4
14498,2010-06-07,2010-06-01,2010-07-07,10,3900.83,true,720,30.0,Repeat customer,0–30 days,1
14515,2010-06-07,2010-06-01,2010-10-25,12,3724.06,true,3361,140.04,Repeat customer,91–180 days,4
14786,2010-06-07,2010-06-01,,1,90.96,false,,,One-time customer,No repeat purchase,0
15471,2010-06-07,2010-06-01,2010-11-24,3,1292.01,true,4082,170.1,Repeat customer,91–180 days,4
15551,2010-06-07,2010-06-01,2010-09-24,7,1679.81,true,2613,108.88,Repeat customer,91–180 days,4
15720,2010-06-07,2010-06-01,2011-11-15,2,739.22,true,12623,525.96,Repeat customer,181+ days,5
15872,2010-06-07,2010-06-01,2010-11-26,4,729.25,true,4126,171.88,Repeat customer,91–180 days,4
15958,2010-06-07,2010-06-01,2010-10-18,4,462.12,true,3192,132.98,Repeat customer,91–180 days,4
16232,2010-06-07,2010-06-01,2010-08-12,7,2712.97,true,1580,65.83,Repeat customer,61–90 days,3
16382,2010-06-07,2010-06-01,2010-10-27,2,353.1,true,3412,142.15,Repeat customer,91–180 days,4
17040,2010-06-07,2010-06-01,2011-07-25,2,463.25,true,9907,412.8,Repeat customer,181+ days,5
17101,2010-06-07,2010-06-01,2010-10-14,7,2507.05,true,3097,129.04,Repeat customer,91–180 days,4
17515,2010-06-07,2010-06-01,2010-07-19,9,1602.51,true,1010,42.1,Repeat customer,31–60 days,2
17784,2010-06-07,2010-06-01,,1,112.86,false,,,One-time customer,No repeat purchase,0
17987,2010-06-07,2010-06-01,2010-11-04,5,965.44,true,3600,150.01,Repeat customer,91–180 days,4
18100,2010-06-07,2010-06-01,,1,451.56,false,,,One-time customer,No repeat purchase,0
12928,2010-06-08,2010-06-01,2010-06-25,12,4304.89,true,413,17.21,Repeat customer,0–30 days,1
14308,2010-06-08,2010-06-01,2010-06-08,2,1147.02,true,0,0.01,Repeat customer,0–30 days,1
15532,2010-06-08,2010-06-01,2010-06-29,10,3738.85,true,506,21.06,Repeat customer,0–30 days,1
16048,2010-06-08,2010-06-01,2010-11-05,4,818.79,true,3599,149.96,Repeat customer,91–180 days,4
16072,2010-06-08,2010-06-01,2010-10-07,4,4180.09,true,2903,120.95,Repeat customer,91–180 days,4
17440,2010-06-08,2010-06-01,2011-04-06,4,323.58,true,7246,301.89,Repeat customer,181+ days,5
17543,2010-06-08,2010-06-01,,1,120.05,false,,,One-time customer,No repeat purchase,0
18103,2010-06-08,2010-06-01,,1,105.8,false,,,One-time customer,No repeat purchase,0
12424,2010-06-09,2010-06-01,2010-10-13,4,3340.03,true,3019,125.8,Repeat customer,91–180 days,4
12634,2010-06-09,2010-06-01,2010-06-22,2,490,true,307,12.77,Repeat customer,0–30 days,1
13502,2010-06-09,2010-06-01,2010-10-20,5,780.5,true,3192,132.97,Repeat customer,91–180 days,4
14180,2010-06-09,2010-06-01,2010-06-30,33,6117.5,true,498,20.73,Repeat customer,0–30 days,1
14230,2010-06-09,2010-06-01,2010-09-30,3,979.8,true,2708,112.8,Repeat customer,91–180 days,4
14260,2010-06-09,2010-06-01,2010-08-25,3,824.28,true,1851,77.15,Repeat customer,61–90 days,3
14615,2010-06-09,2010-06-01,2010-07-16,5,951.76,true,889,37.01,Repeat customer,31–60 days,2
14616,2010-06-09,2010-06-01,2010-11-19,5,527.78,true,3919,163.29,Repeat customer,91–180 days,4
15352,2010-06-09,2010-06-01,,1,111.15,false,,,One-time customer,No repeat purchase,0
16453,2010-06-09,2010-06-01,2010-06-27,2,251.71,true,431,17.98,Repeat customer,0–30 days,1
17282,2010-06-09,2010-06-01,2010-09-09,5,2308.54,true,2215,92.3,Repeat customer,91–180 days,4
17381,2010-06-09,2010-06-01,2010-07-07,38,36398.65,true,670,27.9,Repeat customer,0–30 days,1
17417,2010-06-09,2010-06-01,,1,164.18,false,,,One-time customer,No repeat purchase,0
17713,2010-06-09,2010-06-01,2010-08-17,4,1198.09,true,1660,69.18,Repeat customer,61–90 days,3
17971,2010-06-09,2010-06-01,,1,161.94,false,,,One-time customer,No repeat purchase,0
13065,2010-06-10,2010-06-01,2010-08-26,5,1055.05,true,1850,77.07,Repeat customer,61–90 days,3
13438,2010-06-10,2010-06-01,,1,46.5,false,,,One-time customer,No repeat purchase,0
15207,2010-06-10,2010-06-01,2010-10-15,3,683.92,true,3043,126.79,Repeat customer,91–180 days,4
15734,2010-06-10,2010-06-01,2010-09-29,4,2263.3,true,2661,110.89,Repeat customer,91–180 days,4
15757,2010-06-10,2010-06-01,2010-08-04,6,2940.36,true,1319,54.94,Repeat customer,31–60 days,2
16679,2010-06-10,2010-06-01,2010-11-10,3,663.31,true,3667,152.78,Repeat customer,91–180 days,4
17204,2010-06-10,2010-06-01,2010-09-27,9,5504.69,true,2617,109.03,Repeat customer,91–180 days,4
17869,2010-06-10,2010-06-01,2010-08-27,7,813.64,true,1871,77.94,Repeat customer,61–90 days,3
12429,2010-06-11,2010-06-01,2010-06-11,8,6204.41,true,0,0.0,Repeat customer,0–30 days,1
13337,2010-06-11,2010-06-01,,1,1575.26,false,,,One-time customer,No repeat purchase,0
13601,2010-06-11,2010-06-01,2010-11-12,4,1159.99,true,3696,154.01,Repeat customer,91–180 days,4
13745,2010-06-11,2010-06-01,2011-06-30,2,777.36,true,9215,383.98,Repeat customer,181+ days,5
13794,2010-06-11,2010-06-01,,1,126.03,false,,,One-time customer,No repeat purchase,0
14228,2010-06-11,2010-06-01,2010-07-06,3,745.5,true,598,24.9,Repeat customer,0–30 days,1
14255,2010-06-11,2010-06-01,,1,1000.63,false,,,One-time customer,No repeat purchase,0
14618,2010-06-11,2010-06-01,2010-10-19,7,1342.32,true,3126,130.28,Repeat customer,91–180 days,4
14727,2010-06-11,2010-06-01,2010-06-11,3,463.73,true,0,0.0,Repeat customer,0–30 days,1
15102,2010-06-11,2010-06-01,2010-06-27,2,554.67,true,386,16.08,Repeat customer,0–30 days,1
16209,2010-06-11,2010-06-01,2010-06-15,9,4146.78,true,97,4.0,Repeat customer,0–30 days,1
16499,2010-06-11,2010-06-01,2010-06-28,8,2578.34,true,412,17.16,Repeat customer,0–30 days,1
16547,2010-06-11,2010-06-01,,1,104.26,false,,,One-time customer,No repeat purchase,0
17691,2010-06-11,2010-06-01,2010-11-05,4,637.55,true,3530,147.06,Repeat customer,91–180 days,4
17749,2010-06-11,2010-06-01,2011-03-28,3,1026.18,true,6959,289.95,Repeat customer,181+ days,5
17902,2010-06-11,2010-06-01,,1,216.4,false,,,One-time customer,No repeat purchase,0
17996,2010-06-11,2010-06-01,2010-06-11,3,482.33,true,0,0.0,Repeat customer,0–30 days,1
18022,2010-06-11,2010-06-01,2010-10-22,5,1507.25,true,3191,132.92,Repeat customer,91–180 days,4
13545,2010-06-13,2010-06-01,2010-11-14,2,364.93,true,3696,153.98,Repeat customer,91–180 days,4
14224,2010-06-13,2010-06-01,2010-06-29,9,1841.71,true,383,15.95,Repeat customer,0–30 days,1
14581,2010-06-13,2010-06-01,2011-11-23,2,409.65,true,12669,527.87,Repeat customer,181+ days,5
16021,2010-06-13,2010-06-01,2010-11-09,2,487.03,true,3579,149.15,Repeat customer,91–180 days,4
16647,2010-06-13,2010-06-01,2010-09-23,4,541.9,true,2447,101.95,Repeat customer,91–180 days,4
17790,2010-06-13,2010-06-01,2010-07-11,20,2779.41,true,670,27.92,Repeat customer,0–30 days,1
17923,2010-06-13,2010-06-01,2010-06-30,3,497,true,408,16.99,Repeat customer,0–30 days,1
12637,2010-06-14,2010-06-01,2010-07-27,12,8283.81,true,1034,43.08,Repeat customer,31–60 days,2
12897,2010-06-14,2010-06-01,2010-11-23,4,514.25,true,3890,162.06,Repeat customer,91–180 days,4
13069,2010-06-14,2010-06-01,2010-06-14,38,9284.45,true,1,0.03,Repeat customer,0–30 days,1
13383,2010-06-14,2010-06-01,,1,305.28,false,,,One-time customer,No repeat purchase,0
13559,2010-06-14,2010-06-01,2010-07-15,2,990,true,742,30.92,Repeat customer,31–60 days,2
15016,2010-06-14,2010-06-01,2010-10-13,5,620.89,true,2904,121.02,Repeat customer,91–180 days,4
15150,2010-06-14,2010-06-01,2010-09-09,13,8977.94,true,2093,87.22,Repeat customer,61–90 days,3
15361,2010-06-14,2010-06-01,2010-06-22,4,689.07,true,190,7.92,Repeat customer,0–30 days,1
15817,2010-06-14,2010-06-01,2010-08-04,3,2766.4,true,1223,50.97,Repeat customer,31–60 days,2
15901,2010-06-14,2010-06-01,2010-09-02,7,687.72,true,1923,80.13,Repeat customer,61–90 days,3
15905,2010-06-14,2010-06-01,,1,114.69,false,,,One-time customer,No repeat purchase,0
16007,2010-06-14,2010-06-01,2010-09-19,7,3053.06,true,2328,96.99,Repeat customer,91–180 days,4
16500,2010-06-14,2010-06-01,2010-11-02,9,843.91,true,3381,140.86,Repeat customer,91–180 days,4
16622,2010-06-14,2010-06-01,,1,225.4,false,,,One-time customer,No repeat purchase,0
16625,2010-06-14,2010-06-01,2010-08-16,5,1654.03,true,1515,63.12,Repeat customer,61–90 days,3
17922,2010-06-14,2010-06-01,,1,170.4,false,,,One-time customer,No repeat purchase,0
18020,2010-06-14,2010-06-01,,1,190.48,false,,,One-time customer,No repeat purchase,0
13168,2010-06-15,2010-06-01,2011-01-25,5,1840.73,true,5374,223.95,Repeat customer,181+ days,5
13297,2010-06-15,2010-06-01,2010-10-13,7,4368.62,true,2876,119.83,Repeat customer,91–180 days,4
14139,2010-06-15,2010-06-01,2010-07-01,4,1086.8,true,388,16.18,Repeat customer,0–30 days,1
15625,2010-06-15,2010-06-01,2010-06-16,9,3236.4,true,25,1.03,Repeat customer,0–30 days,1
15816,2010-06-15,2010-06-01,2010-06-15,2,144.15,true,1,0.03,Repeat customer,0–30 days,1
15926,2010-06-15,2010-06-01,,1,134.44,false,,,One-time customer,No repeat purchase,0
16205,2010-06-15,2010-06-01,2010-10-04,7,1820.11,true,2665,111.03,Repeat customer,91–180 days,4
17571,2010-06-15,2010-06-01,2011-02-14,5,1630.91,true,5859,244.1,Repeat customer,181+ days,5
13112,2010-06-16,2010-06-01,,1,20.6,false,,,One-time customer,No repeat purchase,0
13567,2010-06-16,2010-06-01,2010-08-24,4,1079.29,true,1658,69.06,Repeat customer,61–90 days,3
13586,2010-06-16,2010-06-01,,1,127.28,false,,,One-time customer,No repeat purchase,0
14075,2010-06-16,2010-06-01,2010-08-26,6,1734.87,true,1703,70.95,Repeat customer,61–90 days,3
14374,2010-06-16,2010-06-01,,1,108,false,,,One-time customer,No repeat purchase,0
14375,2010-06-16,2010-06-01,2010-09-15,3,1106.82,true,2184,91.01,Repeat customer,91–180 days,4
14619,2010-06-16,2010-06-01,2011-04-08,2,1291.24,true,7097,295.71,Repeat customer,181+ days,5
14634,2010-06-16,2010-06-01,2010-06-23,4,2124.46,true,176,7.32,Repeat customer,0–30 days,1
15040,2010-06-16,2010-06-01,,1,7.49,false,,,One-time customer,No repeat purchase,0
15432,2010-06-16,2010-06-01,2011-11-16,2,320.76,true,12434,518.08,Repeat customer,181+ days,5
17401,2010-06-16,2010-06-01,,1,114.85,false,,,One-time customer,No repeat purchase,0
17952,2010-06-16,2010-06-01,2010-06-16,4,788.46,true,1,0.01,Repeat customer,0–30 days,1
18042,2010-06-16,2010-06-01,2011-10-17,2,281.15,true,11713,488.04,Repeat customer,181+ days,5
12746,2010-06-17,2010-06-01,,1,254.55,false,,,One-time customer,No repeat purchase,0
13608,2010-06-17,2010-06-01,,1,232.05,false,,,One-time customer,No repeat purchase,0
13919,2010-06-17,2010-06-01,2010-10-11,4,1360.68,true,2786,116.1,Repeat customer,91–180 days,4
14508,2010-06-17,2010-06-01,2010-06-17,5,822.92,true,0,0.0,Repeat customer,0–30 days,1
15718,2010-06-17,2010-06-01,,1,293.79,false,,,One-time customer,No repeat purchase,0
16134,2010-06-17,2010-06-01,2010-09-08,5,2145.34,true,1998,83.24,Repeat customer,61–90 days,3
16492,2010-06-17,2010-06-01,,1,385.56,false,,,One-time customer,No repeat purchase,0
16515,2010-06-17,2010-06-01,2010-09-23,10,3179.06,true,2352,97.99,Repeat customer,91–180 days,4
16925,2010-06-17,2010-06-01,,1,125.65,false,,,One-time customer,No repeat purchase,0
17098,2010-06-17,2010-06-01,2010-10-29,3,591.07,true,3217,134.06,Repeat customer,91–180 days,4
17341,2010-06-17,2010-06-01,2010-06-17,5,1272.21,true,0,0.0,Repeat customer,0–30 days,1
17692,2010-06-17,2010-06-01,2010-07-26,12,2975.8,true,938,39.1,Repeat customer,31–60 days,2
17953,2010-06-17,2010-06-01,,1,159.17,false,,,One-time customer,No repeat purchase,0
12412,2010-06-18,2010-06-01,2010-08-09,6,2596.93,true,1249,52.04,Repeat customer,31–60 days,2
13277,2010-06-18,2010-06-01,2010-08-26,7,523.3,true,1662,69.22,Repeat customer,61–90 days,3
14840,2010-06-18,2010-06-01,2011-03-17,2,362.71,true,6525,271.85,Repeat customer,181+ days,5
14919,2010-06-18,2010-06-01,,1,359.35,false,,,One-time customer,No repeat purchase,0
16155,2010-06-18,2010-06-01,2010-07-25,5,796.9,true,890,37.09,Repeat customer,31–60 days,2
15247,2010-06-20,2010-06-01,2010-08-19,3,976.06,true,1436,59.84,Repeat customer,31–60 days,2
16486,2010-06-20,2010-06-01,,1,134.36,false,,,One-time customer,No repeat purchase,0
18128,2010-06-20,2010-06-01,,1,399.29,false,,,One-time customer,No repeat purchase,0
12469,2010-06-21,2010-06-01,2010-07-05,2,3070.54,true,338,14.09,Repeat customer,0–30 days,1
13707,2010-06-21,2010-06-01,2010-10-06,5,3365.86,true,2567,106.92,Repeat customer,91–180 days,4
14338,2010-06-21,2010-06-01,2011-05-27,3,928.1,true,8163,340.12,Repeat customer,181+ days,5
15786,2010-06-21,2010-06-01,2010-10-18,5,8501.62,true,2854,118.92,Repeat customer,91–180 days,4
16062,2010-06-21,2010-06-01,2010-10-05,8,2863.45,true,2542,105.92,Repeat customer,91–180 days,4
16315,2010-06-21,2010-06-01,2011-01-13,2,402.71,true,4942,205.92,Repeat customer,181+ days,5
16503,2010-06-21,2010-06-01,2010-07-06,11,3614.34,true,354,14.78,Repeat customer,0–30 days,1
16739,2010-06-21,2010-06-01,2011-06-16,2,786.43,true,8640,359.99,Repeat customer,181+ days,5
16815,2010-06-21,2010-06-01,2010-09-12,2,406.02,true,1990,82.95,Repeat customer,61–90 days,3
17192,2010-06-21,2010-06-01,,1,75.28,false,,,One-time customer,No repeat purchase,0
12724,2010-06-22,2010-06-01,2010-07-22,7,2317.52,true,719,29.97,Repeat customer,0–30 days,1
12774,2010-06-22,2010-06-01,,1,98.7,false,,,One-time customer,No repeat purchase,0
14793,2010-06-22,2010-06-01,2011-11-18,2,625.9,true,12334,513.91,Repeat customer,181+ days,5
14874,2010-06-22,2010-06-01,,1,116.18,false,,,One-time customer,No repeat purchase,0
15081,2010-06-22,2010-06-01,2010-07-01,12,1854.57,true,216,9.02,Repeat customer,0–30 days,1
15809,2010-06-22,2010-06-01,2010-09-06,7,1274.44,true,1823,75.96,Repeat customer,61–90 days,3
16227,2010-06-22,2010-06-01,2010-08-02,3,1027.22,true,985,41.03,Repeat customer,31–60 days,2
16894,2010-06-22,2010-06-01,2010-06-22,3,1306.96,true,0,0.0,Repeat customer,0–30 days,1
12379,2010-06-23,2010-06-01,2010-10-13,4,1620.22,true,2690,112.08,Repeat customer,91–180 days,4
12792,2010-06-23,2010-06-01,2011-03-28,2,827.01,true,6673,278.03,Repeat customer,181+ days,5
13942,2010-06-23,2010-06-01,,1,320,false,,,One-time customer,No repeat purchase,0
14509,2010-06-23,2010-06-01,,1,110.95,false,,,One-time customer,No repeat purchase,0
14725,2010-06-23,2010-06-01,2010-06-23,4,1252.74,true,0,0.0,Repeat customer,0–30 days,1
15248,2010-06-23,2010-06-01,2010-08-20,3,1893.93,true,1392,57.99,Repeat customer,31–60 days,2
15913,2010-06-23,2010-06-01,,1,6.3,false,,,One-time customer,No repeat purchase,0
15991,2010-06-23,2010-06-01,,1,150.55,false,,,One-time customer,No repeat purchase,0
16180,2010-06-23,2010-06-01,2010-06-23,13,16249.87,true,0,0.0,Repeat customer,0–30 days,1
16680,2010-06-23,2010-06-01,2010-06-29,3,821.45,true,149,6.22,Repeat customer,0–30 days,1
16825,2010-06-23,2010-06-01,2010-10-21,5,1826.89,true,2876,119.84,Repeat customer,91–180 days,4
17304,2010-06-23,2010-06-01,,1,111.5,false,,,One-time customer,No repeat purchase,0
17310,2010-06-23,2010-06-01,2010-11-17,2,1025.1,true,3533,147.18,Repeat customer,91–180 days,4
17380,2010-06-23,2010-06-01,2010-07-27,3,645,true,815,33.97,Repeat customer,31–60 days,2
17422,2010-06-23,2010-06-01,2010-08-02,11,3594.76,true,962,40.09,Repeat customer,31–60 days,2
12705,2010-06-24,2010-06-01,2010-09-30,14,11762.1,true,2360,98.3,Repeat customer,91–180 days,4
12741,2010-06-24,2010-06-01,2010-06-28,2,406.07,true,94,3.92,Repeat customer,0–30 days,1
14566,2010-06-24,2010-06-01,2010-08-20,4,4092,true,1370,57.1,Repeat customer,31–60 days,2
15043,2010-06-24,2010-06-01,2010-07-21,6,2870.32,true,650,27.07,Repeat customer,0–30 days,1
16683,2010-06-24,2010-06-01,,1,320.25,false,,,One-time customer,No repeat purchase,0
17099,2010-06-24,2010-06-01,,1,582.17,false,,,One-time customer,No repeat purchase,0
17686,2010-06-24,2010-06-01,2010-10-12,9,8296.81,true,2648,110.3,Repeat customer,91–180 days,4
14326,2010-06-25,2010-06-01,2010-09-02,3,940.98,true,1657,69.05,Repeat customer,61–90 days,3
15629,2010-06-25,2010-06-01,2010-07-30,4,2240.9,true,840,35.01,Repeat customer,31–60 days,2
15779,2010-06-25,2010-06-01,2010-09-02,2,124.08,true,1657,69.03,Repeat customer,61–90 days,3
15824,2010-06-25,2010-06-01,2010-09-12,2,890.94,true,1894,78.92,Repeat customer,61–90 days,3
16539,2010-06-25,2010-06-01,2010-07-08,10,3289.66,true,308,12.85,Repeat customer,0–30 days,1
16961,2010-06-25,2010-06-01,2010-11-16,3,794.56,true,3458,144.08,Repeat customer,91–180 days,4
13861,2010-06-27,2010-06-01,2010-10-06,2,273.26,true,2427,101.11,Repeat customer,91–180 days,4
14058,2010-06-27,2010-06-01,2010-09-03,2,469.19,true,1630,67.92,Repeat customer,61–90 days,3
14199,2010-06-27,2010-06-01,2010-07-07,4,1091.7,true,240,10.03,Repeat customer,0–30 days,1
15264,2010-06-27,2010-06-01,2011-10-06,2,848.4,true,11184,466.01,Repeat customer,181+ days,5
16529,2010-06-27,2010-06-01,2010-07-21,4,1986.8,true,575,23.97,Repeat customer,0–30 days,1
17194,2010-06-27,2010-06-01,2010-12-14,3,812.5,true,4079,169.95,Repeat customer,91–180 days,4
17812,2010-06-27,2010-06-01,2010-10-11,7,911.99,true,2544,106.0,Repeat customer,91–180 days,4
12451,2010-06-28,2010-06-01,2010-09-02,8,12669.88,true,1587,66.11,Repeat customer,61–90 days,3
12485,2010-06-28,2010-06-01,,1,708.1,false,,,One-time customer,No repeat purchase,0
12527,2010-06-28,2010-06-01,2010-08-02,5,735.51,true,837,34.87,Repeat customer,31–60 days,2
12784,2010-06-28,2010-06-01,2011-11-24,3,1763.15,true,12335,513.99,Repeat customer,181+ days,5
12799,2010-06-28,2010-06-01,,1,219.35,false,,,One-time customer,No repeat purchase,0
13123,2010-06-28,2010-06-01,2010-08-24,2,506.75,true,1366,56.9,Repeat customer,31–60 days,2
13129,2010-06-28,2010-06-01,2010-09-13,2,233.25,true,1850,77.08,Repeat customer,61–90 days,3
13859,2010-06-28,2010-06-01,2011-01-17,2,515.86,true,4873,203.03,Repeat customer,181+ days,5
14020,2010-06-28,2010-06-01,2010-08-20,4,1249.01,true,1270,52.9,Repeat customer,31–60 days,2
16012,2010-06-28,2010-06-01,2010-11-03,5,2978.59,true,3074,128.09,Repeat customer,91–180 days,4
16733,2010-06-28,2010-06-01,,1,259.68,false,,,One-time customer,No repeat purchase,0
17326,2010-06-28,2010-06-01,2010-10-27,2,312.35,true,2905,121.06,Repeat customer,91–180 days,4
17437,2010-06-28,2010-06-01,,1,369.68,false,,,One-time customer,No repeat purchase,0
17578,2010-06-28,2010-06-01,2010-06-30,7,1047.33,true,48,2.0,Repeat customer,0–30 days,1
12529,2010-06-29,2010-06-01,,1,316.48,false,,,One-time customer,No repeat purchase,0
12788,2010-06-29,2010-06-01,2010-07-15,4,444.9,true,384,16.01,Repeat customer,0–30 days,1
13023,2010-06-29,2010-06-01,2011-08-02,3,1449.03,true,9576,398.99,Repeat customer,181+ days,5
13299,2010-06-29,2010-06-01,2010-10-12,3,1218.7,true,2519,104.97,Repeat customer,91–180 days,4
13620,2010-06-29,2010-06-01,,1,112.34,false,,,One-time customer,No repeat purchase,0
14774,2010-06-29,2010-06-01,,1,241.45,false,,,One-time customer,No repeat purchase,0
15430,2010-06-29,2010-06-01,2010-08-29,2,954.75,true,1459,60.82,Repeat customer,61–90 days,3
12415,2010-06-30,2010-06-01,2010-07-16,28,144458.37,true,390,16.26,Repeat customer,0–30 days,1
13649,2010-06-30,2010-06-01,2010-07-15,6,1453.68,true,356,14.83,Repeat customer,0–30 days,1
13739,2010-06-30,2010-06-01,2011-11-21,2,292.2,true,12219,509.13,Repeat customer,181+ days,5
13752,2010-06-30,2010-06-01,2011-04-07,7,1579.83,true,6746,281.07,Repeat customer,181+ days,5
13814,2010-06-30,2010-06-01,2011-07-25,3,2257.32,true,9359,389.99,Repeat customer,181+ days,5
14217,2010-06-30,2010-06-01,2010-08-05,23,3298.59,true,865,36.04,Repeat customer,31–60 days,2
14398,2010-06-30,2010-06-01,2010-11-03,2,707.79,true,3026,126.08,Repeat customer,91–180 days,4
15486,2010-06-30,2010-06-01,,1,102,false,,,One-time customer,No repeat purchase,0
15842,2010-06-30,2010-06-01,2010-11-11,2,548.8,true,3221,134.21,Repeat customer,91–180 days,4
17666,2010-06-30,2010-06-01,2010-08-02,5,2047.8,true,795,33.13,Repeat customer,31–60 days,2
17748,2010-06-30,2010-06-01,,1,358.15,false,,,One-time customer,No repeat purchase,0
18053,2010-06-30,2010-06-01,2010-07-02,3,571.07,true,47,1.96,Repeat customer,0–30 days,1
12575,2010-07-01,2010-07-01,2010-09-08,2,622.82,true,1660,69.16,Repeat customer,61–90 days,3
12576,2010-07-01,2010-07-01,2010-09-07,8,2142.72,true,1632,68.0,Repeat customer,61–90 days,3
12653,2010-07-01,2010-07-01,2011-02-16,3,4160.83,true,5521,230.04,Repeat customer,181+ days,5
13292,2010-07-01,2010-07-01,2010-08-02,5,994.51,true,767,31.96,Repeat customer,31–60 days,2
13302,2010-07-01,2010-07-01,2011-07-07,2,159.2,true,8909,371.23,Repeat customer,181+ days,5
13439,2010-07-01,2010-07-01,2010-11-16,3,986.61,true,3313,138.03,Repeat customer,91–180 days,4
15851,2010-07-01,2010-07-01,,1,109.73,false,,,One-time customer,No repeat purchase,0
15852,2010-07-01,2010-07-01,2011-05-26,3,257.26,true,7899,329.13,Repeat customer,181+ days,5
15888,2010-07-01,2010-07-01,2010-11-04,3,429.16,true,3022,125.92,Repeat customer,91–180 days,4
16907,2010-07-01,2010-07-01,2010-09-30,9,1470.89,true,2184,91.01,Repeat customer,91–180 days,4
16926,2010-07-01,2010-07-01,2010-07-13,5,1169.61,true,288,12.0,Repeat customer,0–30 days,1
17080,2010-07-01,2010-07-01,2010-07-05,7,957.53,true,93,3.88,Repeat customer,0–30 days,1
17187,2010-07-01,2010-07-01,2011-04-27,2,467.71,true,7198,299.92,Repeat customer,181+ days,5
17239,2010-07-01,2010-07-01,2010-10-10,4,1189.45,true,2427,101.1,Repeat customer,91–180 days,4
17651,2010-07-01,2010-07-01,2010-07-06,16,5703.52,true,120,5.0,Repeat customer,0–30 days,1
18109,2010-07-01,2010-07-01,2010-08-16,38,9555.71,true,1106,46.08,Repeat customer,31–60 days,2
18217,2010-07-01,2010-07-01,2010-07-14,4,945.04,true,309,12.87,Repeat customer,0–30 days,1
12633,2010-07-02,2010-07-01,2010-08-06,7,5678.16,true,837,34.88,Repeat customer,31–60 days,2
13246,2010-07-02,2010-07-01,2010-09-10,11,3351.75,true,1680,70.02,Repeat customer,61–90 days,3
14366,2010-07-02,2010-07-01,,1,136,false,,,One-time customer,No repeat purchase,0
14693,2010-07-02,2010-07-01,2010-08-11,7,1165.36,true,962,40.1,Repeat customer,31–60 days,2
14699,2010-07-02,2010-07-01,2010-08-03,4,702.6,true,768,32.04,Repeat customer,31–60 days,2
14963,2010-07-02,2010-07-01,2010-09-16,12,3123.57,true,1825,76.02,Repeat customer,61–90 days,3
18230,2010-07-02,2010-07-01,2010-11-26,9,4291.06,true,3533,147.23,Repeat customer,91–180 days,4
13029,2010-07-04,2010-07-01,2010-11-30,5,1927.3,true,3571,148.8,Repeat customer,91–180 days,4
13125,2010-07-04,2010-07-01,,1,148.62,false,,,One-time customer,No repeat purchase,0
14647,2010-07-04,2010-07-01,2011-05-22,2,506.04,true,7728,322.01,Repeat customer,181+ days,5
16032,2010-07-04,2010-07-01,2010-07-08,6,1965.72,true,101,4.21,Repeat customer,0–30 days,1
12693,2010-07-05,2010-07-01,2010-09-13,7,1703.02,true,1682,70.08,Repeat customer,61–90 days,3
12953,2010-07-05,2010-07-01,2011-11-30,2,828.81,true,12308,512.82,Repeat customer,181+ days,5
14900,2010-07-05,2010-07-01,,1,13.92,false,,,One-time customer,No repeat purchase,0
15076,2010-07-05,2010-07-01,2010-08-04,3,1447.74,true,719,29.98,Repeat customer,0–30 days,1
15627,2010-07-05,2010-07-01,2010-09-08,2,566.9,true,1563,65.1,Repeat customer,61–90 days,3
15678,2010-07-05,2010-07-01,2010-11-09,3,1825.94,true,3050,127.08,Repeat customer,91–180 days,4
15969,2010-07-05,2010-07-01,2010-10-10,5,1127.05,true,2327,96.95,Repeat customer,91–180 days,4
16110,2010-07-05,2010-07-01,2011-02-01,4,1781.59,true,5065,211.04,Repeat customer,181+ days,5
17376,2010-07-05,2010-07-01,2010-10-31,4,453.64,true,2831,117.98,Repeat customer,91–180 days,4
12403,2010-07-06,2010-07-01,2011-10-21,2,1019.36,true,11327,471.97,Repeat customer,181+ days,5
12730,2010-07-06,2010-07-01,,1,829.25,false,,,One-time customer,No repeat purchase,0
12749,2010-07-06,2010-07-01,2010-10-10,9,6897.36,true,2303,95.97,Repeat customer,91–180 days,4
13909,2010-07-06,2010-07-01,2010-10-12,2,282.85,true,2353,98.02,Repeat customer,91–180 days,4
14452,2010-07-06,2010-07-01,2010-11-09,4,658.95,true,3025,126.04,Repeat customer,91–180 days,4
16576,2010-07-06,2010-07-01,2010-10-15,2,540.87,true,2427,101.12,Repeat customer,91–180 days,4
17901,2010-07-06,2010-07-01,2010-07-06,3,260.08,true,1,0.01,Repeat customer,0–30 days,1
13534,2010-07-07,2010-07-01,2010-07-23,35,7720.9,true,380,15.85,Repeat customer,0–30 days,1
13677,2010-07-07,2010-07-01,2010-10-31,2,551.24,true,2778,115.75,Repeat customer,91–180 days,4
15056,2010-07-07,2010-07-01,,1,113.65,false,,,One-time customer,No repeat purchase,0
15133,2010-07-07,2010-07-01,2010-11-22,5,1806.9,true,3315,138.11,Repeat customer,91–180 days,4
16443,2010-07-07,2010-07-01,,1,162.24,false,,,One-time customer,No repeat purchase,0
16649,2010-07-07,2010-07-01,,1,306.58,false,,,One-time customer,No repeat purchase,0
17129,2010-07-07,2010-07-01,,1,31.85,false,,,One-time customer,No repeat purchase,0
12592,2010-07-08,2010-07-01,2010-07-08,5,2582.66,true,0,0.01,Repeat customer,0–30 days,1
12782,2010-07-08,2010-07-01,2010-09-16,11,4618.24,true,1677,69.87,Repeat customer,61–90 days,3
12841,2010-07-08,2010-07-01,2010-07-25,40,6958.2,true,405,16.86,Repeat customer,0–30 days,1
12963,2010-07-08,2010-07-01,2010-08-27,12,3235.79,true,1196,49.81,Repeat customer,31–60 days,2
13399,2010-07-08,2010-07-01,2010-07-22,3,275.4,true,329,13.69,Repeat customer,0–30 days,1
15127,2010-07-08,2010-07-01,2011-10-05,2,711.5,true,10896,454.02,Repeat customer,181+ days,5
16650,2010-07-08,2010-07-01,2010-07-12,7,1916.11,true,93,3.86,Repeat customer,0–30 days,1
18279,2010-07-08,2010-07-01,,1,231.34,false,,,One-time customer,No repeat purchase,0
14580,2010-07-09,2010-07-01,,1,14.85,false,,,One-time customer,No repeat purchase,0
15283,2010-07-09,2010-07-01,2010-08-09,3,148.33,true,744,31.0,Repeat customer,31–60 days,2
17492,2010-07-09,2010-07-01,2010-08-18,3,1122.42,true,962,40.07,Repeat customer,31–60 days,2
14516,2010-07-11,2010-07-01,,1,151.17,false,,,One-time customer,No repeat purchase,0
16049,2010-07-11,2010-07-01,2010-11-21,6,1852.15,true,3195,133.1,Repeat customer,91–180 days,4
13779,2010-07-12,2010-07-01,,1,161.13,false,,,One-time customer,No repeat purchase,0
14248,2010-07-12,2010-07-01,2010-09-06,3,1032.95,true,1344,55.98,Repeat customer,31–60 days,2
17143,2010-07-12,2010-07-01,2010-10-18,2,880.97,true,2354,98.08,Repeat customer,91–180 days,4
18238,2010-07-12,2010-07-01,,1,270.92,false,,,One-time customer,No repeat purchase,0
13428,2010-07-13,2010-07-01,2010-07-13,3,478.54,true,0,0.01,Repeat customer,0–30 days,1
14610,2010-07-13,2010-07-01,2010-11-09,2,24.35,true,2850,118.79,Repeat customer,91–180 days,4
16435,2010-07-13,2010-07-01,2010-07-15,3,1003.07,true,47,1.94,Repeat customer,0–30 days,1
16469,2010-07-13,2010-07-01,2011-04-07,5,803.9,true,6432,268.0,Repeat customer,181+ days,5
17408,2010-07-13,2010-07-01,2010-07-27,3,316.09,true,335,13.97,Repeat customer,0–30 days,1
15332,2010-07-14,2010-07-01,2010-11-04,6,4892.68,true,2711,112.97,Repeat customer,91–180 days,4
16172,2010-07-14,2010-07-01,2010-07-19,8,1884.55,true,119,4.95,Repeat customer,0–30 days,1
17034,2010-07-14,2010-07-01,2010-10-26,5,1276.42,true,2498,104.05,Repeat customer,91–180 days,4
17714,2010-07-14,2010-07-01,2010-07-28,5,1410.18,true,337,14.05,Repeat customer,0–30 days,1
18096,2010-07-14,2010-07-01,2010-07-20,6,1657.87,true,142,5.9,Repeat customer,0–30 days,1
18123,2010-07-14,2010-07-01,2011-11-08,3,666.64,true,11569,482.03,Repeat customer,181+ days,5
13255,2010-07-15,2010-07-01,2010-12-01,3,678.76,true,3334,138.94,Repeat customer,91–180 days,4
14007,2010-07-15,2010-07-01,,1,79.48,false,,,One-time customer,No repeat purchase,0
14084,2010-07-15,2010-07-01,,1,150.5,false,,,One-time customer,No repeat purchase,0
15530,2010-07-15,2010-07-01,2011-04-07,5,1808.68,true,6384,266.0,Repeat customer,181+ days,5
15908,2010-07-15,2010-07-01,2010-08-06,2,758.62,true,520,21.69,Repeat customer,0–30 days,1
16251,2010-07-15,2010-07-01,,1,128.31,false,,,One-time customer,No repeat purchase,0
17559,2010-07-15,2010-07-01,,1,167.62,false,,,One-time customer,No repeat purchase,0
17783,2010-07-15,2010-07-01,2011-04-06,3,376.96,true,6358,264.89,Repeat customer,181+ days,5
17921,2010-07-15,2010-07-01,2010-07-29,10,2394.36,true,335,13.99,Repeat customer,0–30 days,1
17968,2010-07-15,2010-07-01,2010-11-15,4,590.44,true,2952,123.01,Repeat customer,91–180 days,4
18021,2010-07-15,2010-07-01,2010-07-18,2,216.41,true,64,2.67,Repeat customer,0–30 days,1
12977,2010-07-16,2010-07-01,2010-07-16,4,513.88,true,0,0.01,Repeat customer,0–30 days,1
13959,2010-07-16,2010-07-01,2010-10-11,6,1064.77,true,2087,86.96,Repeat customer,61–90 days,3
15452,2010-07-16,2010-07-01,2010-08-24,6,1785.11,true,934,38.9,Repeat customer,31–60 days,2
16128,2010-07-16,2010-07-01,2010-07-27,11,3801.05,true,259,10.81,Repeat customer,0–30 days,1
17680,2010-07-16,2010-07-01,2010-11-21,3,497.45,true,3069,127.89,Repeat customer,91–180 days,4
14553,2010-07-18,2010-07-01,2010-07-18,9,1818.6,true,0,0.0,Repeat customer,0–30 days,1
14599,2010-07-18,2010-07-01,2010-11-14,2,457.89,true,2855,118.95,Repeat customer,91–180 days,4
14674,2010-07-18,2010-07-01,,1,173.66,false,,,One-time customer,No repeat purchase,0
15151,2010-07-18,2010-07-01,2010-10-12,2,2085.61,true,2068,86.18,Repeat customer,61–90 days,3
15189,2010-07-18,2010-07-01,2010-09-07,46,17524.38,true,1221,50.89,Repeat customer,31–60 days,2
16089,2010-07-18,2010-07-01,2010-11-18,2,263.49,true,2950,122.92,Repeat customer,91–180 days,4
16496,2010-07-18,2010-07-01,2010-07-18,6,2330.77,true,0,0.0,Repeat customer,0–30 days,1
17261,2010-07-18,2010-07-01,,1,221.59,false,,,One-time customer,No repeat purchase,0
17339,2010-07-18,2010-07-01,2010-12-09,3,302.36,true,3457,144.07,Repeat customer,91–180 days,4
17541,2010-07-18,2010-07-01,,1,119.86,false,,,One-time customer,No repeat purchase,0
12696,2010-07-19,2010-07-01,2010-10-01,2,851.91,true,1776,74.03,Repeat customer,61–90 days,3
12864,2010-07-19,2010-07-01,2011-07-24,2,299.57,true,8876,369.82,Repeat customer,181+ days,5
15788,2010-07-19,2010-07-01,,1,221.83,false,,,One-time customer,No repeat purchase,0
16861,2010-07-19,2010-07-01,2010-11-04,5,946.59,true,2597,108.21,Repeat customer,91–180 days,4
17090,2010-07-19,2010-07-01,2010-07-19,13,3080.18,true,0,0.0,Repeat customer,0–30 days,1
17395,2010-07-19,2010-07-01,,1,97.5,false,,,One-time customer,No repeat purchase,0
17470,2010-07-19,2010-07-01,2010-07-28,11,2626.47,true,209,8.71,Repeat customer,0–30 days,1
12480,2010-07-20,2010-07-01,2010-10-08,7,5464.85,true,1919,79.95,Repeat customer,61–90 days,3
13509,2010-07-20,2010-07-01,2011-02-28,8,1114.72,true,5353,223.05,Repeat customer,181+ days,5
14797,2010-07-20,2010-07-01,,1,300.31,false,,,One-time customer,No repeat purchase,0
14922,2010-07-20,2010-07-01,2010-11-11,2,843.74,true,2738,114.06,Repeat customer,91–180 days,4
15617,2010-07-20,2010-07-01,2010-10-20,3,828.55,true,2205,91.88,Repeat customer,91–180 days,4
16129,2010-07-20,2010-07-01,2010-10-05,3,1396.05,true,1851,77.11,Repeat customer,61–90 days,3
12720,2010-07-21,2010-07-01,2010-07-21,30,7787.28,true,0,0.01,Repeat customer,0–30 days,1
13444,2010-07-21,2010-07-01,2010-11-30,2,619.08,true,3167,131.94,Repeat customer,91–180 days,4
13913,2010-07-21,2010-07-01,,1,42.22,false,,,One-time customer,No repeat purchase,0
12421,2010-07-22,2010-07-01,2010-10-20,6,1098.6,true,2161,90.02,Repeat customer,91–180 days,4
13788,2010-07-22,2010-07-01,,1,3.75,false,,,One-time customer,No repeat purchase,0
14236,2010-07-22,2010-07-01,2010-08-26,5,1555.34,true,836,34.84,Repeat customer,31–60 days,2
14858,2010-07-22,2010-07-01,,1,180.75,false,,,One-time customer,No repeat purchase,0
16165,2010-07-22,2010-07-01,,1,79.9,false,,,One-time customer,No repeat purchase,0
16555,2010-07-22,2010-07-01,2010-07-22,6,1915.68,true,0,0.0,Repeat customer,0–30 days,1
16975,2010-07-22,2010-07-01,2010-08-31,3,926.12,true,957,39.88,Repeat customer,31–60 days,2
17177,2010-07-22,2010-07-01,,1,119.5,false,,,One-time customer,No repeat purchase,0
17643,2010-07-22,2010-07-01,2010-12-01,2,439.7,true,3169,132.06,Repeat customer,91–180 days,4
17918,2010-07-22,2010-07-01,2010-07-26,3,396.39,true,97,4.06,Repeat customer,0–30 days,1
18026,2010-07-22,2010-07-01,2010-07-27,2,2074.07,true,114,4.76,Repeat customer,0–30 days,1
18074,2010-07-22,2010-07-01,2010-12-01,2,1019.44,true,3167,131.97,Repeat customer,91–180 days,4
12595,2010-07-23,2010-07-01,,1,299.02,false,,,One-time customer,No repeat purchase,0
13665,2010-07-23,2010-07-01,2010-10-13,3,1711.66,true,1969,82.05,Repeat customer,61–90 days,3
14312,2010-07-23,2010-07-01,2010-10-19,11,3090.29,true,2107,87.8,Repeat customer,61–90 days,3
16203,2010-07-23,2010-07-01,2010-11-11,6,943.84,true,2664,111.02,Repeat customer,91–180 days,4
18132,2010-07-23,2010-07-01,,1,220.13,false,,,One-time customer,No repeat purchase,0
12410,2010-07-25,2010-07-01,2011-02-04,3,1013.71,true,4653,193.88,Repeat customer,181+ days,5
12866,2010-07-25,2010-07-01,2010-08-22,3,1227.35,true,676,28.17,Repeat customer,0–30 days,1
12889,2010-07-25,2010-07-01,2010-08-29,4,385.46,true,840,35.01,Repeat customer,31–60 days,2
13137,2010-07-25,2010-07-01,2010-09-07,16,7586.94,true,1051,43.78,Repeat customer,31–60 days,2
13239,2010-07-25,2010-07-01,2010-07-30,5,1594.69,true,114,4.76,Repeat customer,0–30 days,1
13250,2010-07-25,2010-07-01,2010-09-05,2,253.09,true,1005,41.9,Repeat customer,31–60 days,2
15431,2010-07-25,2010-07-01,,1,153.24,false,,,One-time customer,No repeat purchase,0
17112,2010-07-25,2010-07-01,,1,197.57,false,,,One-time customer,No repeat purchase,0
18244,2010-07-25,2010-07-01,2010-10-05,2,568.64,true,1729,72.03,Repeat customer,61–90 days,3
12476,2010-07-26,2010-07-01,2010-09-14,23,14083.91,true,1203,50.16,Repeat customer,31–60 days,2
14435,2010-07-26,2010-07-01,,1,90.42,false,,,One-time customer,No repeat purchase,0
15080,2010-07-26,2010-07-01,2010-10-08,2,546.25,true,1777,74.08,Repeat customer,61–90 days,3
15378,2010-07-26,2010-07-01,2010-09-03,2,246.5,true,939,39.11,Repeat customer,31–60 days,2
17224,2010-07-26,2010-07-01,,1,100.86,false,,,One-time customer,No repeat purchase,0
17494,2010-07-26,2010-07-01,,1,54.7,false,,,One-time customer,No repeat purchase,0
12547,2010-07-27,2010-07-01,2011-03-04,3,383.58,true,5279,219.95,Repeat customer,181+ days,5
12801,2010-07-27,2010-07-01,,1,1071.82,false,,,One-time customer,No repeat purchase,0
12804,2010-07-27,2010-07-01,2010-08-31,2,325.37,true,838,34.92,Repeat customer,31–60 days,2
13161,2010-07-27,2010-07-01,2011-01-30,2,472.13,true,4490,187.05,Repeat customer,181+ days,5
13384,2010-07-27,2010-07-01,2010-09-08,11,6680.83,true,1035,43.11,Repeat customer,31–60 days,2
13435,2010-07-27,2010-07-01,2010-11-28,9,4447.33,true,2973,123.87,Repeat customer,91–180 days,4
14384,2010-07-27,2010-07-01,,1,58.5,false,,,One-time customer,No repeat purchase,0
15142,2010-07-27,2010-07-01,2010-08-12,6,2619.92,true,384,16.01,Repeat customer,0–30 days,1
15284,2010-07-27,2010-07-01,,1,24.75,false,,,One-time customer,No repeat purchase,0
15873,2010-07-27,2010-07-01,2010-07-27,4,313.92,true,0,0.0,Repeat customer,0–30 days,1
16219,2010-07-27,2010-07-01,,1,40.8,false,,,One-time customer,No repeat purchase,0
13796,2010-07-28,2010-07-01,,1,289.7,false,,,One-time customer,No repeat purchase,0
14463,2010-07-28,2010-07-01,2011-05-18,4,786.57,true,7059,294.13,Repeat customer,181+ days,5
15228,2010-07-28,2010-07-01,2010-10-07,6,5580.27,true,1708,71.17,Repeat customer,61–90 days,3
15596,2010-07-28,2010-07-01,2010-10-04,9,2727.72,true,1633,68.03,Repeat customer,61–90 days,3
16278,2010-07-28,2010-07-01,2010-08-16,3,1117.84,true,454,18.92,Repeat customer,0–30 days,1
16937,2010-07-28,2010-07-01,,1,196.25,false,,,One-time customer,No repeat purchase,0
17122,2010-07-28,2010-07-01,2010-10-26,4,570.5,true,2163,90.13,Repeat customer,91–180 days,4
18207,2010-07-28,2010-07-01,,1,544.47,false,,,One-time customer,No repeat purchase,0
12408,2010-07-29,2010-07-01,2010-09-15,8,4340.77,true,1152,47.99,Repeat customer,31–60 days,2
12737,2010-07-29,2010-07-01,2010-07-29,2,3710.5,true,0,0.0,Repeat customer,0–30 days,1
14833,2010-07-29,2010-07-01,,1,94.8,false,,,One-time customer,No repeat purchase,0
14901,2010-07-29,2010-07-01,2010-09-01,12,1919,true,816,34.02,Repeat customer,31–60 days,2
15021,2010-07-29,2010-07-01,2010-11-12,12,2500.59,true,2541,105.85,Repeat customer,91–180 days,4
16045,2010-07-29,2010-07-01,2010-07-29,8,3434.93,true,0,0.0,Repeat customer,0–30 days,1
17168,2010-07-29,2010-07-01,,1,400.2,false,,,One-time customer,No repeat purchase,0
18075,2010-07-29,2010-07-01,2010-09-08,20,5783.29,true,985,41.04,Repeat customer,31–60 days,2
18264,2010-07-29,2010-07-01,,1,603.25,false,,,One-time customer,No repeat purchase,0
14346,2010-07-30,2010-07-01,2010-10-10,5,2315.75,true,1730,72.09,Repeat customer,61–90 days,3
15459,2010-07-30,2010-07-01,2010-10-18,2,202.83,true,1921,80.04,Repeat customer,61–90 days,3
16428,2010-07-30,2010-07-01,2010-07-30,3,638.49,true,0,0.01,Repeat customer,0–30 days,1
17109,2010-07-30,2010-07-01,2010-10-29,8,1291.71,true,2187,91.13,Repeat customer,91–180 days,4
17735,2010-07-30,2010-07-01,2010-09-02,26,16790.33,true,813,33.87,Repeat customer,31–60 days,2
12862,2010-08-01,2010-08-01,2010-10-10,2,984.62,true,1676,69.85,Repeat customer,61–90 days,3
13474,2010-08-01,2010-08-01,2010-09-22,3,646.59,true,1243,51.78,Repeat customer,31–60 days,2
13617,2010-08-01,2010-08-01,2010-09-05,8,1278.75,true,840,35.02,Repeat customer,31–60 days,2
13766,2010-08-01,2010-08-01,,1,190.35,false,,,One-time customer,No repeat purchase,0
14455,2010-08-01,2010-08-01,2010-08-08,4,617.72,true,169,7.05,Repeat customer,0–30 days,1
15666,2010-08-01,2010-08-01,2010-08-24,2,632.94,true,553,23.02,Repeat customer,0–30 days,1
12907,2010-08-02,2010-08-01,2010-11-09,2,508.91,true,2374,98.9,Repeat customer,91–180 days,4
13090,2010-08-02,2010-08-01,2010-08-02,24,13091.74,true,1,0.01,Repeat customer,0–30 days,1
15200,2010-08-02,2010-08-01,,1,549.05,false,,,One-time customer,No repeat purchase,0
16060,2010-08-02,2010-08-01,2010-10-05,3,541.95,true,1531,63.78,Repeat customer,61–90 days,3
18277,2010-08-02,2010-08-01,2010-08-02,5,1180.05,true,0,0.0,Repeat customer,0–30 days,1
14001,2010-08-03,2010-08-01,2010-08-27,9,4228.85,true,573,23.87,Repeat customer,0–30 days,1
14219,2010-08-03,2010-08-01,2010-10-26,3,633.83,true,2012,83.83,Repeat customer,61–90 days,3
16316,2010-08-03,2010-08-01,2010-09-20,13,5744.91,true,1150,47.93,Repeat customer,31–60 days,2
16440,2010-08-03,2010-08-01,2011-05-09,6,3856.97,true,6697,279.04,Repeat customer,181+ days,5
16880,2010-08-03,2010-08-01,2011-06-03,8,1813.21,true,7299,304.12,Repeat customer,181+ days,5
17665,2010-08-03,2010-08-01,,1,563.1,false,,,One-time customer,No repeat purchase,0
18048,2010-08-03,2010-08-01,2011-05-20,3,394.93,true,6961,290.08,Repeat customer,181+ days,5
15363,2010-08-04,2010-08-01,2010-12-02,2,678.11,true,2884,120.16,Repeat customer,91–180 days,4
15387,2010-08-04,2010-08-01,,1,468.65,false,,,One-time customer,No repeat purchase,0
16334,2010-08-04,2010-08-01,,1,263.73,false,,,One-time customer,No repeat purchase,0
16417,2010-08-04,2010-08-01,,1,35.7,false,,,One-time customer,No repeat purchase,0
13084,2010-08-05,2010-08-01,,1,122.4,false,,,One-time customer,No repeat purchase,0
13135,2010-08-05,2010-08-01,2011-05-27,2,3371.45,true,7073,294.73,Repeat customer,181+ days,5
13140,2010-08-05,2010-08-01,2010-10-15,5,1054.92,true,1700,70.84,Repeat customer,61–90 days,3
13155,2010-08-05,2010-08-01,2010-10-22,6,1370.48,true,1877,78.22,Repeat customer,61–90 days,3
14521,2010-08-05,2010-08-01,,1,199.45,false,,,One-time customer,No repeat purchase,0
15271,2010-08-05,2010-08-01,2010-08-27,24,4528.54,true,528,22.0,Repeat customer,0–30 days,1
15587,2010-08-05,2010-08-01,2010-10-26,7,1522.08,true,1977,82.38,Repeat customer,61–90 days,3
17156,2010-08-05,2010-08-01,,1,591.87,false,,,One-time customer,No repeat purchase,0
18079,2010-08-05,2010-08-01,2011-04-15,5,4203.93,true,6072,253.0,Repeat customer,181+ days,5
17975,2010-08-06,2010-08-01,2010-09-06,24,6696.33,true,747,31.15,Repeat customer,31–60 days,2
18154,2010-08-06,2010-08-01,2010-10-31,5,932.6,true,2070,86.26,Repeat customer,61–90 days,3
14575,2010-08-08,2010-08-01,,1,420.22,false,,,One-time customer,No repeat purchase,0
15262,2010-08-08,2010-08-01,2010-11-24,3,418.82,true,2590,107.89,Repeat customer,91–180 days,4
16196,2010-08-08,2010-08-01,,1,93.3,false,,,One-time customer,No repeat purchase,0
17132,2010-08-08,2010-08-01,2010-09-13,2,1220.91,true,867,36.11,Repeat customer,31–60 days,2
17393,2010-08-08,2010-08-01,2010-10-25,2,381.15,true,1868,77.8,Repeat customer,61–90 days,3
12458,2010-08-09,2010-08-01,2010-10-08,4,1777.49,true,1441,60.04,Repeat customer,61–90 days,3
13653,2010-08-09,2010-08-01,,1,152.2,false,,,One-time customer,No repeat purchase,0
14631,2010-08-09,2010-08-01,2010-10-20,6,2025.69,true,1724,71.84,Repeat customer,61–90 days,3
14794,2010-08-09,2010-08-01,2010-09-20,10,1953.9,true,1006,41.9,Repeat customer,31–60 days,2
15595,2010-08-09,2010-08-01,,1,357.6,false,,,One-time customer,No repeat purchase,0
17732,2010-08-09,2010-08-01,2010-08-27,8,2166.42,true,434,18.08,Repeat customer,0–30 days,1
13045,2010-08-10,2010-08-01,2010-11-03,3,808.92,true,2039,84.99,Repeat customer,61–90 days,3
13839,2010-08-10,2010-08-01,,1,139.95,false,,,One-time customer,No repeat purchase,0
14022,2010-08-10,2010-08-01,2011-04-28,2,792.15,true,6269,261.21,Repeat customer,181+ days,5
14053,2010-08-10,2010-08-01,2010-11-07,4,572.3,true,2139,89.16,Repeat customer,61–90 days,3
14144,2010-08-10,2010-08-01,,1,30.6,false,,,One-time customer,No repeat purchase,0
14722,2010-08-10,2010-08-01,2010-08-19,3,489.52,true,217,9.05,Repeat customer,0–30 days,1
16221,2010-08-10,2010-08-01,2010-08-17,9,2019.92,true,168,7.0,Repeat customer,0–30 days,1
17212,2010-08-10,2010-08-01,2010-09-07,3,794.41,true,678,28.27,Repeat customer,0–30 days,1
12771,2010-08-11,2010-08-01,,1,282.3,false,,,One-time customer,No repeat purchase,0
13594,2010-08-11,2010-08-01,2011-10-18,2,533.32,true,10392,433.0,Repeat customer,181+ days,5
13717,2010-08-11,2010-08-01,2010-09-08,8,1763.3,true,679,28.28,Repeat customer,0–30 days,1
14700,2010-08-11,2010-08-01,2010-10-20,5,3076.06,true,1680,70.0,Repeat customer,61–90 days,3
14736,2010-08-11,2010-08-01,2010-08-11,2,374.05,true,0,0.01,Repeat customer,0–30 days,1
14822,2010-08-11,2010-08-01,,1,157.7,false,,,One-time customer,No repeat purchase,0
14913,2010-08-11,2010-08-01,2010-09-13,8,4073.13,true,798,33.25,Repeat customer,31–60 days,2
15110,2010-08-11,2010-08-01,2010-11-01,6,1505.85,true,1963,81.78,Repeat customer,61–90 days,3
15652,2010-08-11,2010-08-01,2010-10-04,5,1405.94,true,1297,54.01,Repeat customer,31–60 days,2
15837,2010-08-11,2010-08-01,2011-10-06,2,777.01,true,10103,420.95,Repeat customer,181+ days,5
16033,2010-08-11,2010-08-01,2010-08-24,27,10608.81,true,313,13.03,Repeat customer,0–30 days,1
17615,2010-08-11,2010-08-01,2010-09-14,6,721.8,true,816,33.99,Repeat customer,31–60 days,2
12959,2010-08-12,2010-08-01,,1,150.95,false,,,One-time customer,No repeat purchase,0
14630,2010-08-12,2010-08-01,,1,338.65,false,,,One-time customer,No repeat purchase,0
16477,2010-08-12,2010-08-01,2010-09-15,11,4094.37,true,822,34.23,Repeat customer,31–60 days,2
18227,2010-08-12,2010-08-01,2011-05-06,2,388.75,true,6404,266.82,Repeat customer,181+ days,5
12676,2010-08-13,2010-08-01,2010-08-13,11,2843.09,true,0,0.0,Repeat customer,0–30 days,1
14153,2010-08-13,2010-08-01,,1,233.4,false,,,One-time customer,No repeat purchase,0
14550,2010-08-13,2010-08-01,2010-11-16,4,1345.06,true,2282,95.08,Repeat customer,91–180 days,4
16345,2010-08-13,2010-08-01,2011-10-26,2,1178.79,true,10535,438.95,Repeat customer,181+ days,5
17639,2010-08-13,2010-08-01,2010-08-13,6,615.17,true,1,0.0,Repeat customer,0–30 days,1
14183,2010-08-15,2010-08-01,2010-10-24,2,278.34,true,1679,69.96,Repeat customer,61–90 days,3
14996,2010-08-15,2010-08-01,2010-08-15,2,442.29,true,0,0.0,Repeat customer,0–30 days,1
15893,2010-08-15,2010-08-01,,1,305.28,false,,,One-time customer,No repeat purchase,0
16043,2010-08-15,2010-08-01,2010-10-21,8,1856.59,true,1605,66.89,Repeat customer,61–90 days,3
16468,2010-08-15,2010-08-01,2010-08-26,3,787.52,true,267,11.14,Repeat customer,0–30 days,1
17248,2010-08-15,2010-08-01,2011-08-11,2,500.54,true,8666,361.07,Repeat customer,181+ days,5
17299,2010-08-15,2010-08-01,2010-09-26,6,993.23,true,1005,41.9,Repeat customer,31–60 days,2
17300,2010-08-15,2010-08-01,2010-11-14,2,393.64,true,2183,91.0,Repeat customer,91–180 days,4
12687,2010-08-16,2010-08-01,2010-08-16,2,2138.91,true,0,0.0,Repeat customer,0–30 days,1
13063,2010-08-16,2010-08-01,,1,188.4,false,,,One-time customer,No repeat purchase,0
14379,2010-08-16,2010-08-01,2010-11-11,4,1265.16,true,2089,87.04,Repeat customer,61–90 days,3
15050,2010-08-16,2010-08-01,2010-10-14,5,4087.19,true,1418,59.1,Repeat customer,31–60 days,2
13945,2010-08-17,2010-08-01,2010-11-10,2,854.15,true,2041,85.0,Repeat customer,61–90 days,3
14531,2010-08-17,2010-08-01,,1,376.34,false,,,One-time customer,No repeat purchase,0
14749,2010-08-17,2010-08-01,,1,310.15,false,,,One-time customer,No repeat purchase,0
15072,2010-08-17,2010-08-01,,1,187.52,false,,,One-time customer,No repeat purchase,0
17430,2010-08-17,2010-08-01,2010-11-18,4,622.57,true,2232,92.96,Repeat customer,91–180 days,4
17513,2010-08-17,2010-08-01,2010-10-27,3,1158.8,true,1700,70.84,Repeat customer,61–90 days,3
13320,2010-08-18,2010-08-01,2010-10-01,6,2211.6,true,1060,44.19,Repeat customer,31–60 days,2
15154,2010-08-18,2010-08-01,2010-08-18,3,1343.72,true,0,0.0,Repeat customer,0–30 days,1
15310,2010-08-18,2010-08-01,,1,1634.64,false,,,One-time customer,No repeat purchase,0
15764,2010-08-18,2010-08-01,2010-10-01,8,4503.08,true,1057,44.01,Repeat customer,31–60 days,2
16638,2010-08-18,2010-08-01,2010-08-18,15,2380.13,true,0,0.0,Repeat customer,0–30 days,1
16675,2010-08-18,2010-08-01,2010-09-24,2,608.86,true,887,36.96,Repeat customer,31–60 days,2
17585,2010-08-18,2010-08-01,2010-09-06,7,2064.71,true,453,18.87,Repeat customer,0–30 days,1
17627,2010-08-18,2010-08-01,,1,296.36,false,,,One-time customer,No repeat purchase,0
17792,2010-08-18,2010-08-01,2010-08-29,2,368.35,true,265,11.06,Repeat customer,0–30 days,1
12851,2010-08-19,2010-08-01,2011-09-04,2,280.76,true,9141,380.89,Repeat customer,181+ days,5
13479,2010-08-19,2010-08-01,2010-09-13,4,851.37,true,597,24.88,Repeat customer,0–30 days,1
15506,2010-08-19,2010-08-01,2010-10-17,6,2030.33,true,1419,59.11,Repeat customer,31–60 days,2
16299,2010-08-19,2010-08-01,,1,193.65,false,,,One-time customer,No repeat purchase,0
16919,2010-08-19,2010-08-01,2010-08-31,24,4909.66,true,289,12.03,Repeat customer,0–30 days,1
17599,2010-08-19,2010-08-01,,1,52.05,false,,,One-time customer,No repeat purchase,0
18191,2010-08-19,2010-08-01,2011-03-23,2,529.4,true,5179,215.77,Repeat customer,181+ days,5
12433,2010-08-20,2010-08-01,2010-09-16,10,16794.14,true,649,27.06,Repeat customer,0–30 days,1
12519,2010-08-20,2010-08-01,2011-10-07,2,716.54,true,9913,413.05,Repeat customer,181+ days,5
12865,2010-08-20,2010-08-01,2010-11-26,4,3323.47,true,2355,98.14,Repeat customer,91–180 days,4
14243,2010-08-20,2010-08-01,2010-09-12,17,7217.75,true,554,23.07,Repeat customer,0–30 days,1
15322,2010-08-20,2010-08-01,2011-09-15,2,1390.86,true,9380,390.85,Repeat customer,181+ days,5
15855,2010-08-20,2010-08-01,2011-03-21,6,1052.72,true,5107,212.8,Repeat customer,181+ days,5
16294,2010-08-20,2010-08-01,,1,126.05,false,,,One-time customer,No repeat purchase,0
16396,2010-08-20,2010-08-01,,1,137.8,false,,,One-time customer,No repeat purchase,0
16562,2010-08-20,2010-08-01,,1,223.86,false,,,One-time customer,No repeat purchase,0
12450,2010-08-22,2010-08-01,2010-09-14,5,688.2,true,549,22.88,Repeat customer,0–30 days,1
14767,2010-08-22,2010-08-01,,1,382.81,false,,,One-time customer,No repeat purchase,0
16770,2010-08-22,2010-08-01,2010-09-19,9,1778.93,true,671,27.99,Repeat customer,0–30 days,1
17471,2010-08-22,2010-08-01,,1,321.65,false,,,One-time customer,No repeat purchase,0
17689,2010-08-22,2010-08-01,2010-11-16,2,317.08,true,2064,85.98,Repeat customer,61–90 days,3
14187,2010-08-23,2010-08-01,,1,123.5,false,,,One-time customer,No repeat purchase,0
14321,2010-08-23,2010-08-01,2010-10-04,7,2218.06,true,1008,41.99,Repeat customer,31–60 days,2
14565,2010-08-23,2010-08-01,2010-12-13,5,3859.22,true,2692,112.15,Repeat customer,91–180 days,4
15683,2010-08-23,2010-08-01,2011-08-14,2,524.54,true,8544,356.04,Repeat customer,181+ days,5
18140,2010-08-23,2010-08-01,,1,536.41,false,,,One-time customer,No repeat purchase,0
13452,2010-08-24,2010-08-01,2011-03-14,3,729.8,true,4850,202.07,Repeat customer,181+ days,5
14342,2010-08-24,2010-08-01,2010-10-03,6,918.44,true,959,39.99,Repeat customer,31–60 days,2
16314,2010-08-24,2010-08-01,2010-09-07,3,1491.4,true,334,13.9,Repeat customer,0–30 days,1
17336,2010-08-24,2010-08-01,,1,81.12,false,,,One-time customer,No repeat purchase,0
17649,2010-08-24,2010-08-01,2010-08-27,3,1578.89,true,69,2.89,Repeat customer,0–30 days,1
18124,2010-08-24,2010-08-01,,1,102.65,false,,,One-time customer,No repeat purchase,0
12721,2010-08-25,2010-08-01,2010-11-19,8,4013.08,true,2068,86.17,Repeat customer,61–90 days,3
13548,2010-08-25,2010-08-01,2011-04-10,3,901.44,true,5470,227.91,Repeat customer,181+ days,5
14229,2010-08-25,2010-08-01,2010-09-27,7,2594.04,true,796,33.15,Repeat customer,31–60 days,2
14787,2010-08-25,2010-08-01,,1,110.65,false,,,One-time customer,No repeat purchase,0
16448,2010-08-25,2010-08-01,2011-05-25,2,361.12,true,6552,272.98,Repeat customer,181+ days,5
13884,2010-08-26,2010-08-01,2010-11-07,10,1825.03,true,1749,72.85,Repeat customer,61–90 days,3
14268,2010-08-26,2010-08-01,,1,354.85,false,,,One-time customer,No repeat purchase,0
14482,2010-08-26,2010-08-01,2010-08-26,12,4306.72,true,0,0.0,Repeat customer,0–30 days,1
14544,2010-08-26,2010-08-01,2010-12-13,3,2938.53,true,2612,108.87,Repeat customer,91–180 days,4
14866,2010-08-26,2010-08-01,2010-09-21,19,20746.54,true,628,26.14,Repeat customer,0–30 days,1
16235,2010-08-26,2010-08-01,2010-09-03,9,2053.71,true,193,8.04,Repeat customer,0–30 days,1
16288,2010-08-26,2010-08-01,,1,129.85,false,,,One-time customer,No repeat purchase,0
16375,2010-08-26,2010-08-01,2010-08-26,2,104,true,0,0.01,Repeat customer,0–30 days,1
14499,2010-08-27,2010-08-01,2010-10-14,7,2101.79,true,1151,47.94,Repeat customer,31–60 days,2
16421,2010-08-27,2010-08-01,2010-10-17,3,526.27,true,1227,51.14,Repeat customer,31–60 days,2
16870,2010-08-27,2010-08-01,,1,450.16,false,,,One-time customer,No repeat purchase,0
17894,2010-08-27,2010-08-01,2010-10-06,18,2304.58,true,956,39.83,Repeat customer,31–60 days,2
13922,2010-08-29,2010-08-01,2010-09-28,3,865.2,true,723,30.12,Repeat customer,31–60 days,2
15074,2010-08-29,2010-08-01,2010-10-06,3,1553.13,true,916,38.17,Repeat customer,31–60 days,2
15166,2010-08-29,2010-08-01,,1,167.16,false,,,One-time customer,No repeat purchase,0
15936,2010-08-29,2010-08-01,2010-11-25,2,282.79,true,2117,88.21,Repeat customer,61–90 days,3
17384,2010-08-29,2010-08-01,2011-05-04,3,507.55,true,5952,248.0,Repeat customer,181+ days,5
12423,2010-08-31,2010-08-01,2010-11-17,10,2622.39,true,1874,78.08,Repeat customer,61–90 days,3
12573,2010-08-31,2010-08-01,2010-10-11,5,717.41,true,980,40.85,Repeat customer,31–60 days,2
12651,2010-08-31,2010-08-01,2010-10-29,4,377.75,true,1410,58.77,Repeat customer,31–60 days,2
13714,2010-08-31,2010-08-01,,1,161.35,false,,,One-time customer,No repeat purchase,0
14433,2010-08-31,2010-08-01,,1,280.7,false,,,One-time customer,No repeat purchase,0
14885,2010-08-31,2010-08-01,2010-10-08,3,1598.12,true,914,38.08,Repeat customer,31–60 days,2
16819,2010-08-31,2010-08-01,2010-08-31,2,182.59,true,0,0.0,Repeat customer,0–30 days,1
17126,2010-08-31,2010-08-01,2010-10-03,9,2016.43,true,792,33.0,Repeat customer,31–60 days,2
12761,2010-09-01,2010-09-01,2010-09-08,2,782.95,true,170,7.06,Repeat customer,0–30 days,1
15574,2010-09-01,2010-09-01,2010-10-15,6,1101.44,true,1054,43.92,Repeat customer,31–60 days,2
17215,2010-09-01,2010-09-01,,1,186.15,false,,,One-time customer,No repeat purchase,0
12414,2010-09-02,2010-09-01,2010-09-02,6,952.41,true,1,0.06,Repeat customer,0–30 days,1
12831,2010-09-02,2010-09-01,2010-09-02,3,451.11,true,1,0.0,Repeat customer,0–30 days,1
13992,2010-09-02,2010-09-01,2010-11-24,3,219.5,true,1990,82.94,Repeat customer,61–90 days,3
14908,2010-09-02,2010-09-01,2011-09-26,2,381.9,true,9332,388.85,Repeat customer,181+ days,5
15424,2010-09-02,2010-09-01,2011-03-30,3,597.78,true,5012,208.82,Repeat customer,181+ days,5
15677,2010-09-02,2010-09-01,2010-10-14,3,1305.63,true,1011,42.13,Repeat customer,31–60 days,2
16065,2010-09-02,2010-09-01,2010-10-05,8,1992.13,true,791,32.98,Repeat customer,31–60 days,2
16239,2010-09-02,2010-09-01,2010-10-06,6,1492.2,true,809,33.7,Repeat customer,31–60 days,2
16872,2010-09-02,2010-09-01,2010-09-12,6,1213.13,true,234,9.75,Repeat customer,0–30 days,1
18182,2010-09-02,2010-09-01,,1,291.13,false,,,One-time customer,No repeat purchase,0
12808,2010-09-03,2010-09-01,2010-09-30,5,776.7,true,655,27.31,Repeat customer,0–30 days,1
14009,2010-09-03,2010-09-01,2011-05-18,3,1099.91,true,6169,257.04,Repeat customer,181+ days,5
14086,2010-09-03,2010-09-01,,1,39.95,false,,,One-time customer,No repeat purchase,0
14163,2010-09-03,2010-09-01,2011-04-14,5,2594.62,true,5352,223.01,Repeat customer,181+ days,5
15092,2010-09-03,2010-09-01,2011-03-01,3,776.46,true,4296,178.99,Repeat customer,91–180 days,4
16100,2010-09-03,2010-09-01,,1,582.64,false,,,One-time customer,No repeat purchase,0
16289,2010-09-03,2010-09-01,,1,136.31,false,,,One-time customer,No repeat purchase,0
13032,2010-09-05,2010-09-01,2010-09-06,9,2815.96,true,24,1.02,Repeat customer,0–30 days,1
13506,2010-09-05,2010-09-01,2010-10-20,5,1338.08,true,1081,45.04,Repeat customer,31–60 days,2
13785,2010-09-05,2010-09-01,2010-09-06,4,542.49,true,18,0.78,Repeat customer,0–30 days,1
13809,2010-09-05,2010-09-01,2010-11-10,3,679.7,true,1582,65.91,Repeat customer,61–90 days,3
14318,2010-09-05,2010-09-01,,1,158.02,false,,,One-time customer,No repeat purchase,0
14753,2010-09-05,2010-09-01,2011-09-13,2,869.51,true,8955,373.16,Repeat customer,181+ days,5
13133,2010-09-06,2010-09-01,2011-02-08,3,200.45,true,3720,155.01,Repeat customer,91–180 days,4
15543,2010-09-06,2010-09-01,2011-02-24,2,242.26,true,4108,171.17,Repeat customer,91–180 days,4
12605,2010-09-07,2010-09-01,2010-10-12,4,1232.95,true,842,35.1,Repeat customer,31–60 days,2
12819,2010-09-07,2010-09-01,,1,540.52,false,,,One-time customer,No repeat purchase,0
12859,2010-09-07,2010-09-01,,1,575.1,false,,,One-time customer,No repeat purchase,0
14968,2010-09-07,2010-09-01,2011-11-09,2,501.24,true,10272,428.02,Repeat customer,181+ days,5
16832,2010-09-07,2010-09-01,2010-10-07,5,417.61,true,716,29.83,Repeat customer,0–30 days,1
12777,2010-09-08,2010-09-01,,1,519.45,false,,,One-time customer,No repeat purchase,0
13005,2010-09-08,2010-09-01,2010-10-04,4,999.68,true,623,25.93,Repeat customer,0–30 days,1
13076,2010-09-08,2010-09-01,,1,135.4,false,,,One-time customer,No repeat purchase,0
13683,2010-09-08,2010-09-01,,1,258.6,false,,,One-time customer,No repeat purchase,0
15752,2010-09-08,2010-09-01,2010-11-03,9,3924.91,true,1347,56.1,Repeat customer,31–60 days,2
12460,2010-09-09,2010-09-01,,1,326.65,false,,,One-time customer,No repeat purchase,0
12635,2010-09-09,2010-09-01,2010-11-12,4,2930.41,true,1541,64.21,Repeat customer,61–90 days,3
12770,2010-09-09,2010-09-01,2011-05-13,2,3246.45,true,5902,245.91,Repeat customer,181+ days,5
13046,2010-09-09,2010-09-01,2011-03-18,3,949.25,true,4562,190.11,Repeat customer,181+ days,5
14444,2010-09-09,2010-09-01,,1,120.44,false,,,One-time customer,No repeat purchase,0
14688,2010-09-09,2010-09-01,2010-09-21,28,7190.42,true,288,12.01,Repeat customer,0–30 days,1
16095,2010-09-09,2010-09-01,,1,447.05,false,,,One-time customer,No repeat purchase,0
16886,2010-09-09,2010-09-01,,1,134,false,,,One-time customer,No repeat purchase,0
16972,2010-09-09,2010-09-01,2010-11-22,2,749,true,1775,73.99,Repeat customer,61–90 days,3
17366,2010-09-09,2010-09-01,2010-10-03,2,1077.24,true,573,23.85,Repeat customer,0–30 days,1
17456,2010-09-09,2010-09-01,2010-12-09,2,975.56,true,2184,91.0,Repeat customer,91–180 days,4
17473,2010-09-09,2010-09-01,2010-10-27,2,607,true,1144,47.7,Repeat customer,31–60 days,2
17762,2010-09-09,2010-09-01,,1,129.75,false,,,One-time customer,No repeat purchase,0
18255,2010-09-09,2010-09-01,2011-09-11,2,303.15,true,8805,366.86,Repeat customer,181+ days,5
12760,2010-09-10,2010-09-01,,1,347.8,false,,,One-time customer,No repeat purchase,0
14445,2010-09-10,2010-09-01,,1,221.65,false,,,One-time customer,No repeat purchase,0
14708,2010-09-10,2010-09-01,2010-10-12,5,1793.22,true,768,32.01,Repeat customer,31–60 days,2
17369,2010-09-10,2010-09-01,,1,979.2,false,,,One-time customer,No repeat purchase,0
14635,2010-09-12,2010-09-01,,1,215.22,false,,,One-time customer,No repeat purchase,0
15006,2010-09-12,2010-09-01,2011-10-19,2,757.78,true,9650,402.09,Repeat customer,181+ days,5
15406,2010-09-12,2010-09-01,2010-09-12,4,975.87,true,0,0.0,Repeat customer,0–30 days,1
15992,2010-09-12,2010-09-01,2010-11-08,3,896.6,true,1371,57.12,Repeat customer,31–60 days,2
16042,2010-09-12,2010-09-01,2010-11-25,8,2245.32,true,1782,74.26,Repeat customer,61–90 days,3
16799,2010-09-12,2010-09-01,2010-10-03,2,452.78,true,506,21.07,Repeat customer,0–30 days,1
17383,2010-09-12,2010-09-01,2011-12-05,2,304.09,true,10779,449.11,Repeat customer,181+ days,5
17728,2010-09-12,2010-09-01,2010-10-31,5,4238.76,true,1177,49.04,Repeat customer,31–60 days,2
17308,2010-09-13,2010-09-01,2010-11-11,2,4511.76,true,1420,59.16,Repeat customer,31–60 days,2
13312,2010-09-14,2010-09-01,,1,124.75,false,,,One-time customer,No repeat purchase,0
13440,2010-09-14,2010-09-01,2010-09-21,7,1295.25,true,178,7.42,Repeat customer,0–30 days,1
13537,2010-09-14,2010-09-01,2010-10-10,2,717.85,true,626,26.09,Repeat customer,0–30 days,1
14363,2010-09-14,2010-09-01,2010-11-02,2,227.47,true,1179,49.1,Repeat customer,31–60 days,2
14381,2010-09-14,2010-09-01,2011-10-18,2,625.94,true,9577,399.04,Repeat customer,181+ days,5
15107,2010-09-14,2010-09-01,2010-09-23,9,824.35,true,214,8.89,Repeat customer,0–30 days,1
16690,2010-09-14,2010-09-01,2010-11-11,4,353.03,true,1393,58.05,Repeat customer,31–60 days,2
17149,2010-09-14,2010-09-01,,1,143.1,false,,,One-time customer,No repeat purchase,0
17616,2010-09-14,2010-09-01,2010-12-07,4,734.4,true,2016,83.97,Repeat customer,61–90 days,3
18136,2010-09-14,2010-09-01,2010-10-26,5,1631.36,true,1008,42.0,Repeat customer,31–60 days,2
12768,2010-09-15,2010-09-01,,1,168.69,false,,,One-time customer,No repeat purchase,0
13784,2010-09-15,2010-09-01,2010-09-26,14,2910.23,true,263,10.97,Repeat customer,0–30 days,1
14231,2010-09-15,2010-09-01,2011-02-24,4,1235.62,true,3890,162.09,Repeat customer,91–180 days,4
15301,2010-09-15,2010-09-01,2010-09-29,17,6909.67,true,335,13.97,Repeat customer,0–30 days,1
15685,2010-09-15,2010-09-01,,1,55.98,false,,,One-time customer,No repeat purchase,0
15906,2010-09-15,2010-09-01,2010-10-29,10,2530.19,true,1059,44.14,Repeat customer,31–60 days,2
15966,2010-09-15,2010-09-01,,1,426.53,false,,,One-time customer,No repeat purchase,0
16005,2010-09-15,2010-09-01,2010-10-11,10,2365.49,true,623,25.98,Repeat customer,0–30 days,1
16080,2010-09-15,2010-09-01,2010-11-19,4,602.56,true,1554,64.75,Repeat customer,61–90 days,3
16522,2010-09-15,2010-09-01,2010-09-30,2,433.36,true,357,14.89,Repeat customer,0–30 days,1
16589,2010-09-15,2010-09-01,2011-07-01,4,612.36,true,6935,288.94,Repeat customer,181+ days,5
16979,2010-09-15,2010-09-01,2010-10-24,9,2859.74,true,933,38.88,Repeat customer,31–60 days,2
17392,2010-09-15,2010-09-01,2010-12-16,3,585.92,true,2211,92.12,Repeat customer,91–180 days,4
17403,2010-09-15,2010-09-01,2011-11-03,2,382.87,true,9939,414.12,Repeat customer,181+ days,5
13374,2010-09-16,2010-09-01,2010-10-21,2,422.8,true,840,34.98,Repeat customer,31–60 days,2
13424,2010-09-16,2010-09-01,,1,572.77,false,,,One-time customer,No repeat purchase,0
15341,2010-09-16,2010-09-01,2011-09-20,2,2402.72,true,8849,368.71,Repeat customer,181+ days,5
15535,2010-09-16,2010-09-01,2010-10-31,6,1044.37,true,1074,44.75,Repeat customer,31–60 days,2
15748,2010-09-16,2010-09-01,2010-09-16,3,609.81,true,0,0.0,Repeat customer,0–30 days,1
15962,2010-09-16,2010-09-01,,1,289.48,false,,,One-time customer,No repeat purchase,0
16646,2010-09-16,2010-09-01,,1,678.8,false,,,One-time customer,No repeat purchase,0
12425,2010-09-17,2010-09-01,2011-09-22,2,1741.41,true,8883,370.14,Repeat customer,181+ days,5
12543,2010-09-17,2010-09-01,,1,980.25,false,,,One-time customer,No repeat purchase,0
12554,2010-09-17,2010-09-01,,1,468.5,false,,,One-time customer,No repeat purchase,0
13398,2010-09-17,2010-09-01,2011-05-31,2,670.34,true,6148,256.15,Repeat customer,181+ days,5
15026,2010-09-17,2010-09-01,2010-11-29,5,1048.89,true,1752,73.0,Repeat customer,61–90 days,3
15876,2010-09-17,2010-09-01,2010-10-26,2,1449.14,true,939,39.15,Repeat customer,31–60 days,2
16146,2010-09-17,2010-09-01,2011-04-21,4,946.38,true,5189,216.19,Repeat customer,181+ days,5
16371,2010-09-17,2010-09-01,,1,157.2,false,,,One-time customer,No repeat purchase,0
17743,2010-09-17,2010-09-01,,1,229.2,false,,,One-time customer,No repeat purchase,0
17765,2010-09-17,2010-09-01,2011-03-28,4,524,true,4607,191.97,Repeat customer,181+ days,5
13067,2010-09-19,2010-09-01,2010-10-26,3,508.51,true,887,36.94,Repeat customer,31–60 days,2
13554,2010-09-19,2010-09-01,2010-09-28,7,1629.35,true,220,9.16,Repeat customer,0–30 days,1
13701,2010-09-19,2010-09-01,,1,161,false,,,One-time customer,No repeat purchase,0
14776,2010-09-19,2010-09-01,2010-10-05,15,3708.3,true,384,16.0,Repeat customer,0–30 days,1
15519,2010-09-19,2010-09-01,2010-11-21,2,344.61,true,1513,63.03,Repeat customer,61–90 days,3
15870,2010-09-19,2010-09-01,2010-09-19,4,857.46,true,0,0.0,Repeat customer,0–30 days,1
16264,2010-09-19,2010-09-01,2010-09-27,2,823.53,true,191,7.95,Repeat customer,0–30 days,1
16983,2010-09-19,2010-09-01,2010-10-24,11,3490.53,true,841,35.04,Repeat customer,31–60 days,2
17255,2010-09-19,2010-09-01,2010-11-14,4,781.7,true,1343,55.96,Repeat customer,31–60 days,2
18089,2010-09-19,2010-09-01,,1,428.45,false,,,One-time customer,No repeat purchase,0
12850,2010-09-20,2010-09-01,,1,330,false,,,One-time customer,No repeat purchase,0
13702,2010-09-20,2010-09-01,,1,135.18,false,,,One-time customer,No repeat purchase,0
14212,2010-09-20,2010-09-01,2011-09-11,2,2190.14,true,8545,356.04,Repeat customer,181+ days,5
14668,2010-09-20,2010-09-01,,1,111.63,false,,,One-time customer,No repeat purchase,0
14906,2010-09-20,2010-09-01,,1,68.44,false,,,One-time customer,No repeat purchase,0
15462,2010-09-20,2010-09-01,2011-06-05,4,737.05,true,6197,258.22,Repeat customer,181+ days,5
15599,2010-09-20,2010-09-01,2011-05-19,3,1250.06,true,5787,241.12,Repeat customer,181+ days,5
17055,2010-09-20,2010-09-01,,1,232.85,false,,,One-time customer,No repeat purchase,0
17167,2010-09-20,2010-09-01,2010-10-18,3,867.11,true,669,27.9,Repeat customer,0–30 days,1
17284,2010-09-20,2010-09-01,2010-11-15,8,2788.06,true,1345,56.04,Repeat customer,31–60 days,2
17811,2010-09-20,2010-09-01,2010-09-24,47,9519.8,true,96,3.99,Repeat customer,0–30 days,1
17834,2010-09-20,2010-09-01,2010-10-21,2,689.67,true,741,30.86,Repeat customer,31–60 days,2
12751,2010-09-21,2010-09-01,,1,268.27,false,,,One-time customer,No repeat purchase,0
13375,2010-09-21,2010-09-01,2011-09-12,2,1792.23,true,8546,356.09,Repeat customer,181+ days,5
13689,2010-09-21,2010-09-01,2011-10-07,2,1259.5,true,9147,381.12,Repeat customer,181+ days,5
14126,2010-09-21,2010-09-01,2011-11-29,4,1172.46,true,10414,433.9,Repeat customer,181+ days,5
14169,2010-09-21,2010-09-01,2010-10-05,2,621.51,true,331,13.8,Repeat customer,0–30 days,1
14716,2010-09-21,2010-09-01,2011-07-14,3,543.28,true,7104,296.02,Repeat customer,181+ days,5
14761,2010-09-21,2010-09-01,2011-01-09,3,447.92,true,2638,109.9,Repeat customer,91–180 days,4
14933,2010-09-21,2010-09-01,2010-09-22,4,1770,true,17,0.72,Repeat customer,0–30 days,1
15041,2010-09-21,2010-09-01,2011-06-22,2,289.4,true,6579,274.13,Repeat customer,181+ days,5
15473,2010-09-21,2010-09-01,2011-10-10,8,2046,true,9218,384.08,Repeat customer,181+ days,5
15728,2010-09-21,2010-09-01,2010-11-25,2,544.6,true,1556,64.83,Repeat customer,61–90 days,3
16465,2010-09-21,2010-09-01,2010-10-15,2,746.24,true,575,23.95,Repeat customer,0–30 days,1
16998,2010-09-21,2010-09-01,2011-02-08,5,402,true,3361,140.04,Repeat customer,91–180 days,4
17161,2010-09-21,2010-09-01,,1,856.01,false,,,One-time customer,No repeat purchase,0
17480,2010-09-21,2010-09-01,2011-09-23,2,882.23,true,8807,366.96,Repeat customer,181+ days,5
12578,2010-09-22,2010-09-01,2010-11-19,4,4642.45,true,1398,58.25,Repeat customer,31–60 days,2
13205,2010-09-22,2010-09-01,,1,2803.2,false,,,One-time customer,No repeat purchase,0
14570,2010-09-22,2010-09-01,2011-03-04,3,613.75,true,3909,162.9,Repeat customer,91–180 days,4
17840,2010-09-22,2010-09-01,,1,175.9,false,,,One-time customer,No repeat purchase,0
13264,2010-09-23,2010-09-01,,1,722.56,false,,,One-time customer,No repeat purchase,0
13519,2010-09-23,2010-09-01,2011-09-22,2,343.21,true,8743,364.28,Repeat customer,181+ days,5
14992,2010-09-23,2010-09-01,,1,210.5,false,,,One-time customer,No repeat purchase,0
15140,2010-09-23,2010-09-01,2011-03-20,8,3243.69,true,4273,178.06,Repeat customer,91–180 days,4
15476,2010-09-23,2010-09-01,2010-11-12,4,2209.98,true,1197,49.9,Repeat customer,31–60 days,2
15761,2010-09-23,2010-09-01,,1,143.05,false,,,One-time customer,No repeat purchase,0
16261,2010-09-23,2010-09-01,2010-11-18,6,1041.16,true,1347,56.11,Repeat customer,31–60 days,2
16298,2010-09-23,2010-09-01,2010-10-07,7,1085.7,true,334,13.92,Repeat customer,0–30 days,1
16546,2010-09-23,2010-09-01,2010-11-04,5,5307.07,true,1006,41.92,Repeat customer,31–60 days,2
16775,2010-09-23,2010-09-01,2010-10-12,16,2820.84,true,452,18.85,Repeat customer,0–30 days,1
16856,2010-09-23,2010-09-01,2010-10-18,3,358.49,true,598,24.95,Repeat customer,0–30 days,1
16857,2010-09-23,2010-09-01,,1,352.8,false,,,One-time customer,No repeat purchase,0
17134,2010-09-23,2010-09-01,2011-03-20,3,625.3,true,4265,177.72,Repeat customer,91–180 days,4
18107,2010-09-23,2010-09-01,,1,165.88,false,,,One-time customer,No repeat purchase,0
18193,2010-09-23,2010-09-01,2010-11-24,3,1207.35,true,1487,61.95,Repeat customer,61–90 days,3
14226,2010-09-24,2010-09-01,2011-03-15,6,2985.13,true,4129,172.04,Repeat customer,91–180 days,4
14875,2010-09-24,2010-09-01,2011-03-22,3,2862.4,true,4297,179.06,Repeat customer,91–180 days,4
14934,2010-09-24,2010-09-01,2010-09-24,5,3503.5,true,0,0.0,Repeat customer,0–30 days,1
16140,2010-09-24,2010-09-01,2010-12-03,3,1433.46,true,1682,70.11,Repeat customer,61–90 days,3
16531,2010-09-24,2010-09-01,2010-10-26,11,2298.33,true,772,32.14,Repeat customer,31–60 days,2
16692,2010-09-24,2010-09-01,2010-10-27,4,1914.7,true,791,32.96,Repeat customer,31–60 days,2
17396,2010-09-24,2010-09-01,2010-10-18,14,8409.6,true,573,23.89,Repeat customer,0–30 days,1
17567,2010-09-24,2010-09-01,2010-12-02,9,4838.08,true,1661,69.19,Repeat customer,61–90 days,3
12871,2010-09-26,2010-09-01,2011-05-16,3,744.02,true,5571,232.12,Repeat customer,181+ days,5
13118,2010-09-26,2010-09-01,2010-10-24,9,2415.41,true,671,27.93,Repeat customer,0–30 days,1
13281,2010-09-26,2010-09-01,,1,350.85,false,,,One-time customer,No repeat purchase,0
14094,2010-09-26,2010-09-01,,1,311.77,false,,,One-time customer,No repeat purchase,0
14269,2010-09-26,2010-09-01,,1,295.73,false,,,One-time customer,No repeat purchase,0
14806,2010-09-26,2010-09-01,2011-09-25,2,303.43,true,8736,363.99,Repeat customer,181+ days,5
17062,2010-09-26,2010-09-01,2010-11-07,6,889.75,true,1008,42.0,Repeat customer,31–60 days,2
12348,2010-09-27,2010-09-01,2010-12-16,5,2019.4,true,1925,80.17,Repeat customer,61–90 days,3
12449,2010-09-27,2010-09-01,2010-10-25,6,4835.89,true,675,28.11,Repeat customer,0–30 days,1
13290,2010-09-27,2010-09-01,,1,208.63,false,,,One-time customer,No repeat purchase,0
13687,2010-09-27,2010-09-01,,1,11880.84,false,,,One-time customer,No repeat purchase,0
14328,2010-09-27,2010-09-01,,1,445.05,false,,,One-time customer,No repeat purchase,0
14802,2010-09-27,2010-09-01,2010-09-27,2,1502.98,true,0,0.0,Repeat customer,0–30 days,1
15469,2010-09-27,2010-09-01,2011-08-11,3,874.25,true,7638,318.28,Repeat customer,181+ days,5
15616,2010-09-27,2010-09-01,,1,317.11,false,,,One-time customer,No repeat purchase,0
16211,2010-09-27,2010-09-01,2010-10-14,3,1090.59,true,406,16.91,Repeat customer,0–30 days,1
17280,2010-09-27,2010-09-01,,1,118.86,false,,,One-time customer,No repeat purchase,0
17315,2010-09-27,2010-09-01,2010-11-01,43,9599.58,true,841,35.03,Repeat customer,31–60 days,2
17450,2010-09-27,2010-09-01,2010-09-27,51,244784.25,true,1,0.0,Repeat customer,0–30 days,1
17524,2010-09-27,2010-09-01,2010-09-27,3,539.14,true,0,0.01,Repeat customer,0–30 days,1
17919,2010-09-27,2010-09-01,2011-09-12,2,1840.32,true,8403,350.13,Repeat customer,181+ days,5
12964,2010-09-28,2010-09-01,,1,132.24,false,,,One-time customer,No repeat purchase,0
13073,2010-09-28,2010-09-01,2010-10-24,2,418.08,true,629,26.19,Repeat customer,0–30 days,1
13139,2010-09-28,2010-09-01,2011-03-25,8,8202.98,true,4274,178.11,Repeat customer,91–180 days,4
13386,2010-09-28,2010-09-01,2010-10-21,2,835.46,true,551,22.99,Repeat customer,0–30 days,1
13754,2010-09-28,2010-09-01,2011-01-26,3,447.05,true,2879,119.98,Repeat customer,91–180 days,4
13927,2010-09-28,2010-09-01,2011-09-26,2,708.26,true,8708,362.82,Repeat customer,181+ days,5
13970,2010-09-28,2010-09-01,2010-11-18,2,846.55,true,1226,51.06,Repeat customer,31–60 days,2
14410,2010-09-28,2010-09-01,2010-11-28,11,2631.9,true,1463,60.97,Repeat customer,61–90 days,3
14597,2010-09-28,2010-09-01,2010-11-12,6,2184.63,true,1081,45.07,Repeat customer,31–60 days,2
15347,2010-09-28,2010-09-01,2010-11-04,4,1162,true,891,37.09,Repeat customer,31–60 days,2
15871,2010-09-28,2010-09-01,,1,33.1,false,,,One-time customer,No repeat purchase,0
16198,2010-09-28,2010-09-01,2011-09-25,2,1030.04,true,8689,362.04,Repeat customer,181+ days,5
16237,2010-09-28,2010-09-01,,1,136.65,false,,,One-time customer,No repeat purchase,0
16269,2010-09-28,2010-09-01,,1,717.57,false,,,One-time customer,No repeat purchase,0
16362,2010-09-28,2010-09-01,2011-09-09,6,922.16,true,8309,346.22,Repeat customer,181+ days,5
17007,2010-09-28,2010-09-01,2010-12-17,7,1120.1,true,1920,80.0,Repeat customer,61–90 days,3
12661,2010-09-29,2010-09-01,,1,162,false,,,One-time customer,No repeat purchase,0
12946,2010-09-29,2010-09-01,,1,324.45,false,,,One-time customer,No repeat purchase,0
13105,2010-09-29,2010-09-01,,1,72,false,,,One-time customer,No repeat purchase,0
13257,2010-09-29,2010-09-01,,1,149.75,false,,,One-time customer,No repeat purchase,0
13639,2010-09-29,2010-09-01,2011-09-26,2,1346.27,true,8691,362.15,Repeat customer,181+ days,5
13804,2010-09-29,2010-09-01,2010-09-30,9,3161.12,true,30,1.25,Repeat customer,0–30 days,1
14449,2010-09-29,2010-09-01,2010-10-20,8,2230.96,true,504,21.0,Repeat customer,0–30 days,1
14510,2010-09-29,2010-09-01,2010-09-29,3,979.85,true,0,0.01,Repeat customer,0–30 days,1
14829,2010-09-29,2010-09-01,2010-11-17,7,1455.87,true,1176,48.99,Repeat customer,31–60 days,2
14843,2010-09-29,2010-09-01,,1,211.8,false,,,One-time customer,No repeat purchase,0
14891,2010-09-29,2010-09-01,2010-10-19,4,1106.73,true,480,19.98,Repeat customer,0–30 days,1
16148,2010-09-29,2010-09-01,2011-02-16,2,386.62,true,3364,140.16,Repeat customer,91–180 days,4
16489,2010-09-29,2010-09-01,2010-11-24,2,303.7,true,1343,55.98,Repeat customer,31–60 days,2
16490,2010-09-29,2010-09-01,,1,205.41,false,,,One-time customer,No repeat purchase,0
16783,2010-09-29,2010-09-01,,1,391.95,false,,,One-time customer,No repeat purchase,0
17257,2010-09-29,2010-09-01,2010-09-29,2,189.78,true,0,0.0,Repeat customer,0–30 days,1
12457,2010-09-30,2010-09-01,2011-04-14,8,2995.91,true,4705,196.04,Repeat customer,181+ days,5
12562,2010-09-30,2010-09-01,2010-11-19,9,4966.92,true,1196,49.85,Repeat customer,31–60 days,2
13108,2010-09-30,2010-09-01,2010-12-02,2,748.46,true,1505,62.73,Repeat customer,61–90 days,3
13556,2010-09-30,2010-09-01,2010-10-06,2,200.82,true,151,6.32,Repeat customer,0–30 days,1
13763,2010-09-30,2010-09-01,2010-10-18,3,5217.44,true,428,17.82,Repeat customer,0–30 days,1
13962,2010-09-30,2010-09-01,2011-04-08,3,362.8,true,4561,190.03,Repeat customer,181+ days,5
13966,2010-09-30,2010-09-01,,1,384.26,false,,,One-time customer,No repeat purchase,0
14004,2010-09-30,2010-09-01,2010-09-30,11,6258.45,true,1,0.03,Repeat customer,0–30 days,1
14568,2010-09-30,2010-09-01,,1,919.7,false,,,One-time customer,No repeat purchase,0
14657,2010-09-30,2010-09-01,2010-10-06,6,1450.19,true,140,5.82,Repeat customer,0–30 days,1
14742,2010-09-30,2010-09-01,,1,579.85,false,,,One-time customer,No repeat purchase,0
14800,2010-09-30,2010-09-01,2010-10-17,17,7191.33,true,408,16.99,Repeat customer,0–30 days,1
14953,2010-09-30,2010-09-01,2010-10-17,4,971.32,true,408,17.01,Repeat customer,0–30 days,1
15243,2010-09-30,2010-09-01,2011-09-26,2,927.28,true,8661,360.86,Repeat customer,181+ days,5
15736,2010-09-30,2010-09-01,2010-09-30,2,1767.12,true,0,0.0,Repeat customer,0–30 days,1
15960,2010-09-30,2010-09-01,2010-11-10,4,410.95,true,984,40.97,Repeat customer,31–60 days,2
16044,2010-09-30,2010-09-01,,1,340.84,false,,,One-time customer,No repeat purchase,0
16214,2010-09-30,2010-09-01,2011-03-15,4,2038.25,true,3984,165.98,Repeat customer,91–180 days,4
16368,2010-09-30,2010-09-01,2011-11-11,3,621.44,true,9772,407.15,Repeat customer,181+ days,5
16958,2010-09-30,2010-09-01,,1,778.49,false,,,One-time customer,No repeat purchase,0
12652,2010-10-01,2010-10-01,2011-01-12,2,1017.03,true,2472,102.99,Repeat customer,91–180 days,4
12817,2010-10-01,2010-10-01,2010-11-05,3,690.98,true,840,34.98,Repeat customer,31–60 days,2
13002,2010-10-01,2010-10-01,2010-10-19,3,414.13,true,433,18.02,Repeat customer,0–30 days,1
13198,2010-10-01,2010-10-01,2010-11-17,8,4974.23,true,1129,47.04,Repeat customer,31–60 days,2
14303,2010-10-01,2010-10-01,2010-10-28,2,277.94,true,653,27.21,Repeat customer,0–30 days,1
15190,2010-10-01,2010-10-01,,1,834.44,false,,,One-time customer,No repeat purchase,0
15261,2010-10-01,2010-10-01,2010-10-18,4,1508,true,407,16.95,Repeat customer,0–30 days,1
15276,2010-10-01,2010-10-01,2010-11-10,4,619.8,true,964,40.15,Repeat customer,31–60 days,2
16306,2010-10-01,2010-10-01,2010-12-07,7,1124.72,true,1614,67.24,Repeat customer,61–90 days,3
16606,2010-10-01,2010-10-01,2010-10-31,2,357.66,true,720,30.02,Repeat customer,31–60 days,2
17360,2010-10-01,2010-10-01,2010-11-19,6,1200.51,true,1175,48.99,Repeat customer,31–60 days,2
17521,2010-10-01,2010-10-01,2010-11-10,5,1278.06,true,965,40.19,Repeat customer,31–60 days,2
17533,2010-10-01,2010-10-01,,1,34.8,false,,,One-time customer,No repeat purchase,0
18266,2010-10-01,2010-10-01,,1,251.1,false,,,One-time customer,No repeat purchase,0
13014,2010-10-03,2010-10-01,2011-03-03,11,5381.08,true,3631,151.29,Repeat customer,91–180 days,4
13245,2010-10-03,2010-10-01,2011-10-20,2,989.22,true,9165,381.9,Repeat customer,181+ days,5
13326,2010-10-03,2010-10-01,,1,281.76,false,,,One-time customer,No repeat purchase,0
13380,2010-10-03,2010-10-01,,1,62.4,false,,,One-time customer,No repeat purchase,0
13642,2010-10-03,2010-10-01,2010-10-03,4,472.2,true,0,0.0,Repeat customer,0–30 days,1
13674,2010-10-03,2010-10-01,,1,240.68,false,,,One-time customer,No repeat purchase,0
14008,2010-10-03,2010-10-01,,1,509.04,false,,,One-time customer,No repeat purchase,0
14254,2010-10-03,2010-10-01,,1,601.03,false,,,One-time customer,No repeat purchase,0
14310,2010-10-03,2010-10-01,,1,492.1,false,,,One-time customer,No repeat purchase,0
14392,2010-10-03,2010-10-01,,1,266.4,false,,,One-time customer,No repeat purchase,0
14462,2010-10-03,2010-10-01,2011-01-04,12,2242.81,true,2230,92.94,Repeat customer,91–180 days,4
14579,2010-10-03,2010-10-01,,1,105.56,false,,,One-time customer,No repeat purchase,0
15143,2010-10-03,2010-10-01,2011-04-28,2,563.63,true,4967,206.92,Repeat customer,181+ days,5
15351,2010-10-03,2010-10-01,2010-10-13,10,3430.22,true,243,10.14,Repeat customer,0–30 days,1
15579,2010-10-03,2010-10-01,2010-10-08,5,1250.63,true,123,5.12,Repeat customer,0–30 days,1
15859,2010-10-03,2010-10-01,,1,438.46,false,,,One-time customer,No repeat purchase,0
16312,2010-10-03,2010-10-01,,1,171.15,false,,,One-time customer,No repeat purchase,0
16407,2010-10-03,2010-10-01,2010-10-03,14,2761.65,true,1,0.01,Repeat customer,0–30 days,1
16848,2010-10-03,2010-10-01,2010-11-28,4,1411.62,true,1345,56.07,Repeat customer,31–60 days,2
17022,2010-10-03,2010-10-01,2011-11-08,2,260,true,9631,401.28,Repeat customer,181+ days,5
18270,2010-10-03,2010-10-01,2011-03-18,3,444.55,true,3986,166.08,Repeat customer,91–180 days,4
12486,2010-10-04,2010-10-01,,1,1037.28,false,,,One-time customer,No repeat purchase,0
13035,2010-10-04,2010-10-01,2011-03-24,3,1364.2,true,4098,170.74,Repeat customer,91–180 days,4
13144,2010-10-04,2010-10-01,2011-01-11,2,135.35,true,2373,98.88,Repeat customer,91–180 days,4
13367,2010-10-04,2010-10-01,,1,510.2,false,,,One-time customer,No repeat purchase,0
13441,2010-10-04,2010-10-01,2011-09-09,2,720.9,true,8159,339.96,Repeat customer,181+ days,5
14065,2010-10-04,2010-10-01,2010-10-25,3,891.02,true,506,21.12,Repeat customer,0–30 days,1
14353,2010-10-04,2010-10-01,2010-10-25,3,376.5,true,506,21.09,Repeat customer,0–30 days,1
15159,2010-10-04,2010-10-01,2010-10-21,34,22116.73,true,415,17.29,Repeat customer,0–30 days,1
15346,2010-10-04,2010-10-01,2010-10-10,3,596.12,true,142,5.95,Repeat customer,0–30 days,1
15392,2010-10-04,2010-10-01,2010-11-08,7,2911.62,true,836,34.84,Repeat customer,31–60 days,2
15730,2010-10-04,2010-10-01,2010-11-23,5,1726.58,true,1196,49.85,Repeat customer,31–60 days,2
15778,2010-10-04,2010-10-01,,1,307.95,false,,,One-time customer,No repeat purchase,0
16061,2010-10-04,2010-10-01,,1,89.65,false,,,One-time customer,No repeat purchase,0
16476,2010-10-04,2010-10-01,,1,350.35,false,,,One-time customer,No repeat purchase,0
16817,2010-10-04,2010-10-01,2010-10-20,13,2560.7,true,387,16.14,Repeat customer,0–30 days,1
17375,2010-10-04,2010-10-01,2010-12-13,4,660.55,true,1686,70.25,Repeat customer,61–90 days,3
17621,2010-10-04,2010-10-01,2010-10-18,6,3175.12,true,338,14.08,Repeat customer,0–30 days,1
18017,2010-10-04,2010-10-01,2011-02-02,4,688,true,2902,120.95,Repeat customer,91–180 days,4
18284,2010-10-04,2010-10-01,,1,461.68,false,,,One-time customer,No repeat purchase,0
13177,2010-10-05,2010-10-01,2011-10-06,2,512.2,true,8783,365.97,Repeat customer,181+ days,5
13306,2010-10-05,2010-10-01,,1,53.65,false,,,One-time customer,No repeat purchase,0
13964,2010-10-05,2010-10-01,2010-11-17,2,438.9,true,1033,43.05,Repeat customer,31–60 days,2
14314,2010-10-05,2010-10-01,2011-08-25,2,229.8,true,7778,324.11,Repeat customer,181+ days,5
14350,2010-10-05,2010-10-01,2010-11-24,3,972.03,true,1197,49.84,Repeat customer,31–60 days,2
14470,2010-10-05,2010-10-01,2011-02-25,3,712.04,true,3431,142.97,Repeat customer,91–180 days,4
14663,2010-10-05,2010-10-01,2010-10-05,2,490.6,true,0,0.01,Repeat customer,0–30 days,1
14991,2010-10-05,2010-10-01,,1,314.67,false,,,One-time customer,No repeat purchase,0
15128,2010-10-05,2010-10-01,2011-05-04,5,1783.68,true,5060,210.82,Repeat customer,181+ days,5
15490,2010-10-05,2010-10-01,,1,210.85,false,,,One-time customer,No repeat purchase,0
15782,2010-10-05,2010-10-01,2011-09-11,4,4014.1,true,8183,340.95,Repeat customer,181+ days,5
15857,2010-10-05,2010-10-01,2011-11-21,2,570.48,true,9884,411.82,Repeat customer,181+ days,5
16348,2010-10-05,2010-10-01,2011-04-13,8,1744.42,true,4562,190.08,Repeat customer,181+ days,5
16760,2010-10-05,2010-10-01,,1,228,false,,,One-time customer,No repeat purchase,0
17097,2010-10-05,2010-10-01,2010-12-09,9,1143.36,true,1560,65.03,Repeat customer,61–90 days,3
17657,2010-10-05,2010-10-01,,1,126,false,,,One-time customer,No repeat purchase,0
13022,2010-10-06,2010-10-01,,1,65.3,false,,,One-time customer,No repeat purchase,0
13033,2010-10-06,2010-10-01,2010-12-17,2,220.55,true,1733,72.2,Repeat customer,61–90 days,3
13055,2010-10-06,2010-10-01,2011-05-10,4,2321.11,true,5184,216.03,Repeat customer,181+ days,5
13818,2010-10-06,2010-10-01,,1,61.28,false,,,One-time customer,No repeat purchase,0
14810,2010-10-06,2010-10-01,2010-10-17,13,2354.03,true,262,10.92,Repeat customer,0–30 days,1
15934,2010-10-06,2010-10-01,2010-10-18,2,2190.66,true,286,11.92,Repeat customer,0–30 days,1
15973,2010-10-06,2010-10-01,2010-10-07,3,680.62,true,17,0.73,Repeat customer,0–30 days,1
16149,2010-10-06,2010-10-01,2011-07-20,3,422.22,true,6887,286.96,Repeat customer,181+ days,5
16437,2010-10-06,2010-10-01,2010-11-23,2,301.25,true,1156,48.18,Repeat customer,31–60 days,2
17008,2010-10-06,2010-10-01,,1,81.36,false,,,One-time customer,No repeat purchase,0
17045,2010-10-06,2010-10-01,2010-11-28,5,827.68,true,1271,52.93,Repeat customer,31–60 days,2
17429,2010-10-06,2010-10-01,2010-11-08,5,1357.46,true,793,33.04,Repeat customer,31–60 days,2
12393,2010-10-07,2010-10-01,2010-11-22,6,2399.45,true,1107,46.1,Repeat customer,31–60 days,2
12511,2010-10-07,2010-10-01,,1,3084.02,false,,,One-time customer,No repeat purchase,0
12903,2010-10-07,2010-10-01,,1,833.53,false,,,One-time customer,No repeat purchase,0
13423,2010-10-07,2010-10-01,,1,217.03,false,,,One-time customer,No repeat purchase,0
13569,2010-10-07,2010-10-01,2010-11-23,4,726.54,true,1127,46.99,Repeat customer,31–60 days,2
13776,2010-10-07,2010-10-01,2010-10-07,2,623.98,true,0,0.0,Repeat customer,0–30 days,1
14118,2010-10-07,2010-10-01,,1,458.45,false,,,One-time customer,No repeat purchase,0
14266,2010-10-07,2010-10-01,,1,40.56,false,,,One-time customer,No repeat purchase,0
14339,2010-10-07,2010-10-01,2011-04-11,2,620.27,true,4467,186.09,Repeat customer,181+ days,5
14358,2010-10-07,2010-10-01,2010-11-15,2,400.06,true,934,38.93,Repeat customer,31–60 days,2
14490,2010-10-07,2010-10-01,2010-10-29,2,1273.47,true,532,22.14,Repeat customer,0–30 days,1
15314,2010-10-07,2010-10-01,2010-10-22,3,820.45,true,357,14.86,Repeat customer,0–30 days,1
15931,2010-10-07,2010-10-01,,1,239.9,false,,,One-time customer,No repeat purchase,0
16111,2010-10-07,2010-10-01,,1,549.33,false,,,One-time customer,No repeat purchase,0
16350,2010-10-07,2010-10-01,2010-11-04,9,2253.89,true,670,27.91,Repeat customer,0–30 days,1
16411,2010-10-07,2010-10-01,2010-11-21,4,756.39,true,1078,44.92,Repeat customer,31–60 days,2
16980,2010-10-07,2010-10-01,2011-02-21,3,1422.83,true,3286,136.95,Repeat customer,91–180 days,4
17249,2010-10-07,2010-10-01,,1,68.03,false,,,One-time customer,No repeat purchase,0
17354,2010-10-07,2010-10-01,2010-10-07,4,3133.96,true,0,0.0,Repeat customer,0–30 days,1
17525,2010-10-07,2010-10-01,2010-11-07,3,1161.9,true,746,31.11,Repeat customer,31–60 days,2
12811,2010-10-08,2010-10-01,2010-11-26,5,1033.9,true,1173,48.9,Repeat customer,31–60 days,2
14846,2010-10-08,2010-10-01,,1,437.4,false,,,One-time customer,No repeat purchase,0
14904,2010-10-08,2010-10-01,2010-10-27,4,1630.49,true,459,19.12,Repeat customer,0–30 days,1
15281,2010-10-08,2010-10-01,2010-10-18,16,8543.57,true,242,10.1,Repeat customer,0–30 days,1
15598,2010-10-08,2010-10-01,2011-10-17,2,548.02,true,8983,374.28,Repeat customer,181+ days,5
17196,2010-10-08,2010-10-01,,1,327.75,false,,,One-time customer,No repeat purchase,0
17864,2010-10-08,2010-10-01,2010-11-19,5,876.57,true,1009,42.01,Repeat customer,31–60 days,2
13083,2010-10-10,2010-10-01,2011-09-25,3,395.43,true,8397,349.88,Repeat customer,181+ days,5
13362,2010-10-10,2010-10-01,2010-10-28,7,5394.07,true,426,17.75,Repeat customer,0–30 days,1
14127,2010-10-10,2010-10-01,2010-11-07,6,1900.08,true,672,27.99,Repeat customer,0–30 days,1
14390,2010-10-10,2010-10-01,2010-11-10,13,6150.03,true,742,30.91,Repeat customer,31–60 days,2
14571,2010-10-10,2010-10-01,,1,160,false,,,One-time customer,No repeat purchase,0
15038,2010-10-10,2010-10-01,2010-10-31,9,1146.53,true,502,20.93,Repeat customer,0–30 days,1
15177,2010-10-10,2010-10-01,,1,948.93,false,,,One-time customer,No repeat purchase,0
15277,2010-10-10,2010-10-01,2011-10-24,2,476.34,true,9090,378.75,Repeat customer,181+ days,5
15645,2010-10-10,2010-10-01,2010-10-21,3,1055.17,true,270,11.24,Repeat customer,0–30 days,1
15708,2010-10-10,2010-10-01,2010-11-14,9,3887.15,true,840,34.98,Repeat customer,31–60 days,2
16122,2010-10-10,2010-10-01,2010-11-30,6,895.62,true,1219,50.79,Repeat customer,31–60 days,2
16579,2010-10-10,2010-10-01,,1,295.05,false,,,One-time customer,No repeat purchase,0
17111,2010-10-10,2010-10-01,2011-10-23,2,459.58,true,9072,378.03,Repeat customer,181+ days,5
17152,2010-10-10,2010-10-01,2011-03-21,4,2016.5,true,3892,162.15,Repeat customer,91–180 days,4
12356,2010-10-11,2010-10-01,2010-11-11,6,6371.73,true,749,31.2,Repeat customer,31–60 days,2
12797,2010-10-11,2010-10-01,2010-12-09,2,552.08,true,1414,58.92,Repeat customer,31–60 days,2
13546,2010-10-11,2010-10-01,2010-11-22,5,1086.24,true,1008,42.01,Repeat customer,31–60 days,2
13747,2010-10-11,2010-10-01,2010-12-01,2,169.8,true,1225,51.06,Repeat customer,31–60 days,2
14319,2010-10-11,2010-10-01,,1,494.85,false,,,One-time customer,No repeat purchase,0
14412,2010-10-11,2010-10-01,2011-09-28,3,1426.19,true,8444,351.84,Repeat customer,181+ days,5
14756,2010-10-11,2010-10-01,2010-11-22,3,2653.76,true,1006,41.9,Repeat customer,31–60 days,2
15024,2010-10-11,2010-10-01,2010-10-11,16,3559.39,true,0,0.02,Repeat customer,0–30 days,1
15834,2010-10-11,2010-10-01,2010-11-28,7,3764.39,true,1150,47.92,Repeat customer,31–60 days,2
15948,2010-10-11,2010-10-01,2011-10-27,3,1509.09,true,9140,380.85,Repeat customer,181+ days,5
16527,2010-10-11,2010-10-01,2011-09-19,2,1232.94,true,8235,343.12,Repeat customer,181+ days,5
17004,2010-10-11,2010-10-01,2010-11-12,4,2324.36,true,766,31.9,Repeat customer,31–60 days,2
17264,2010-10-11,2010-10-01,,1,268.28,false,,,One-time customer,No repeat purchase,0
17273,2010-10-11,2010-10-01,,1,141.12,false,,,One-time customer,No repeat purchase,0
12467,2010-10-12,2010-10-01,,1,132.8,false,,,One-time customer,No repeat purchase,0
12553,2010-10-12,2010-10-01,2010-11-19,12,4608.75,true,911,37.95,Repeat customer,31–60 days,2
12629,2010-10-12,2010-10-01,2010-11-19,2,1558.22,true,905,37.69,Repeat customer,31–60 days,2
12655,2010-10-12,2010-10-01,,1,261.35,false,,,One-time customer,No repeat purchase,0
13368,2010-10-12,2010-10-01,2010-10-21,4,1121.5,true,215,8.96,Repeat customer,0–30 days,1
13912,2010-10-12,2010-10-01,,1,124.95,false,,,One-time customer,No repeat purchase,0
13968,2010-10-12,2010-10-01,,1,123.66,false,,,One-time customer,No repeat purchase,0
14240,2010-10-12,2010-10-01,2011-04-28,3,1247.49,true,4751,197.95,Repeat customer,181+ days,5
14263,2010-10-12,2010-10-01,,1,322.93,false,,,One-time customer,No repeat purchase,0
14746,2010-10-12,2010-10-01,2010-10-20,4,593.5,true,193,8.07,Repeat customer,0–30 days,1
14981,2010-10-12,2010-10-01,2011-04-07,2,372.92,true,4250,177.11,Repeat customer,91–180 days,4
15208,2010-10-12,2010-10-01,2010-12-21,6,970.52,true,1681,70.03,Repeat customer,61–90 days,3
16263,2010-10-12,2010-10-01,,1,348.16,false,,,One-time customer,No repeat purchase,0
17094,2010-10-12,2010-10-01,2011-01-21,2,402.2,true,2427,101.1,Repeat customer,91–180 days,4
17104,2010-10-12,2010-10-01,,1,474.03,false,,,One-time customer,No repeat purchase,0
17708,2010-10-12,2010-10-01,2010-11-02,4,884.18,true,500,20.86,Repeat customer,0–30 days,1
17710,2010-10-12,2010-10-01,,1,293.5,false,,,One-time customer,No repeat purchase,0
17944,2010-10-12,2010-10-01,,1,74.99,false,,,One-time customer,No repeat purchase,0
12900,2010-10-13,2010-10-01,,1,340.33,false,,,One-time customer,No repeat purchase,0
13792,2010-10-13,2010-10-01,2011-02-25,3,383.95,true,3243,135.12,Repeat customer,91–180 days,4
13832,2010-10-13,2010-10-01,2011-11-20,2,609.89,true,9673,403.04,Repeat customer,181+ days,5
15134,2010-10-13,2010-10-01,2010-11-23,10,1596.29,true,986,41.09,Repeat customer,31–60 days,2
15242,2010-10-13,2010-10-01,,1,302.04,false,,,One-time customer,No repeat purchase,0
15356,2010-10-13,2010-10-01,2010-11-14,13,3239.57,true,766,31.94,Repeat customer,31–60 days,2
16120,2010-10-13,2010-10-01,2010-10-13,6,2967.51,true,0,0.01,Repeat customer,0–30 days,1
16238,2010-10-13,2010-10-01,,1,63.66,false,,,One-time customer,No repeat purchase,0
16418,2010-10-13,2010-10-01,2010-10-27,5,1028.74,true,336,14.02,Repeat customer,0–30 days,1
16643,2010-10-13,2010-10-01,2011-04-08,2,923.11,true,4247,176.94,Repeat customer,91–180 days,4
16990,2010-10-13,2010-10-01,2011-05-05,2,344,true,4893,203.87,Repeat customer,181+ days,5
17580,2010-10-13,2010-10-01,2010-11-28,5,541.02,true,1101,45.86,Repeat customer,31–60 days,2
17814,2010-10-13,2010-10-01,2010-11-29,2,1609.37,true,1128,47.01,Repeat customer,31–60 days,2
17817,2010-10-13,2010-10-01,2010-10-20,6,788.15,true,170,7.09,Repeat customer,0–30 days,1
18239,2010-10-13,2010-10-01,2010-12-02,6,1712.26,true,1207,50.32,Repeat customer,31–60 days,2
12454,2010-10-14,2010-10-01,2010-10-18,5,16679.78,true,96,3.99,Repeat customer,0–30 days,1
12694,2010-10-14,2010-10-01,2011-06-09,3,1843.35,true,5710,237.92,Repeat customer,181+ days,5
12798,2010-10-14,2010-10-01,2011-06-22,4,8510.93,true,6022,250.91,Repeat customer,181+ days,5
13194,2010-10-14,2010-10-01,2011-07-27,2,472.78,true,6862,285.88,Repeat customer,181+ days,5
13395,2010-10-14,2010-10-01,2010-11-04,3,1180.23,true,505,21.04,Repeat customer,0–30 days,1
13829,2010-10-14,2010-10-01,,1,102,false,,,One-time customer,No repeat purchase,0
14088,2010-10-14,2010-10-01,2010-10-29,16,64036.8,true,350,14.59,Repeat customer,0–30 days,1
14696,2010-10-14,2010-10-01,2010-12-01,8,2473.28,true,1156,48.16,Repeat customer,31–60 days,2
14929,2010-10-14,2010-10-01,2011-11-07,2,836.69,true,9341,389.21,Repeat customer,181+ days,5
14956,2010-10-14,2010-10-01,,1,1325,false,,,One-time customer,No repeat purchase,0
14975,2010-10-14,2010-10-01,2011-10-13,2,472.39,true,8736,364.0,Repeat customer,181+ days,5
15114,2010-10-14,2010-10-01,2010-11-21,12,3400.12,true,912,37.98,Repeat customer,31–60 days,2
15160,2010-10-14,2010-10-01,2010-11-04,4,589.27,true,501,20.87,Repeat customer,0–30 days,1
15304,2010-10-14,2010-10-01,2010-12-06,9,796.4,true,1273,53.05,Repeat customer,31–60 days,2
15626,2010-10-14,2010-10-01,2011-01-14,3,1067.52,true,2201,91.7,Repeat customer,91–180 days,4
15735,2010-10-14,2010-10-01,,1,327.68,false,,,One-time customer,No repeat purchase,0
16935,2010-10-14,2010-10-01,2010-11-15,3,530.86,true,768,32.0,Repeat customer,31–60 days,2
16991,2010-10-14,2010-10-01,,1,1041.21,false,,,One-time customer,No repeat purchase,0
17629,2010-10-14,2010-10-01,2010-11-16,10,2455.52,true,793,33.05,Repeat customer,31–60 days,2
17717,2010-10-14,2010-10-01,,1,376.92,false,,,One-time customer,No repeat purchase,0
17751,2010-10-14,2010-10-01,,1,157.86,false,,,One-time customer,No repeat purchase,0
17796,2010-10-14,2010-10-01,2010-11-21,7,1236.39,true,909,37.88,Repeat customer,31–60 days,2
17823,2010-10-14,2010-10-01,2010-10-14,2,449.25,true,0,0.01,Repeat customer,0–30 days,1
18090,2010-10-14,2010-10-01,,1,321.9,false,,,One-time customer,No repeat purchase,0
12445,2010-10-15,2010-10-01,2011-11-17,2,434.98,true,9558,398.26,Repeat customer,181+ days,5
12691,2010-10-15,2010-10-01,2010-12-17,7,1170.4,true,1514,63.12,Repeat customer,61–90 days,3
13692,2010-10-15,2010-10-01,2010-10-27,5,3114.4,true,284,11.85,Repeat customer,0–30 days,1
14868,2010-10-15,2010-10-01,2010-10-15,12,4184.01,true,0,0.0,Repeat customer,0–30 days,1
15202,2010-10-15,2010-10-01,2010-10-15,3,6001.49,true,0,0.0,Repeat customer,0–30 days,1
15686,2010-10-15,2010-10-01,,1,90,false,,,One-time customer,No repeat purchase,0
15957,2010-10-15,2010-10-01,2010-10-15,3,921.25,true,0,0.01,Repeat customer,0–30 days,1
16810,2010-10-15,2010-10-01,2011-05-31,2,842.04,true,5472,228.0,Repeat customer,181+ days,5
17202,2010-10-15,2010-10-01,,1,160.65,false,,,One-time customer,No repeat purchase,0
17316,2010-10-15,2010-10-01,,1,124.45,false,,,One-time customer,No repeat purchase,0
17390,2010-10-15,2010-10-01,,1,149.3,false,,,One-time customer,No repeat purchase,0
17510,2010-10-15,2010-10-01,2011-11-15,2,514.56,true,9504,395.99,Repeat customer,181+ days,5
17687,2010-10-15,2010-10-01,,1,432.68,false,,,One-time customer,No repeat purchase,0
17938,2010-10-15,2010-10-01,,1,144.29,false,,,One-time customer,No repeat purchase,0
18018,2010-10-15,2010-10-01,2010-11-05,4,297.99,true,508,21.2,Repeat customer,0–30 days,1
14712,2010-10-17,2010-10-01,2011-08-19,4,1328.07,true,7343,305.95,Repeat customer,181+ days,5
15688,2010-10-17,2010-10-01,,1,190.57,false,,,One-time customer,No repeat purchase,0
15772,2010-10-17,2010-10-01,,1,280.88,false,,,One-time customer,No repeat purchase,0
15799,2010-10-17,2010-10-01,2011-01-09,4,1421.34,true,2017,84.03,Repeat customer,61–90 days,3
16381,2010-10-17,2010-10-01,2010-11-09,2,247.85,true,548,22.87,Repeat customer,0–30 days,1
16676,2010-10-17,2010-10-01,2010-11-02,6,2361.9,true,390,16.26,Repeat customer,0–30 days,1
17703,2010-10-17,2010-10-01,2011-07-24,4,1094.84,true,6717,279.88,Repeat customer,181+ days,5
12376,2010-10-18,2010-10-01,2010-11-15,2,503.15,true,676,28.15,Repeat customer,0–30 days,1
12699,2010-10-18,2010-10-01,,1,638.11,false,,,One-time customer,No repeat purchase,0
13079,2010-10-18,2010-10-01,2011-07-22,6,419.18,true,6648,277.02,Repeat customer,181+ days,5
13088,2010-10-18,2010-10-01,,1,236.11,false,,,One-time customer,No repeat purchase,0
13387,2010-10-18,2010-10-01,,1,186.94,false,,,One-time customer,No repeat purchase,0
13516,2010-10-18,2010-10-01,2011-04-15,4,1685.26,true,4299,179.09,Repeat customer,91–180 days,4
14741,2010-10-18,2010-10-01,2010-12-02,7,1713.09,true,1079,44.97,Repeat customer,31–60 days,2
15710,2010-10-18,2010-10-01,,1,898.87,false,,,One-time customer,No repeat purchase,0
16069,2010-10-18,2010-10-01,,1,457.7,false,,,One-time customer,No repeat purchase,0
16141,2010-10-18,2010-10-01,2011-09-12,2,955.94,true,7895,328.96,Repeat customer,181+ days,5
16996,2010-10-18,2010-10-01,2010-11-03,9,2123.61,true,384,16.01,Repeat customer,0–30 days,1
17026,2010-10-18,2010-10-01,2010-12-05,3,175.83,true,1149,47.89,Repeat customer,31–60 days,2
13134,2010-10-19,2010-10-01,2010-11-02,6,2475.23,true,336,14.03,Repeat customer,0–30 days,1
13840,2010-10-19,2010-10-01,,1,651.4,false,,,One-time customer,No repeat purchase,0
14332,2010-10-19,2010-10-01,2010-11-23,5,1917.41,true,842,35.1,Repeat customer,31–60 days,2
14524,2010-10-19,2010-10-01,2010-10-19,13,2909.86,true,1,0.02,Repeat customer,0–30 days,1
14585,2010-10-19,2010-10-01,2010-11-10,5,1143.27,true,527,21.96,Repeat customer,0–30 days,1
15011,2010-10-19,2010-10-01,2010-11-09,2,416.6,true,503,20.96,Repeat customer,0–30 days,1
17219,2010-10-19,2010-10-01,2011-11-08,2,259.13,true,9240,385.0,Repeat customer,181+ days,5
17397,2010-10-19,2010-10-01,2011-11-17,3,1198.28,true,9456,394.03,Repeat customer,181+ days,5
17655,2010-10-19,2010-10-01,2010-11-22,9,2976.38,true,823,34.29,Repeat customer,31–60 days,2
17967,2010-10-19,2010-10-01,2010-12-03,2,223.42,true,1078,44.92,Repeat customer,31–60 days,2
12387,2010-10-20,2010-10-01,,1,143.94,false,,,One-time customer,No repeat purchase,0
13703,2010-10-20,2010-10-01,2011-01-25,2,425.56,true,2328,97.0,Repeat customer,91–180 days,4
13981,2010-10-20,2010-10-01,,1,331.14,false,,,One-time customer,No repeat purchase,0
14612,2010-10-20,2010-10-01,,1,877.7,false,,,One-time customer,No repeat purchase,0
14617,2010-10-20,2010-10-01,2010-11-02,2,190.47,true,313,13.04,Repeat customer,0–30 days,1
15377,2010-10-20,2010-10-01,2010-11-02,4,1211.75,true,319,13.28,Repeat customer,0–30 days,1
15501,2010-10-20,2010-10-01,2010-10-31,2,399.95,true,263,10.94,Repeat customer,0–30 days,1
15608,2010-10-20,2010-10-01,2011-08-11,5,1785.98,true,7079,294.99,Repeat customer,181+ days,5
15647,2010-10-20,2010-10-01,,1,169,false,,,One-time customer,No repeat purchase,0
16201,2010-10-20,2010-10-01,2011-08-22,5,2112.12,true,7342,305.95,Repeat customer,181+ days,5
16642,2010-10-20,2010-10-01,2011-05-16,3,1077.45,true,4990,207.93,Repeat customer,181+ days,5
16776,2010-10-20,2010-10-01,2011-10-10,2,592.51,true,8521,355.04,Repeat customer,181+ days,5
16903,2010-10-20,2010-10-01,2010-11-24,3,1041.75,true,840,35.01,Repeat customer,31–60 days,2
16916,2010-10-20,2010-10-01,2010-11-01,4,902.02,true,289,12.03,Repeat customer,0–30 days,1
17038,2010-10-20,2010-10-01,2011-11-09,2,743.17,true,9237,384.91,Repeat customer,181+ days,5
18066,2010-10-20,2010-10-01,2010-11-18,3,1440.4,true,695,28.93,Repeat customer,0–30 days,1
12400,2010-10-21,2010-10-01,,1,205.25,false,,,One-time customer,No repeat purchase,0
13166,2010-10-21,2010-10-01,2011-03-01,2,875.93,true,3145,131.03,Repeat customer,91–180 days,4
13195,2010-10-21,2010-10-01,,1,136.73,false,,,One-time customer,No repeat purchase,0
13581,2010-10-21,2010-10-01,2011-02-03,2,280.53,true,2518,104.92,Repeat customer,91–180 days,4
13836,2010-10-21,2010-10-01,2010-11-05,2,620.37,true,360,15.0,Repeat customer,0–30 days,1
13936,2010-10-21,2010-10-01,2010-11-22,3,939.66,true,764,31.84,Repeat customer,31–60 days,2
14148,2010-10-21,2010-10-01,2011-04-20,2,466.29,true,4342,180.91,Repeat customer,181+ days,5
14216,2010-10-21,2010-10-01,2011-11-02,5,2150.04,true,9043,376.82,Repeat customer,181+ days,5
15257,2010-10-21,2010-10-01,2011-03-01,2,685.9,true,3142,130.95,Repeat customer,91–180 days,4
15995,2010-10-21,2010-10-01,,1,694.54,false,,,One-time customer,No repeat purchase,0
16540,2010-10-21,2010-10-01,,1,205.75,false,,,One-time customer,No repeat purchase,0
16590,2010-10-21,2010-10-01,2010-11-04,2,605.9,true,333,13.87,Repeat customer,0–30 days,1
17483,2010-10-21,2010-10-01,2011-06-09,4,591.73,true,5551,231.29,Repeat customer,181+ days,5
17924,2010-10-21,2010-10-01,2010-12-01,8,3257.7,true,982,40.94,Repeat customer,31–60 days,2
18243,2010-10-21,2010-10-01,,1,515.78,false,,,One-time customer,No repeat purchase,0
12419,2010-10-22,2010-10-01,2010-11-19,2,503.01,true,672,27.98,Repeat customer,0–30 days,1
12787,2010-10-22,2010-10-01,2011-05-31,4,862.18,true,5299,220.78,Repeat customer,181+ days,5
12899,2010-10-22,2010-10-01,,1,366.4,false,,,One-time customer,No repeat purchase,0
12973,2010-10-22,2010-10-01,,1,385.55,false,,,One-time customer,No repeat purchase,0
13106,2010-10-22,2010-10-01,2011-07-29,2,603.46,true,6722,280.08,Repeat customer,181+ days,5
13165,2010-10-22,2010-10-01,2010-12-23,3,1451.16,true,1485,61.88,Repeat customer,61–90 days,3
13263,2010-10-22,2010-10-01,2010-10-29,39,8676.2,true,166,6.94,Repeat customer,0–30 days,1
13746,2010-10-22,2010-10-01,,1,176.69,false,,,One-time customer,No repeat purchase,0
14728,2010-10-22,2010-10-01,,1,190.58,false,,,One-time customer,No repeat purchase,0
14945,2010-10-22,2010-10-01,,1,179.4,false,,,One-time customer,No repeat purchase,0
16226,2010-10-22,2010-10-01,2010-11-26,5,672.17,true,842,35.1,Repeat customer,31–60 days,2
16491,2010-10-22,2010-10-01,2011-10-24,2,1533.16,true,8803,366.77,Repeat customer,181+ days,5
18055,2010-10-22,2010-10-01,2010-11-18,14,10142.64,true,647,26.96,Repeat customer,0–30 days,1
13241,2010-10-24,2010-10-01,,1,112.53,false,,,One-time customer,No repeat purchase,0
13565,2010-10-24,2010-10-01,2011-01-09,3,414.8,true,1847,76.94,Repeat customer,61–90 days,3
13574,2010-10-24,2010-10-01,,1,404.45,false,,,One-time customer,No repeat purchase,0
13898,2010-10-24,2010-10-01,2011-01-18,2,686.4,true,2059,85.78,Repeat customer,61–90 days,3
13977,2010-10-24,2010-10-01,,1,519.81,false,,,One-time customer,No repeat purchase,0
15337,2010-10-24,2010-10-01,,1,373.02,false,,,One-time customer,No repeat purchase,0
16010,2010-10-24,2010-10-01,2010-10-31,11,1694.86,true,169,7.0,Repeat customer,0–30 days,1
16024,2010-10-24,2010-10-01,2010-10-24,3,483.99,true,0,0.0,Repeat customer,0–30 days,1
16373,2010-10-24,2010-10-01,2010-11-22,2,309.49,true,698,29.11,Repeat customer,0–30 days,1
16445,2010-10-24,2010-10-01,2010-11-18,4,583.16,true,599,24.95,Repeat customer,0–30 days,1
16726,2010-10-24,2010-10-01,2010-11-21,7,2063.88,true,670,27.91,Repeat customer,0–30 days,1
16904,2010-10-24,2010-10-01,2010-11-07,21,4675.36,true,332,13.83,Repeat customer,0–30 days,1
16920,2010-10-24,2010-10-01,,1,355.45,false,,,One-time customer,No repeat purchase,0
17260,2010-10-24,2010-10-01,,1,120.95,false,,,One-time customer,No repeat purchase,0
17407,2010-10-24,2010-10-01,,1,552.9,false,,,One-time customer,No repeat purchase,0
17435,2010-10-24,2010-10-01,,1,331.35,false,,,One-time customer,No repeat purchase,0
17843,2010-10-24,2010-10-01,2011-02-09,2,320.4,true,2597,108.19,Repeat customer,91–180 days,4
18110,2010-10-24,2010-10-01,2011-11-20,2,392.28,true,9406,391.93,Repeat customer,181+ days,5
18116,2010-10-24,2010-10-01,2010-10-31,13,2134.49,true,168,7.02,Repeat customer,0–30 days,1
12790,2010-10-25,2010-10-01,2011-05-31,2,591.85,true,5233,218.05,Repeat customer,181+ days,5
14197,2010-10-25,2010-10-01,,1,390.05,false,,,One-time customer,No repeat purchase,0
14690,2010-10-25,2010-10-01,2010-11-12,4,777.68,true,434,18.1,Repeat customer,0–30 days,1
14718,2010-10-25,2010-10-01,,1,226.42,false,,,One-time customer,No repeat purchase,0
15065,2010-10-25,2010-10-01,2011-02-21,5,3326.86,true,2859,119.15,Repeat customer,91–180 days,4
15174,2010-10-25,2010-10-01,2011-01-21,2,481.46,true,2112,87.98,Repeat customer,61–90 days,3
15294,2010-10-25,2010-10-01,,1,233.35,false,,,One-time customer,No repeat purchase,0
15370,2010-10-25,2010-10-01,2011-01-11,8,3739.01,true,1871,77.97,Repeat customer,61–90 days,3
15646,2010-10-25,2010-10-01,2010-11-10,5,784.81,true,385,16.06,Repeat customer,0–30 days,1
16193,2010-10-25,2010-10-01,2011-04-17,2,630.43,true,4177,174.06,Repeat customer,91–180 days,4
16241,2010-10-25,2010-10-01,2010-11-12,16,3992.86,true,432,18.0,Repeat customer,0–30 days,1
17070,2010-10-25,2010-10-01,2011-08-17,2,437.42,true,7106,296.04,Repeat customer,181+ days,5
17767,2010-10-25,2010-10-01,2011-11-24,2,413.05,true,9478,394.93,Repeat customer,181+ days,5
17981,2010-10-25,2010-10-01,,1,239.12,false,,,One-time customer,No repeat purchase,0
12411,2010-10-26,2010-10-01,,1,346.9,false,,,One-time customer,No repeat purchase,0
12475,2010-10-26,2010-10-01,2011-10-17,2,1149.64,true,8546,356.06,Repeat customer,181+ days,5
12775,2010-10-26,2010-10-01,2010-11-16,7,1686.12,true,505,21.03,Repeat customer,0–30 days,1
13274,2010-10-26,2010-10-01,,1,360.85,false,,,One-time customer,No repeat purchase,0
13363,2010-10-26,2010-10-01,2011-10-27,3,1723.86,true,8783,365.99,Repeat customer,181+ days,5
13578,2010-10-26,2010-10-01,,1,147.66,false,,,One-time customer,No repeat purchase,0
13906,2010-10-26,2010-10-01,,1,42,false,,,One-time customer,No repeat purchase,0
14271,2010-10-26,2010-10-01,2011-04-28,2,214.18,true,4411,183.82,Repeat customer,181+ days,5
14278,2010-10-26,2010-10-01,,1,205.83,false,,,One-time customer,No repeat purchase,0
14673,2010-10-26,2010-10-01,2010-11-24,7,3037.32,true,698,29.08,Repeat customer,0–30 days,1
15390,2010-10-26,2010-10-01,2010-11-08,2,1216.66,true,310,12.91,Repeat customer,0–30 days,1
15536,2010-10-26,2010-10-01,,1,259.09,false,,,One-time customer,No repeat purchase,0
15620,2010-10-26,2010-10-01,2010-12-16,4,1942.36,true,1227,51.13,Repeat customer,31–60 days,2
15773,2010-10-26,2010-10-01,2011-12-04,2,774.52,true,9693,403.89,Repeat customer,181+ days,5
16034,2010-10-26,2010-10-01,2010-10-29,6,911.32,true,72,3.02,Repeat customer,0–30 days,1
16639,2010-10-26,2010-10-01,2011-04-18,4,1747.98,true,4167,173.63,Repeat customer,91–180 days,4
16757,2010-10-26,2010-10-01,2011-01-25,2,270.48,true,2180,90.87,Repeat customer,91–180 days,4
16785,2010-10-26,2010-10-01,,1,533.78,false,,,One-time customer,No repeat purchase,0
16863,2010-10-26,2010-10-01,2010-12-08,3,834.27,true,1030,42.95,Repeat customer,31–60 days,2
16962,2010-10-26,2010-10-01,,1,251.04,false,,,One-time customer,No repeat purchase,0
12353,2010-10-27,2010-10-01,2011-05-19,2,406.76,true,4901,204.21,Repeat customer,181+ days,5
12505,2010-10-27,2010-10-01,,1,955.2,false,,,One-time customer,No repeat purchase,0
12537,2010-10-27,2010-10-01,,1,732.94,false,,,One-time customer,No repeat purchase,0
12563,2010-10-27,2010-10-01,,1,249.24,false,,,One-time customer,No repeat purchase,0
12591,2010-10-27,2010-10-01,2010-11-14,3,1338.95,true,436,18.16,Repeat customer,0–30 days,1
13547,2010-10-27,2010-10-01,,1,167.08,false,,,One-time customer,No repeat purchase,0
14281,2010-10-27,2010-10-01,,1,245.15,false,,,One-time customer,No repeat purchase,0
14475,2010-10-27,2010-10-01,2011-02-08,4,1151.15,true,2497,104.04,Repeat customer,91–180 days,4
16188,2010-10-27,2010-10-01,2011-04-11,5,1087.66,true,3982,165.91,Repeat customer,91–180 days,4
16433,2010-10-27,2010-10-01,2011-11-11,2,384.52,true,9122,380.07,Repeat customer,181+ days,5
17000,2010-10-27,2010-10-01,2010-11-08,2,406.3,true,287,11.97,Repeat customer,0–30 days,1
12766,2010-10-28,2010-10-01,2010-11-16,9,8918.99,true,460,19.17,Repeat customer,0–30 days,1
13669,2010-10-28,2010-10-01,2011-07-13,3,413.55,true,6188,257.86,Repeat customer,181+ days,5
13780,2010-10-28,2010-10-01,2011-06-22,3,732.07,true,5680,236.66,Repeat customer,181+ days,5
14294,2010-10-28,2010-10-01,,1,375.34,false,,,One-time customer,No repeat purchase,0
14834,2010-10-28,2010-10-01,2011-04-13,7,2206.16,true,4006,166.89,Repeat customer,91–180 days,4
15285,2010-10-28,2010-10-01,,1,94.92,false,,,One-time customer,No repeat purchase,0
15328,2010-10-28,2010-10-01,,1,107.24,false,,,One-time customer,No repeat purchase,0
16183,2010-10-28,2010-10-01,2010-11-03,4,1077.81,true,143,5.94,Repeat customer,0–30 days,1
16265,2010-10-28,2010-10-01,2010-11-05,12,6935.17,true,189,7.87,Repeat customer,0–30 days,1
16343,2010-10-28,2010-10-01,2011-11-23,3,614.12,true,9387,391.14,Repeat customer,181+ days,5
16630,2010-10-28,2010-10-01,,1,106.8,false,,,One-time customer,No repeat purchase,0
16780,2010-10-28,2010-10-01,2011-03-25,3,596.4,true,3550,147.91,Repeat customer,91–180 days,4
17974,2010-10-28,2010-10-01,2010-11-10,6,1739.09,true,304,12.67,Repeat customer,0–30 days,1
13282,2010-10-29,2010-10-01,2011-05-03,4,1313.19,true,4462,185.91,Repeat customer,181+ days,5
13580,2010-10-29,2010-10-01,,1,107.75,false,,,One-time customer,No repeat purchase,0
15170,2010-10-29,2010-10-01,,1,81.15,false,,,One-time customer,No repeat purchase,0
16058,2010-10-29,2010-10-01,,1,62.7,false,,,One-time customer,No repeat purchase,0
16635,2010-10-29,2010-10-01,,1,473,false,,,One-time customer,No repeat purchase,0
17334,2010-10-29,2010-10-01,2011-02-04,3,635.15,true,2349,97.87,Repeat customer,91–180 days,4
17821,2010-10-29,2010-10-01,,1,334.62,false,,,One-time customer,No repeat purchase,0
17934,2010-10-29,2010-10-01,2011-10-12,3,1049.15,true,8350,347.94,Repeat customer,181+ days,5
12347,2010-10-31,2010-10-01,2010-12-07,8,4921.53,true,888,37.03,Repeat customer,31–60 days,2
12601,2010-10-31,2010-10-01,2011-01-11,6,681.26,true,1728,71.99,Repeat customer,61–90 days,3
12608,2010-10-31,2010-10-01,,1,415.79,false,,,One-time customer,No repeat purchase,0
13833,2010-10-31,2010-10-01,2011-07-03,2,700.41,true,5879,244.97,Repeat customer,181+ days,5
14213,2010-10-31,2010-10-01,,1,1192.2,false,,,One-time customer,No repeat purchase,0
14848,2010-10-31,2010-10-01,,1,310.56,false,,,One-time customer,No repeat purchase,0
15675,2010-10-31,2010-10-01,2011-03-04,4,542.04,true,2976,124.0,Repeat customer,91–180 days,4
16724,2010-10-31,2010-10-01,,1,147.35,false,,,One-time customer,No repeat purchase,0
17951,2010-10-31,2010-10-01,2010-12-01,4,1340.58,true,741,30.89,Repeat customer,31–60 days,2
18278,2010-10-31,2010-10-01,2011-09-27,2,414.2,true,7943,330.99,Repeat customer,181+ days,5
12492,2010-11-01,2010-11-01,2011-08-26,3,715.21,true,7152,298.0,Repeat customer,181+ days,5
13359,2010-11-01,2010-11-01,2011-10-07,2,1043.31,true,8154,339.77,Repeat customer,181+ days,5
14429,2010-11-01,2010-11-01,,1,516.28,false,,,One-time customer,No repeat purchase,0
14777,2010-11-01,2010-11-01,,1,307.56,false,,,One-time customer,No repeat purchase,0
15729,2010-11-01,2010-11-01,2010-11-04,3,192.55,true,75,3.1,Repeat customer,0–30 days,1
16876,2010-11-01,2010-11-01,,1,136.01,false,,,One-time customer,No repeat purchase,0
17306,2010-11-01,2010-11-01,2010-11-11,21,9782.35,true,241,10.05,Repeat customer,0–30 days,1
18127,2010-11-01,2010-11-01,2011-07-29,4,556.13,true,6477,269.84,Repeat customer,181+ days,5
12413,2010-11-02,2010-11-01,2011-01-06,4,999.45,true,1563,65.12,Repeat customer,61–90 days,3
12855,2010-11-02,2010-11-01,2010-11-10,4,612.84,true,188,7.86,Repeat customer,0–30 days,1
13215,2010-11-02,2010-11-01,,1,81.6,false,,,One-time customer,No repeat purchase,0
13251,2010-11-02,2010-11-01,,1,252.68,false,,,One-time customer,No repeat purchase,0
13310,2010-11-02,2010-11-01,2010-11-24,5,1541.2,true,520,21.67,Repeat customer,0–30 days,1
13453,2010-11-02,2010-11-01,2011-02-23,3,781.69,true,2708,112.85,Repeat customer,91–180 days,4
13523,2010-11-02,2010-11-01,2010-12-08,6,4534.57,true,864,35.98,Repeat customer,31–60 days,2
13535,2010-11-02,2010-11-01,,1,89.5,false,,,One-time customer,No repeat purchase,0
13597,2010-11-02,2010-11-01,2010-11-04,2,396.71,true,53,2.23,Repeat customer,0–30 days,1
13607,2010-11-02,2010-11-01,2011-10-30,2,1075.81,true,8693,362.19,Repeat customer,181+ days,5
13937,2010-11-02,2010-11-01,2011-06-23,2,880.13,true,5596,233.17,Repeat customer,181+ days,5
14206,2010-11-02,2010-11-01,2010-11-16,3,1185.01,true,343,14.28,Repeat customer,0–30 days,1
14733,2010-11-02,2010-11-01,2010-11-25,15,14335.15,true,548,22.83,Repeat customer,0–30 days,1
15458,2010-11-02,2010-11-01,2011-11-14,2,370.44,true,9042,376.72,Repeat customer,181+ days,5
16016,2010-11-02,2010-11-01,2010-11-17,11,2083.4,true,359,14.96,Repeat customer,0–30 days,1
17121,2010-11-02,2010-11-01,,1,314.74,false,,,One-time customer,No repeat purchase,0
17276,2010-11-02,2010-11-01,,1,502.49,false,,,One-time customer,No repeat purchase,0
17363,2010-11-02,2010-11-01,2010-11-02,3,920.46,true,0,0.0,Repeat customer,0–30 days,1
12673,2010-11-03,2010-11-01,2011-01-17,3,1230.02,true,1801,75.04,Repeat customer,61–90 days,3
12793,2010-11-03,2010-11-01,2010-12-03,3,885.53,true,722,30.09,Repeat customer,31–60 days,2
13034,2010-11-03,2010-11-01,2010-12-05,3,756.82,true,767,31.98,Repeat customer,31–60 days,2
13049,2010-11-03,2010-11-01,2010-11-15,4,1408.24,true,287,11.96,Repeat customer,0–30 days,1
13331,2010-11-03,2010-11-01,,1,262.4,false,,,One-time customer,No repeat purchase,0
13500,2010-11-03,2010-11-01,2011-08-09,4,1466.3,true,6695,278.96,Repeat customer,181+ days,5
13686,2010-11-03,2010-11-01,2010-11-24,3,409.04,true,505,21.04,Repeat customer,0–30 days,1
15158,2010-11-03,2010-11-01,2011-10-25,2,606.02,true,8544,356.0,Repeat customer,181+ days,5
15233,2010-11-03,2010-11-01,,1,59.4,false,,,One-time customer,No repeat purchase,0
15336,2010-11-03,2010-11-01,,1,240.5,false,,,One-time customer,No repeat purchase,0
15481,2010-11-03,2010-11-01,,1,1993.34,false,,,One-time customer,No repeat purchase,0
15915,2010-11-03,2010-11-01,,1,364.45,false,,,One-time customer,No repeat purchase,0
16050,2010-11-03,2010-11-01,2010-11-21,3,300.7,true,431,17.96,Repeat customer,0–30 days,1
16178,2010-11-03,2010-11-01,2011-07-24,2,612.6,true,6314,263.05,Repeat customer,181+ days,5
16542,2010-11-03,2010-11-01,2011-10-17,2,257.32,true,8348,347.84,Repeat customer,181+ days,5
16712,2010-11-03,2010-11-01,2010-11-03,13,4232.87,true,0,0.01,Repeat customer,0–30 days,1
16865,2010-11-03,2010-11-01,,1,130.95,false,,,One-time customer,No repeat purchase,0
17254,2010-11-03,2010-11-01,2011-11-24,3,469.48,true,9264,386.01,Repeat customer,181+ days,5
17420,2010-11-03,2010-11-01,2010-11-03,6,953.58,true,0,0.0,Repeat customer,0–30 days,1
12914,2010-11-04,2010-11-01,,1,223.98,false,,,One-time customer,No repeat purchase,0
13172,2010-11-04,2010-11-01,,1,69.6,false,,,One-time customer,No repeat purchase,0
13258,2010-11-04,2010-11-01,2010-11-25,5,1009.43,true,502,20.92,Repeat customer,0–30 days,1
13303,2010-11-04,2010-11-01,,1,61.72,false,,,One-time customer,No repeat purchase,0
13660,2010-11-04,2010-11-01,,1,306.64,false,,,One-time customer,No repeat purchase,0
13903,2010-11-04,2010-11-01,,1,165.45,false,,,One-time customer,No repeat purchase,0
13987,2010-11-04,2010-11-01,2010-11-25,2,682.54,true,505,21.02,Repeat customer,0–30 days,1
14447,2010-11-04,2010-11-01,2011-03-04,6,1711.73,true,2877,119.89,Repeat customer,91–180 days,4
14737,2010-11-04,2010-11-01,2010-12-21,4,3554.17,true,1130,47.1,Repeat customer,31–60 days,2
15379,2010-11-04,2010-11-01,2010-12-16,8,4877.84,true,1010,42.04,Repeat customer,31–60 days,2
15724,2010-11-04,2010-11-01,2011-02-28,3,310.85,true,2784,116.01,Repeat customer,91–180 days,4
16228,2010-11-04,2010-11-01,2010-11-04,3,885.71,true,0,0.0,Repeat customer,0–30 days,1
17286,2010-11-04,2010-11-01,2010-11-04,3,389.18,true,0,0.01,Repeat customer,0–30 days,1
17702,2010-11-04,2010-11-01,2010-11-21,6,3144.04,true,409,17.05,Repeat customer,0–30 days,1
17977,2010-11-04,2010-11-01,2011-11-10,2,1511.45,true,8903,370.96,Repeat customer,181+ days,5
13646,2010-11-05,2010-11-01,2010-11-05,2,326.25,true,0,0.01,Repeat customer,0–30 days,1
13846,2010-11-05,2010-11-01,2010-12-14,4,1307.79,true,943,39.26,Repeat customer,31–60 days,2
13996,2010-11-05,2010-11-01,2010-11-18,2,895.76,true,313,13.06,Repeat customer,0–30 days,1
14203,2010-11-07,2010-11-01,,1,339.34,false,,,One-time customer,No repeat purchase,0
15560,2010-11-07,2010-11-01,2010-11-07,2,153.52,true,0,0.0,Repeat customer,0–30 days,1
15996,2010-11-07,2010-11-01,2010-12-08,7,1386.4,true,744,31.01,Repeat customer,31–60 days,2
16559,2010-11-07,2010-11-01,,1,175,false,,,One-time customer,No repeat purchase,0
16640,2010-11-07,2010-11-01,,1,179.4,false,,,One-time customer,No repeat purchase,0
16899,2010-11-07,2010-11-01,2010-11-26,8,1695.77,true,452,18.85,Repeat customer,0–30 days,1
16931,2010-11-07,2010-11-01,2010-11-24,23,5032.22,true,407,16.97,Repeat customer,0–30 days,1
17033,2010-11-07,2010-11-01,2010-12-15,4,1332.79,true,913,38.02,Repeat customer,31–60 days,2
18083,2010-11-07,2010-11-01,,1,463.53,false,,,One-time customer,No repeat purchase,0
12892,2010-11-08,2010-11-01,,1,263.38,false,,,One-time customer,No repeat purchase,0
13138,2010-11-08,2010-11-01,2010-12-02,7,1274.01,true,580,24.14,Repeat customer,0–30 days,1
13691,2010-11-08,2010-11-01,,1,212.78,false,,,One-time customer,No repeat purchase,0
13738,2010-11-08,2010-11-01,,1,434.78,false,,,One-time customer,No repeat purchase,0
13967,2010-11-08,2010-11-01,2011-07-17,2,166.3,true,6023,250.94,Repeat customer,181+ days,5
14193,2010-11-08,2010-11-01,2011-03-15,3,1210.19,true,3047,126.96,Repeat customer,91–180 days,4
14927,2010-11-08,2010-11-01,,1,308.2,false,,,One-time customer,No repeat purchase,0
16420,2010-11-08,2010-11-01,,1,75,false,,,One-time customer,No repeat purchase,0
17084,2010-11-08,2010-11-01,2011-11-04,3,5001.21,true,8664,361.02,Repeat customer,181+ days,5
17548,2010-11-08,2010-11-01,2010-11-21,4,731.26,true,306,12.77,Repeat customer,0–30 days,1
18098,2010-11-08,2010-11-01,,1,527.94,false,,,One-time customer,No repeat purchase,0
13721,2010-11-09,2010-11-01,2011-11-03,2,741.54,true,8613,358.84,Repeat customer,181+ days,5
14077,2010-11-09,2010-11-01,2011-03-10,6,615.08,true,2903,120.99,Repeat customer,91–180 days,4
14170,2010-11-09,2010-11-01,2010-11-23,3,570.18,true,335,13.97,Repeat customer,0–30 days,1
14899,2010-11-09,2010-11-01,,1,1331.38,false,,,One-time customer,No repeat purchase,0
15635,2010-11-09,2010-11-01,,1,100.35,false,,,One-time customer,No repeat purchase,0
16223,2010-11-09,2010-11-01,2010-11-30,2,1087.05,true,503,20.99,Repeat customer,0–30 days,1
16740,2010-11-09,2010-11-01,,1,226.91,false,,,One-time customer,No repeat purchase,0
17208,2010-11-09,2010-11-01,,1,111.15,false,,,One-time customer,No repeat purchase,0
17274,2010-11-09,2010-11-01,2011-11-04,2,573.22,true,8641,360.05,Repeat customer,181+ days,5
17374,2010-11-09,2010-11-01,2011-03-03,3,727.11,true,2731,113.82,Repeat customer,91–180 days,4
17467,2010-11-09,2010-11-01,,1,102.6,false,,,One-time customer,No repeat purchase,0
17878,2010-11-09,2010-11-01,2010-11-09,3,1378.93,true,0,0.0,Repeat customer,0–30 days,1
17983,2010-11-09,2010-11-01,,1,171.71,false,,,One-time customer,No repeat purchase,0
12666,2010-11-10,2010-11-01,,1,1248.42,false,,,One-time customer,No repeat purchase,0
12739,2010-11-10,2010-11-01,2010-11-19,4,2726.73,true,211,8.8,Repeat customer,0–30 days,1
12927,2010-11-10,2010-11-01,,1,197.31,false,,,One-time customer,No repeat purchase,0
13096,2010-11-10,2010-11-01,,1,419.7,false,,,One-time customer,No repeat purchase,0
13671,2010-11-10,2010-11-01,,1,172.6,false,,,One-time customer,No repeat purchase,0
13915,2010-11-10,2010-11-01,,1,70.8,false,,,One-time customer,No repeat purchase,0
15001,2010-11-10,2010-11-01,2010-11-10,2,199.11,true,0,0.01,Repeat customer,0–30 days,1
15028,2010-11-10,2010-11-01,2010-11-26,6,962.94,true,382,15.93,Repeat customer,0–30 days,1
15131,2010-11-10,2010-11-01,,1,80.28,false,,,One-time customer,No repeat purchase,0
15368,2010-11-10,2010-11-01,2011-11-18,2,722.74,true,8951,372.95,Repeat customer,181+ days,5
15529,2010-11-10,2010-11-01,2010-12-08,12,4783.66,true,670,27.92,Repeat customer,0–30 days,1
16358,2010-11-10,2010-11-01,2011-06-08,5,2919.65,true,5044,210.15,Repeat customer,181+ days,5
16662,2010-11-10,2010-11-01,,1,151.05,false,,,One-time customer,No repeat purchase,0
17288,2010-11-10,2010-11-01,2010-11-14,11,2468.43,true,95,3.95,Repeat customer,0–30 days,1
17756,2010-11-10,2010-11-01,2010-11-19,3,728.75,true,216,8.99,Repeat customer,0–30 days,1
17903,2010-11-10,2010-11-01,,1,381.09,false,,,One-time customer,No repeat purchase,0
18280,2010-11-10,2010-11-01,2011-03-07,2,488.15,true,2802,116.75,Repeat customer,91–180 days,4
12803,2010-11-11,2010-11-01,,1,1092.81,false,,,One-time customer,No repeat purchase,0
13226,2010-11-11,2010-11-01,2011-03-11,2,312.46,true,2881,120.03,Repeat customer,91–180 days,4
14600,2010-11-11,2010-11-01,2011-02-07,2,865.17,true,2106,87.74,Repeat customer,61–90 days,3
15138,2010-11-11,2010-11-01,,1,502.52,false,,,One-time customer,No repeat purchase,0
16284,2010-11-11,2010-11-01,2011-10-20,3,1018.48,true,8232,343.02,Repeat customer,181+ days,5
16786,2010-11-11,2010-11-01,,1,51.84,false,,,One-time customer,No repeat purchase,0
16824,2010-11-11,2010-11-01,2011-06-28,3,686.24,true,5497,229.05,Repeat customer,181+ days,5
17423,2010-11-11,2010-11-01,2011-05-06,3,1118.95,true,4221,175.87,Repeat customer,91–180 days,4
17558,2010-11-11,2010-11-01,,1,259.17,false,,,One-time customer,No repeat purchase,0
17688,2010-11-11,2010-11-01,,1,304.2,false,,,One-time customer,No repeat purchase,0
17815,2010-11-11,2010-11-01,,1,591.96,false,,,One-time customer,No repeat purchase,0
17980,2010-11-11,2010-11-01,2010-12-15,4,1012.72,true,817,34.05,Repeat customer,31–60 days,2
18050,2010-11-11,2010-11-01,2010-12-15,2,412.06,true,815,33.94,Repeat customer,31–60 days,2
12352,2010-11-12,2010-11-01,2010-11-29,10,2849.84,true,408,16.99,Repeat customer,0–30 days,1
12734,2010-11-12,2010-11-01,2010-11-30,3,639.65,true,430,17.9,Repeat customer,0–30 days,1
12868,2010-11-12,2010-11-01,2010-11-24,8,2043.76,true,288,12.02,Repeat customer,0–30 days,1
13309,2010-11-12,2010-11-01,2011-02-04,6,1706.37,true,2016,84.01,Repeat customer,61–90 days,3
13961,2010-11-12,2010-11-01,,1,538.4,false,,,One-time customer,No repeat purchase,0
14082,2010-11-12,2010-11-01,2010-12-10,2,413.36,true,672,27.97,Repeat customer,0–30 days,1
15468,2010-11-12,2010-11-01,2011-10-19,3,1430.48,true,8188,341.17,Repeat customer,181+ days,5
17210,2010-11-12,2010-11-01,,1,251.72,false,,,One-time customer,No repeat purchase,0
17772,2010-11-12,2010-11-01,2011-11-29,3,360.75,true,9167,381.98,Repeat customer,181+ days,5
17803,2010-11-12,2010-11-01,,1,184.66,false,,,One-time customer,No repeat purchase,0
18007,2010-11-12,2010-11-01,,1,215.22,false,,,One-time customer,No repeat purchase,0
18054,2010-11-12,2010-11-01,,1,176.5,false,,,One-time customer,No repeat purchase,0
13167,2010-11-14,2010-11-01,2011-07-19,5,1125.15,true,5928,246.97,Repeat customer,181+ days,5
14024,2010-11-14,2010-11-01,2011-08-07,3,645.74,true,6387,266.11,Repeat customer,181+ days,5
14052,2010-11-14,2010-11-01,2011-11-20,2,466.66,true,8905,371.04,Repeat customer,181+ days,5
14382,2010-11-14,2010-11-01,2011-11-13,2,1193.63,true,8736,363.99,Repeat customer,181+ days,5
14559,2010-11-14,2010-11-01,,1,75.6,false,,,One-time customer,No repeat purchase,0
14684,2010-11-14,2010-11-01,2010-12-12,6,1430.03,true,670,27.94,Repeat customer,0–30 days,1
15269,2010-11-14,2010-11-01,2010-11-24,3,1225.36,true,243,10.11,Repeat customer,0–30 days,1
15726,2010-11-14,2010-11-01,,1,321.91,false,,,One-time customer,No repeat purchase,0
16074,2010-11-14,2010-11-01,,1,252.5,false,,,One-time customer,No repeat purchase,0
16687,2010-11-14,2010-11-01,,1,157.63,false,,,One-time customer,No repeat purchase,0
17495,2010-11-14,2010-11-01,2011-11-01,3,806.72,true,8449,352.01,Repeat customer,181+ days,5
17544,2010-11-14,2010-11-01,2010-11-14,3,944.82,true,0,0.01,Repeat customer,0–30 days,1
18221,2010-11-14,2010-11-01,2011-05-12,6,1424.94,true,4295,178.94,Repeat customer,91–180 days,4
12991,2010-11-15,2010-11-01,2011-08-19,3,764.82,true,6649,277.04,Repeat customer,181+ days,5
13094,2010-11-15,2010-11-01,2010-12-06,13,2209.44,true,500,20.85,Repeat customer,0–30 days,1
13862,2010-11-15,2010-11-01,2011-01-11,9,2556.09,true,1370,57.06,Repeat customer,31–60 days,2
14526,2010-11-15,2010-11-01,,1,258.65,false,,,One-time customer,No repeat purchase,0
14784,2010-11-15,2010-11-01,2011-01-20,3,449.93,true,1584,65.98,Repeat customer,61–90 days,3
16399,2010-11-15,2010-11-01,2011-04-18,3,630.22,true,3694,153.95,Repeat customer,91–180 days,4
17106,2010-11-15,2010-11-01,,1,481.58,false,,,One-time customer,No repeat purchase,0
17170,2010-11-15,2010-11-01,2010-11-30,2,178.68,true,359,14.98,Repeat customer,0–30 days,1
17633,2010-11-15,2010-11-01,2010-11-24,7,2057.39,true,213,8.84,Repeat customer,0–30 days,1
17992,2010-11-15,2010-11-01,,1,252.88,false,,,One-time customer,No repeat purchase,0
12357,2010-11-16,2010-11-01,2010-11-16,3,18287.66,true,4,0.18,Repeat customer,0–30 days,1
12616,2010-11-16,2010-11-01,2011-02-15,3,1131.1,true,2187,91.11,Repeat customer,91–180 days,4
13158,2010-11-16,2010-11-01,2011-01-25,5,1508.18,true,1672,69.7,Repeat customer,61–90 days,3
13458,2010-11-16,2010-11-01,2010-11-25,16,11959.27,true,217,9.04,Repeat customer,0–30 days,1
13624,2010-11-16,2010-11-01,,1,462.08,false,,,One-time customer,No repeat purchase,0
13789,2010-11-16,2010-11-01,,1,239.46,false,,,One-time customer,No repeat purchase,0
14189,2010-11-16,2010-11-01,2010-12-06,16,5503.15,true,482,20.09,Repeat customer,0–30 days,1
14192,2010-11-16,2010-11-01,,1,293.74,false,,,One-time customer,No repeat purchase,0
14675,2010-11-16,2010-11-01,2011-11-23,2,1015.58,true,8928,372.02,Repeat customer,181+ days,5
15161,2010-11-16,2010-11-01,,1,119.92,false,,,One-time customer,No repeat purchase,0
15235,2010-11-16,2010-11-01,2010-11-16,16,2772.76,true,0,0.0,Repeat customer,0–30 days,1
15811,2010-11-16,2010-11-01,2010-12-09,7,3486.15,true,551,22.95,Repeat customer,0–30 days,1
15968,2010-11-16,2010-11-01,,1,404.55,false,,,One-time customer,No repeat purchase,0
16083,2010-11-16,2010-11-01,2010-11-22,4,2351.42,true,145,6.04,Repeat customer,0–30 days,1
16602,2010-11-16,2010-11-01,2011-11-03,2,763.33,true,8454,352.28,Repeat customer,181+ days,5
16829,2010-11-16,2010-11-01,2011-07-06,2,513.32,true,5560,231.69,Repeat customer,181+ days,5
17203,2010-11-16,2010-11-01,2010-11-16,10,5564.09,true,0,0.0,Repeat customer,0–30 days,1
18084,2010-11-16,2010-11-01,2010-11-21,3,795.23,true,127,5.32,Repeat customer,0–30 days,1
12847,2010-11-17,2010-11-01,2011-11-17,2,1609,true,8761,365.02,Repeat customer,181+ days,5
12890,2010-11-17,2010-11-01,2011-11-15,2,706.02,true,8715,363.14,Repeat customer,181+ days,5
13237,2010-11-17,2010-11-01,,1,643,false,,,One-time customer,No repeat purchase,0
13549,2010-11-17,2010-11-01,2011-04-11,8,1005.8,true,3481,145.06,Repeat customer,91–180 days,4
14417,2010-11-17,2010-11-01,,1,524.65,false,,,One-time customer,No repeat purchase,0
14811,2010-11-17,2010-11-01,,1,170.5,false,,,One-time customer,No repeat purchase,0
15515,2010-11-17,2010-11-01,,1,171.81,false,,,One-time customer,No repeat purchase,0
15649,2010-11-17,2010-11-01,2010-11-29,4,1660.35,true,288,12.01,Repeat customer,0–30 days,1
16006,2010-11-17,2010-11-01,2011-05-12,2,332.82,true,4225,176.05,Repeat customer,91–180 days,4
16224,2010-11-17,2010-11-01,2011-04-04,5,1616.54,true,3311,137.95,Repeat customer,91–180 days,4
16386,2010-11-17,2010-11-01,2011-03-31,3,1068.16,true,3217,134.04,Repeat customer,91–180 days,4
17418,2010-11-17,2010-11-01,2011-01-20,3,670.06,true,1534,63.91,Repeat customer,61–90 days,3
17995,2010-11-17,2010-11-01,2010-11-22,3,495.48,true,119,4.98,Repeat customer,0–30 days,1
18195,2010-11-17,2010-11-01,,1,101.16,false,,,One-time customer,No repeat purchase,0
18256,2010-11-17,2010-11-01,,1,110.7,false,,,One-time customer,No repeat purchase,0
13864,2010-11-18,2010-11-01,,1,662.4,false,,,One-time customer,No repeat purchase,0
14405,2010-11-18,2010-11-01,,1,195,false,,,One-time customer,No repeat purchase,0
14446,2010-11-18,2010-11-01,2011-04-07,5,1200.28,true,3360,140.0,Repeat customer,91–180 days,4
14614,2010-11-18,2010-11-01,,1,295.13,false,,,One-time customer,No repeat purchase,0
16250,2010-11-18,2010-11-01,2010-12-01,3,565.24,true,311,12.97,Repeat customer,0–30 days,1
16973,2010-11-18,2010-11-01,,1,127,false,,,One-time customer,No repeat purchase,0
17089,2010-11-18,2010-11-01,,1,128.45,false,,,One-time customer,No repeat purchase,0
17355,2010-11-18,2010-11-01,,1,273.31,false,,,One-time customer,No repeat purchase,0
17659,2010-11-18,2010-11-01,2010-11-19,14,3586.99,true,26,1.1,Repeat customer,0–30 days,1
17868,2010-11-18,2010-11-01,,1,227.15,false,,,One-time customer,No repeat purchase,0
18160,2010-11-18,2010-11-01,2011-05-23,3,1003.88,true,4461,185.88,Repeat customer,181+ days,5
13124,2010-11-19,2010-11-01,2010-12-15,4,4641.66,true,624,25.97,Repeat customer,0–30 days,1
14932,2010-11-19,2010-11-01,2010-12-09,2,666.13,true,482,20.11,Repeat customer,0–30 days,1
15846,2010-11-19,2010-11-01,,1,107.01,false,,,One-time customer,No repeat purchase,0
16346,2010-11-19,2010-11-01,,1,224.51,false,,,One-time customer,No repeat purchase,0
16599,2010-11-19,2010-11-01,,1,172.8,false,,,One-time customer,No repeat purchase,0
16885,2010-11-19,2010-11-01,2010-12-17,4,684.6,true,677,28.19,Repeat customer,0–30 days,1
16936,2010-11-19,2010-11-01,2011-11-14,2,548.29,true,8640,359.97,Repeat customer,181+ days,5
17269,2010-11-19,2010-11-01,,1,491.81,false,,,One-time customer,No repeat purchase,0
17386,2010-11-19,2010-11-01,2011-06-27,7,2812.77,true,5279,219.94,Repeat customer,181+ days,5
17433,2010-11-19,2010-11-01,2011-09-12,2,569.96,true,7129,297.03,Repeat customer,181+ days,5
17493,2010-11-19,2010-11-01,,1,100.91,false,,,One-time customer,No repeat purchase,0
17532,2010-11-19,2010-11-01,,1,65.34,false,,,One-time customer,No repeat purchase,0
17648,2010-11-19,2010-11-01,2011-04-04,5,2216.37,true,3258,135.74,Repeat customer,91–180 days,4
18035,2010-11-19,2010-11-01,2010-11-19,5,1260.23,true,0,0.0,Repeat customer,0–30 days,1
12728,2010-11-21,2010-11-01,2011-01-11,5,1070.17,true,1226,51.08,Repeat customer,31–60 days,2
12807,2010-11-21,2010-11-01,,1,330.35,false,,,One-time customer,No repeat purchase,0
12858,2010-11-21,2010-11-01,,1,147.27,false,,,One-time customer,No repeat purchase,0
12887,2010-11-21,2010-11-01,,1,222.4,false,,,One-time customer,No repeat purchase,0
12967,2010-11-21,2010-11-01,2010-12-03,3,2938.52,true,286,11.95,Repeat customer,0–30 days,1
13550,2010-11-21,2010-11-01,,1,342.55,false,,,One-time customer,No repeat purchase,0
15155,2010-11-21,2010-11-01,,1,383.97,false,,,One-time customer,No repeat purchase,0
15350,2010-11-21,2010-11-01,2010-12-01,2,547.6,true,238,9.93,Repeat customer,0–30 days,1
15634,2010-11-21,2010-11-01,2011-11-22,2,554.65,true,8785,366.04,Repeat customer,181+ days,5
16367,2010-11-21,2010-11-01,2010-12-12,3,1350.48,true,503,20.94,Repeat customer,0–30 days,1
16501,2010-11-21,2010-11-01,,1,1191.23,false,,,One-time customer,No repeat purchase,0
17036,2010-11-21,2010-11-01,,1,176.9,false,,,One-time customer,No repeat purchase,0
17275,2010-11-21,2010-11-01,,1,114.1,false,,,One-time customer,No repeat purchase,0
13086,2010-11-22,2010-11-01,,1,439.33,false,,,One-time customer,No repeat purchase,0
14048,2010-11-22,2010-11-01,2010-11-22,3,748.69,true,0,0.01,Repeat customer,0–30 days,1
14419,2010-11-22,2010-11-01,2010-12-10,7,1254.64,true,431,17.99,Repeat customer,0–30 days,1
15525,2010-11-22,2010-11-01,2010-12-01,4,890.22,true,217,9.05,Repeat customer,0–30 days,1
16252,2010-11-22,2010-11-01,,1,295.09,false,,,One-time customer,No repeat purchase,0
16424,2010-11-22,2010-11-01,2011-06-01,2,443.06,true,4586,191.09,Repeat customer,181+ days,5
16765,2010-11-22,2010-11-01,2011-02-18,2,454.75,true,2114,88.08,Repeat customer,61–90 days,3
16812,2010-11-22,2010-11-01,2010-11-25,4,2392,true,74,3.08,Repeat customer,0–30 days,1
17782,2010-11-22,2010-11-01,2010-11-22,2,679.02,true,1,0.05,Repeat customer,0–30 days,1
18210,2010-11-22,2010-11-01,2011-03-17,7,2768.83,true,2767,115.3,Repeat customer,91–180 days,4
12434,2010-11-23,2010-11-01,2011-03-24,3,1103.43,true,2904,120.98,Repeat customer,91–180 days,4
13181,2010-11-23,2010-11-01,,1,359.69,false,,,One-time customer,No repeat purchase,0
13651,2010-11-23,2010-11-01,2011-10-31,3,226.85,true,8211,342.1,Repeat customer,181+ days,5
13843,2010-11-23,2010-11-01,,1,319.75,false,,,One-time customer,No repeat purchase,0
14176,2010-11-23,2010-11-01,2010-12-07,5,756.46,true,334,13.93,Repeat customer,0–30 days,1
14252,2010-11-23,2010-11-01,,1,350.99,false,,,One-time customer,No repeat purchase,0
14972,2010-11-23,2010-11-01,2011-08-03,2,145.07,true,6070,252.94,Repeat customer,181+ days,5
15864,2010-11-23,2010-11-01,2011-01-27,7,2180.76,true,1561,65.07,Repeat customer,61–90 days,3
15951,2010-11-23,2010-11-01,2011-02-27,3,1013.17,true,2297,95.73,Repeat customer,91–180 days,4
15986,2010-11-23,2010-11-01,2011-11-09,2,354.42,true,8429,351.22,Repeat customer,181+ days,5
16001,2010-11-23,2010-11-01,,1,583.39,false,,,One-time customer,No repeat purchase,0
16357,2010-11-23,2010-11-01,2011-05-10,4,868.37,true,4024,167.65,Repeat customer,91–180 days,4
16821,2010-11-23,2010-11-01,,1,113.35,false,,,One-time customer,No repeat purchase,0
17237,2010-11-23,2010-11-01,2010-11-29,4,994.13,true,144,6.0,Repeat customer,0–30 days,1
17458,2010-11-23,2010-11-01,2011-11-24,2,529.58,true,8786,366.05,Repeat customer,181+ days,5
17570,2010-11-23,2010-11-01,,1,100,false,,,One-time customer,No repeat purchase,0
17598,2010-11-23,2010-11-01,,1,409.98,false,,,One-time customer,No repeat purchase,0
17766,2010-11-23,2010-11-01,2010-11-23,2,299.61,true,0,0.01,Repeat customer,0–30 days,1
17870,2010-11-23,2010-11-01,2010-12-08,13,2753.29,true,357,14.86,Repeat customer,0–30 days,1
17872,2010-11-23,2010-11-01,,1,235.87,false,,,One-time customer,No repeat purchase,0
18047,2010-11-23,2010-11-01,2010-11-23,2,326.09,true,1,0.01,Repeat customer,0–30 days,1
18118,2010-11-23,2010-11-01,2010-11-26,29,6221.02,true,70,2.92,Repeat customer,0–30 days,1
14458,2010-11-24,2010-11-01,,1,228.07,false,,,One-time customer,No repeat purchase,0
15509,2010-11-24,2010-11-01,,1,152.41,false,,,One-time customer,No repeat purchase,0
15902,2010-11-24,2010-11-01,,1,145.01,false,,,One-time customer,No repeat purchase,0
17601,2010-11-24,2010-11-01,2011-04-14,2,413.08,true,3388,141.15,Repeat customer,91–180 days,4
17744,2010-11-24,2010-11-01,2010-12-16,7,2649.14,true,533,22.2,Repeat customer,0–30 days,1
18076,2010-11-24,2010-11-01,,1,151.49,false,,,One-time customer,No repeat purchase,0
12385,2010-11-25,2010-11-01,,1,1938.4,false,,,One-time customer,No repeat purchase,0
12961,2010-11-25,2010-11-01,,1,211.99,false,,,One-time customer,No repeat purchase,0
13626,2010-11-25,2010-11-01,2011-04-01,2,707.04,true,3042,126.75,Repeat customer,91–180 days,4
14443,2010-11-25,2010-11-01,2010-12-06,5,2082.97,true,261,10.86,Repeat customer,0–30 days,1
14487,2010-11-25,2010-11-01,2010-12-06,7,1266.27,true,264,10.99,Repeat customer,0–30 days,1
14627,2010-11-25,2010-11-01,,1,462.75,false,,,One-time customer,No repeat purchase,0
14721,2010-11-25,2010-11-01,,1,109.07,false,,,One-time customer,No repeat purchase,0
15020,2010-11-25,2010-11-01,,1,198.47,false,,,One-time customer,No repeat purchase,0
15495,2010-11-25,2010-11-01,,1,246.5,false,,,One-time customer,No repeat purchase,0
15961,2010-11-25,2010-11-01,,1,451.29,false,,,One-time customer,No repeat purchase,0
15987,2010-11-25,2010-11-01,2010-12-06,8,1535.99,true,260,10.82,Repeat customer,0–30 days,1
16874,2010-11-25,2010-11-01,,1,209.89,false,,,One-time customer,No repeat purchase,0
16988,2010-11-25,2010-11-01,2011-12-04,2,382.67,true,8983,374.28,Repeat customer,181+ days,5
17556,2010-11-25,2010-11-01,2011-05-18,2,300.67,true,4169,173.74,Repeat customer,91–180 days,4
17882,2010-11-25,2010-11-01,2010-11-25,2,291.56,true,0,0.0,Repeat customer,0–30 days,1
17989,2010-11-25,2010-11-01,,1,207.33,false,,,One-time customer,No repeat purchase,0
18161,2010-11-25,2010-11-01,2011-01-24,6,1803.1,true,1436,59.83,Repeat customer,31–60 days,2
12538,2010-11-26,2010-11-01,2011-11-10,2,640.45,true,8380,349.18,Repeat customer,181+ days,5
15914,2010-11-26,2010-11-01,2010-11-26,2,205.99,true,0,0.0,Repeat customer,0–30 days,1
16262,2010-11-26,2010-11-01,,1,755.15,false,,,One-time customer,No repeat purchase,0
17283,2010-11-26,2010-11-01,,1,188.46,false,,,One-time customer,No repeat purchase,0
17516,2010-11-26,2010-11-01,2011-02-27,6,947.5,true,2232,92.99,Repeat customer,91–180 days,4
17999,2010-11-26,2010-11-01,2010-12-08,3,528.46,true,290,12.08,Repeat customer,0–30 days,1
18031,2010-11-26,2010-11-01,,1,451.3,false,,,One-time customer,No repeat purchase,0
13254,2010-11-28,2010-11-01,,1,51.41,false,,,One-time customer,No repeat purchase,0
15037,2010-11-28,2010-11-01,2010-11-28,2,397.76,true,1,0.04,Repeat customer,0–30 days,1
15212,2010-11-28,2010-11-01,2011-04-12,2,208.28,true,3243,135.13,Repeat customer,91–180 days,4
15583,2010-11-28,2010-11-01,,1,95.96,false,,,One-time customer,No repeat purchase,0
16893,2010-11-28,2010-11-01,2010-12-08,2,249.89,true,237,9.87,Repeat customer,0–30 days,1
17607,2010-11-28,2010-11-01,,1,333.81,false,,,One-time customer,No repeat purchase,0
18003,2010-11-28,2010-11-01,,1,353.51,false,,,One-time customer,No repeat purchase,0
12351,2010-11-29,2010-11-01,,1,300.93,false,,,One-time customer,No repeat purchase,0
12767,2010-11-29,2010-11-01,,1,949.82,false,,,One-time customer,No repeat purchase,0
12996,2010-11-29,2010-11-01,,1,355.5,false,,,One-time customer,No repeat purchase,0
13955,2010-11-29,2010-11-01,2011-02-07,3,544.07,true,1675,69.78,Repeat customer,61–90 days,3
15404,2010-11-29,2010-11-01,,1,257.06,false,,,One-time customer,No repeat purchase,0
15540,2010-11-29,2010-11-01,2011-11-28,2,460.68,true,8738,364.11,Repeat customer,181+ days,5
15828,2010-11-29,2010-11-01,,1,1108.82,false,,,One-time customer,No repeat purchase,0
16194,2010-11-29,2010-11-01,,1,308.6,false,,,One-time customer,No repeat purchase,0
16355,2010-11-29,2010-11-01,,1,416.35,false,,,One-time customer,No repeat purchase,0
16413,2010-11-29,2010-11-01,2011-10-14,2,522.03,true,7656,318.97,Repeat customer,181+ days,5
16545,2010-11-29,2010-11-01,2011-06-28,2,689.82,true,5064,211.0,Repeat customer,181+ days,5
17223,2010-11-29,2010-11-01,2010-12-06,3,558.04,true,165,6.87,Repeat customer,0–30 days,1
17468,2010-11-29,2010-11-01,2011-11-25,3,194.8,true,8659,360.81,Repeat customer,181+ days,5
17671,2010-11-29,2010-11-01,2010-12-09,5,2009.16,true,243,10.11,Repeat customer,0–30 days,1
17722,2010-11-29,2010-11-01,2010-12-08,5,3520.22,true,219,9.12,Repeat customer,0–30 days,1
17723,2010-11-29,2010-11-01,2011-05-09,7,3378.4,true,3868,161.17,Repeat customer,91–180 days,4
17912,2010-11-29,2010-11-01,2010-12-10,6,374.55,true,262,10.89,Repeat customer,0–30 days,1
18034,2010-11-29,2010-11-01,2011-11-18,3,754.2,true,8496,353.98,Repeat customer,181+ days,5
14414,2010-11-30,2010-11-01,2010-12-16,8,2399.33,true,385,16.04,Repeat customer,0–30 days,1
15939,2010-11-30,2010-11-01,2011-01-12,16,9060.39,true,1032,43.02,Repeat customer,31–60 days,2
16473,2010-11-30,2010-11-01,2011-01-07,4,470.83,true,906,37.77,Repeat customer,31–60 days,2
17378,2010-11-30,2010-11-01,,1,10.95,false,,,One-time customer,No repeat purchase,0
17820,2010-11-30,2010-11-01,,1,180.61,false,,,One-time customer,No repeat purchase,0
17826,2010-11-30,2010-11-01,,1,133.34,false,,,One-time customer,No repeat purchase,0
12947,2010-12-01,2010-12-01,2011-01-07,6,1603.99,true,881,36.72,Repeat customer,31–60 days,2
14594,2010-12-01,2010-12-01,2011-12-02,2,363.33,true,8784,365.98,Repeat customer,181+ days,5
15165,2010-12-01,2010-12-01,,1,487.75,false,,,One-time customer,No repeat purchase,0
15922,2010-12-01,2010-12-01,,1,369.5,false,,,One-time customer,No repeat purchase,0
16274,2010-12-01,2010-12-01,,1,351.75,false,,,One-time customer,No repeat purchase,0
16552,2010-12-01,2010-12-01,2011-04-11,2,379.73,true,3142,130.89,Repeat customer,91–180 days,4
12738,2010-12-02,2010-12-01,,1,155.35,false,,,One-time customer,No repeat purchase,0
13011,2010-12-02,2010-12-01,,1,50.55,false,,,One-time customer,No repeat purchase,0
14491,2010-12-02,2010-12-01,2011-06-17,2,340.93,true,4731,197.13,Repeat customer,181+ days,5
14576,2010-12-02,2010-12-01,,1,35.4,false,,,One-time customer,No repeat purchase,0
14775,2010-12-02,2010-12-01,2011-07-25,3,1011.9,true,5636,234.82,Repeat customer,181+ days,5
15923,2010-12-02,2010-12-01,,1,127.08,false,,,One-time customer,No repeat purchase,0
16244,2010-12-02,2010-12-01,2011-05-12,2,1522.75,true,3863,160.94,Repeat customer,91–180 days,4
16752,2010-12-02,2010-12-01,,1,207.5,false,,,One-time customer,No repeat purchase,0
17855,2010-12-02,2010-12-01,,1,208.97,false,,,One-time customer,No repeat purchase,0
17925,2010-12-02,2010-12-01,,1,244.08,false,,,One-time customer,No repeat purchase,0
17964,2010-12-02,2010-12-01,2011-11-08,2,463.21,true,8181,340.88,Repeat customer,181+ days,5
17976,2010-12-02,2010-12-01,,1,321.79,false,,,One-time customer,No repeat purchase,0
12427,2010-12-03,2010-12-01,2011-10-10,3,825.8,true,7469,311.19,Repeat customer,181+ days,5
12686,2010-12-03,2010-12-01,,1,89.14,false,,,One-time customer,No repeat purchase,0
13370,2010-12-03,2010-12-01,,1,754.87,false,,,One-time customer,No repeat purchase,0
14589,2010-12-03,2010-12-01,,1,39.75,false,,,One-time customer,No repeat purchase,0
15545,2010-12-03,2010-12-01,2011-10-16,2,288.97,true,7604,316.83,Repeat customer,181+ days,5
17198,2010-12-03,2010-12-01,2010-12-09,3,692.22,true,143,5.94,Repeat customer,0–30 days,1
17787,2010-12-03,2010-12-01,2011-01-20,4,1817.54,true,1151,47.94,Repeat customer,31–60 days,2
12763,2010-12-05,2010-12-01,2011-07-24,2,494.08,true,5543,230.93,Repeat customer,181+ days,5
15880,2010-12-05,2010-12-01,,1,329.03,false,,,One-time customer,No repeat purchase,0
15894,2010-12-05,2010-12-01,2011-03-31,2,258.25,true,2783,115.99,Repeat customer,91–180 days,4
16402,2010-12-05,2010-12-01,2011-03-20,2,293.45,true,2519,104.95,Repeat customer,91–180 days,4
18156,2010-12-05,2010-12-01,2011-11-27,2,675.64,true,8568,357.0,Repeat customer,181+ days,5
13030,2010-12-06,2010-12-01,2011-11-28,2,752.44,true,8568,357.0,Repeat customer,181+ days,5
15048,2010-12-06,2010-12-01,2011-05-03,4,381,true,3551,147.98,Repeat customer,91–180 days,4
15899,2010-12-06,2010-12-01,,1,56.25,false,,,One-time customer,No repeat purchase,0
15919,2010-12-06,2010-12-01,2011-11-20,2,525.69,true,8376,349.0,Repeat customer,181+ days,5
17674,2010-12-06,2010-12-01,2011-09-26,2,551.04,true,7059,294.14,Repeat customer,181+ days,5
18113,2010-12-06,2010-12-01,,1,76.32,false,,,One-time customer,No repeat purchase,0
15018,2010-12-07,2010-12-01,2011-04-01,3,496.21,true,2759,114.96,Repeat customer,91–180 days,4
18119,2010-12-07,2010-12-01,,1,180.7,false,,,One-time customer,No repeat purchase,0
12386,2010-12-08,2010-12-01,2011-01-06,2,401.9,true,699,29.11,Repeat customer,0–30 days,1
12441,2010-12-08,2010-12-01,,1,173.55,false,,,One-time customer,No repeat purchase,0
13270,2010-12-08,2010-12-01,,1,590,false,,,One-time customer,No repeat purchase,0
18043,2010-12-08,2010-12-01,2011-05-17,3,529.29,true,3840,160.0,Repeat customer,91–180 days,4
18269,2010-12-08,2010-12-01,,1,168.6,false,,,One-time customer,No repeat purchase,0
12942,2010-12-09,2010-12-01,2011-05-26,3,675.6,true,4034,168.07,Repeat customer,91–180 days,4
13369,2010-12-09,2010-12-01,,1,308.28,false,,,One-time customer,No repeat purchase,0
15211,2010-12-09,2010-12-01,2011-10-10,2,894.41,true,7317,304.89,Repeat customer,181+ days,5
14448,2010-12-10,2010-12-01,2011-11-30,2,375.35,true,8516,354.85,Repeat customer,181+ days,5
15881,2010-12-10,2010-12-01,2010-12-13,5,501.39,true,69,2.88,Repeat customer,0–30 days,1
12753,2010-12-12,2010-12-01,2011-02-09,6,21429.39,true,1416,58.98,Repeat customer,31–60 days,2
16665,2010-12-12,2010-12-01,,1,135.4,false,,,One-time customer,No repeat purchase,0
17917,2010-12-12,2010-12-01,2011-03-28,3,335.03,true,2548,106.19,Repeat customer,91–180 days,4
17937,2010-12-12,2010-12-01,2010-12-13,7,4301.22,true,24,1.01,Repeat customer,0–30 days,1
18004,2010-12-12,2010-12-01,,1,157.92,false,,,One-time customer,No repeat purchase,0
16927,2010-12-13,2010-12-01,2011-03-08,3,543.05,true,2042,85.06,Repeat customer,61–90 days,3
17303,2010-12-13,2010-12-01,,1,250.04,false,,,One-time customer,No repeat purchase,0
17890,2010-12-13,2010-12-01,2011-01-21,2,586.89,true,932,38.84,Repeat customer,31–60 days,2
13221,2010-12-15,2010-12-01,2011-04-13,2,847.41,true,2859,119.15,Repeat customer,91–180 days,4
13496,2010-12-15,2010-12-01,2011-11-29,2,653.33,true,8376,349.03,Repeat customer,181+ days,5
14150,2010-12-15,2010-12-01,2011-11-04,2,658.64,true,7776,324.0,Repeat customer,181+ days,5
17214,2010-12-15,2010-12-01,2011-02-03,6,1059.12,true,1199,49.98,Repeat customer,31–60 days,2
17551,2010-12-15,2010-12-01,,1,290.34,false,,,One-time customer,No repeat purchase,0
17752,2010-12-15,2010-12-01,,1,80.64,false,,,One-time customer,No repeat purchase,0
14373,2010-12-16,2010-12-01,,1,76.55,false,,,One-time customer,No repeat purchase,0
14985,2010-12-16,2010-12-01,2011-05-25,2,292.01,true,3835,159.78,Repeat customer,91–180 days,4
16816,2010-12-16,2010-12-01,2011-01-30,4,417.06,true,1078,44.94,Repeat customer,31–60 days,2
18176,2010-12-16,2010-12-01,,1,476.35,false,,,One-time customer,No repeat purchase,0
12551,2010-12-17,2010-12-01,,1,168,false,,,One-time customer,No repeat purchase,0
15204,2010-12-17,2010-12-01,,1,316.58,false,,,One-time customer,No repeat purchase,0
15780,2010-12-17,2010-12-01,2011-04-11,3,475.28,true,2758,114.9,Repeat customer,91–180 days,4
12944,2010-12-20,2010-12-01,2011-11-04,2,604.51,true,7657,319.02,Repeat customer,181+ days,5
15460,2010-12-20,2010-12-01,,1,214.26,false,,,One-time customer,No repeat purchase,0
12515,2010-12-21,2010-12-01,,1,383.7,false,,,One-time customer,No repeat purchase,0
16270,2010-12-21,2010-12-01,,1,1141.24,false,,,One-time customer,No repeat purchase,0
12383,2010-12-22,2010-12-01,2011-01-12,5,1850.56,true,504,20.99,Repeat customer,0–30 days,1
12585,2010-12-23,2010-12-01,2011-04-19,2,2040.1,true,2809,117.03,Repeat customer,91–180 days,4
13817,2010-12-23,2010-12-01,2011-11-10,2,382.98,true,7734,322.25,Repeat customer,181+ days,5
15464,2011-01-05,2011-01-01,,1,1044.65,false,,,One-time customer,No repeat purchase,0
16112,2011-01-05,2011-01-01,2011-01-10,4,195.74,true,125,5.2,Repeat customer,0–30 days,1
12735,2011-01-06,2011-01-01,2011-01-28,2,779.57,true,527,21.97,Repeat customer,0–30 days,1
17634,2011-01-06,2011-01-01,2011-03-07,9,2358.59,true,1441,60.02,Repeat customer,61–90 days,3
12489,2011-01-07,2011-01-01,,1,334.93,false,,,One-time customer,No repeat purchase,0
12501,2011-01-07,2011-01-01,,1,2169.39,false,,,One-time customer,No repeat purchase,0
14889,2011-01-07,2011-01-01,,1,135.9,false,,,One-time customer,No repeat purchase,0
15139,2011-01-07,2011-01-01,2011-04-14,2,178.96,true,2327,96.95,Repeat customer,91–180 days,4
16567,2011-01-07,2011-01-01,2011-05-29,2,865.6,true,3412,142.18,Repeat customer,91–180 days,4
18198,2011-01-07,2011-01-01,2011-02-02,17,5425.56,true,621,25.85,Repeat customer,0–30 days,1
17114,2011-01-09,2011-01-01,2011-02-15,8,801.12,true,890,37.09,Repeat customer,31–60 days,2
17128,2011-01-09,2011-01-01,,1,157.09,false,,,One-time customer,No repeat purchase,0
17800,2011-01-09,2011-01-01,2011-03-11,9,1187.21,true,1465,61.01,Repeat customer,61–90 days,3
18032,2011-01-09,2011-01-01,,1,73.5,false,,,One-time customer,No repeat purchase,0
16850,2011-01-10,2011-01-01,,1,332.41,false,,,One-time customer,No repeat purchase,0
12736,2011-01-11,2011-01-01,,1,234,false,,,One-time customer,No repeat purchase,0
15749,2011-01-11,2011-01-01,2011-01-11,3,44534.3,true,0,0.0,Repeat customer,0–30 days,1
17569,2011-01-11,2011-01-01,,1,344.14,false,,,One-time customer,No repeat purchase,0
14185,2011-01-12,2011-01-01,,1,197.65,false,,,One-time customer,No repeat purchase,0
14270,2011-01-12,2011-01-01,,1,492.65,false,,,One-time customer,No repeat purchase,0
14587,2011-01-12,2011-01-01,2011-02-01,9,1580.29,true,479,19.98,Repeat customer,0–30 days,1
15171,2011-01-12,2011-01-01,,1,1289.5,false,,,One-time customer,No repeat purchase,0
13284,2011-01-13,2011-01-01,,1,201.19,false,,,One-time customer,No repeat purchase,0
15510,2011-01-13,2011-01-01,,1,250,false,,,One-time customer,No repeat purchase,0
15687,2011-01-13,2011-01-01,2011-02-01,9,2993.1,true,454,18.92,Repeat customer,0–30 days,1
15835,2011-01-13,2011-01-01,2011-03-24,4,954.09,true,1683,70.14,Repeat customer,61–90 days,3
13385,2011-01-14,2011-01-01,,1,534.57,false,,,One-time customer,No repeat purchase,0
15033,2011-01-14,2011-01-01,2011-03-28,10,2557.18,true,1751,72.95,Repeat customer,61–90 days,3
15213,2011-01-14,2011-01-01,2011-01-25,2,328.35,true,265,11.05,Repeat customer,0–30 days,1
17064,2011-01-16,2011-01-01,2011-06-10,3,855.45,true,3474,144.76,Repeat customer,91–180 days,4
12626,2011-01-17,2011-01-01,2011-01-27,9,6620.48,true,242,10.11,Repeat customer,0–30 days,1
14976,2011-01-17,2011-01-01,2011-03-10,7,790.86,true,1249,52.06,Repeat customer,31–60 days,2
15316,2011-01-17,2011-01-01,,1,165,false,,,One-time customer,No repeat purchase,0
14242,2011-01-18,2011-01-01,2011-04-19,2,280.55,true,2187,91.12,Repeat customer,91–180 days,4
14428,2011-01-18,2011-01-01,2011-04-14,5,1224.06,true,2057,85.71,Repeat customer,61–90 days,3
15395,2011-01-18,2011-01-01,,1,107.45,false,,,One-time customer,No repeat purchase,0
16997,2011-01-18,2011-01-01,2011-02-03,3,702,true,388,16.14,Repeat customer,0–30 days,1
18233,2011-01-18,2011-01-01,,1,440,false,,,One-time customer,No repeat purchase,0
14090,2011-01-19,2011-01-01,,1,76.32,false,,,One-time customer,No repeat purchase,0
15831,2011-01-19,2011-01-01,2011-08-07,3,794.64,true,4799,199.96,Repeat customer,181+ days,5
14779,2011-01-20,2011-01-01,2011-01-21,3,386.15,true,24,1.02,Repeat customer,0–30 days,1
16618,2011-01-21,2011-01-01,2011-03-25,5,2647.59,true,1516,63.14,Repeat customer,61–90 days,3
17277,2011-01-21,2011-01-01,2011-04-26,2,1065.35,true,2280,95.01,Repeat customer,91–180 days,4
13742,2011-01-23,2011-01-01,2011-02-13,12,3107.87,true,502,20.88,Repeat customer,0–30 days,1
12559,2011-01-24,2011-01-01,2011-02-02,2,561.71,true,215,8.98,Repeat customer,0–30 days,1
13068,2011-01-24,2011-01-01,2011-11-29,2,344,true,7423,309.28,Repeat customer,181+ days,5
13396,2011-01-24,2011-01-01,2011-11-10,2,1360.99,true,6963,290.14,Repeat customer,181+ days,5
14368,2011-01-24,2011-01-01,,1,155,false,,,One-time customer,No repeat purchase,0
14501,2011-01-24,2011-01-01,2011-06-09,2,251.21,true,3266,136.05,Repeat customer,91–180 days,4
14782,2011-01-24,2011-01-01,,1,200.1,false,,,One-time customer,No repeat purchase,0
15052,2011-01-24,2011-01-01,,1,207.73,false,,,One-time customer,No repeat purchase,0
15820,2011-01-24,2011-01-01,,1,206.98,false,,,One-time customer,No repeat purchase,0
16730,2011-01-24,2011-01-01,2011-04-19,3,743.11,true,2038,84.94,Repeat customer,61–90 days,3
13098,2011-01-26,2011-01-01,2011-02-08,28,28882.44,true,310,12.91,Repeat customer,0–30 days,1
13837,2011-01-26,2011-01-01,2011-05-12,2,266.59,true,2544,106.0,Repeat customer,91–180 days,4
16882,2011-01-26,2011-01-01,2011-04-14,3,705.12,true,1869,77.87,Repeat customer,61–90 days,3
17118,2011-01-26,2011-01-01,,1,157.02,false,,,One-time customer,No repeat purchase,0
17786,2011-01-26,2011-01-01,2011-09-15,2,266.85,true,5566,231.93,Repeat customer,181+ days,5
12764,2011-01-27,2011-01-01,,1,1693.88,false,,,One-time customer,No repeat purchase,0
13328,2011-01-27,2011-01-01,,1,1308.48,false,,,One-time customer,No repeat purchase,0
16949,2011-01-27,2011-01-01,2011-03-30,6,1286.27,true,1488,62.01,Repeat customer,61–90 days,3
18125,2011-01-27,2011-01-01,2011-02-17,4,1131.75,true,502,20.95,Repeat customer,0–30 days,1
12574,2011-01-28,2011-01-01,,1,218.45,false,,,One-time customer,No repeat purchase,0
14659,2011-01-28,2011-01-01,2011-02-15,9,2529.93,true,432,17.97,Repeat customer,0–30 days,1
14502,2011-01-30,2011-01-01,2011-02-20,11,2429.83,true,504,21.0,Repeat customer,0–30 days,1
15415,2011-01-30,2011-01-01,,1,559.61,false,,,One-time customer,No repeat purchase,0
16897,2011-01-30,2011-01-01,2011-02-13,2,289.78,true,340,14.13,Repeat customer,0–30 days,1
17431,2011-01-30,2011-01-01,,1,403.3,false,,,One-time customer,No repeat purchase,0
12528,2011-01-31,2011-01-01,2011-03-08,6,1933.48,true,866,36.11,Repeat customer,31–60 days,2
16403,2011-01-31,2011-01-01,,1,177.5,false,,,One-time customer,No repeat purchase,0
17619,2011-01-31,2011-01-01,,1,214.37,false,,,One-time customer,No repeat purchase,0
12929,2011-02-01,2011-02-01,,1,117.85,false,,,One-time customer,No repeat purchase,0
13494,2011-02-01,2011-02-01,,1,316.26,false,,,One-time customer,No repeat purchase,0
13606,2011-02-01,2011-02-01,2011-04-10,3,276.75,true,1633,68.05,Repeat customer,61–90 days,3
15940,2011-02-01,2011-02-01,,1,35.8,false,,,One-time customer,No repeat purchase,0
16745,2011-02-01,2011-02-01,2011-02-06,17,7180.7,true,123,5.13,Repeat customer,0–30 days,1
18202,2011-02-01,2011-02-01,2011-05-24,3,1396.99,true,2687,111.94,Repeat customer,91–180 days,4
12350,2011-02-02,2011-02-01,,1,334.4,false,,,One-time customer,No repeat purchase,0
13894,2011-02-02,2011-02-01,2011-11-16,3,564.62,true,6885,286.87,Repeat customer,181+ days,5
14188,2011-02-02,2011-02-01,2011-05-09,6,2054.36,true,2301,95.85,Repeat customer,91–180 days,4
14411,2011-02-02,2011-02-01,,1,1063,false,,,One-time customer,No repeat purchase,0
14457,2011-02-02,2011-02-01,,1,113.64,false,,,One-time customer,No repeat purchase,0
15226,2011-02-02,2011-02-01,,1,154.41,false,,,One-time customer,No repeat purchase,0
15589,2011-02-02,2011-02-01,2011-03-29,3,478.53,true,1319,54.96,Repeat customer,31–60 days,2
16378,2011-02-02,2011-02-01,2011-02-16,3,362.95,true,334,13.91,Repeat customer,0–30 days,1
16405,2011-02-02,2011-02-01,2011-02-10,2,167.25,true,190,7.93,Repeat customer,0–30 days,1
17337,2011-02-02,2011-02-01,2011-04-03,4,1981.06,true,1438,59.92,Repeat customer,31–60 days,2
17446,2011-02-02,2011-02-01,2011-06-16,2,120.9,true,3212,133.83,Repeat customer,91–180 days,4
18250,2011-02-02,2011-02-01,,1,349.27,false,,,One-time customer,No repeat purchase,0
12464,2011-02-03,2011-02-01,2011-02-28,8,1212.05,true,599,24.94,Repeat customer,0–30 days,1
12502,2011-02-03,2011-02-01,2011-03-16,5,3723.87,true,987,41.12,Repeat customer,31–60 days,2
16030,2011-02-03,2011-02-01,,1,331.24,false,,,One-time customer,No repeat purchase,0
16333,2011-02-03,2011-02-01,2011-02-14,22,26626.8,true,265,11.02,Repeat customer,0–30 days,1
17507,2011-02-03,2011-02-01,2011-03-23,2,605.58,true,1145,47.74,Repeat customer,31–60 days,2
12754,2011-02-04,2011-02-01,2011-03-07,3,3010.74,true,747,31.13,Repeat customer,31–60 days,2
13725,2011-02-04,2011-02-01,2011-02-07,8,1980.56,true,75,3.12,Repeat customer,0–30 days,1
14778,2011-02-04,2011-02-01,2011-08-04,2,730.86,true,4348,181.15,Repeat customer,181+ days,5
14842,2011-02-04,2011-02-01,2011-06-01,4,2824.69,true,2801,116.71,Repeat customer,91–180 days,4
15090,2011-02-04,2011-02-01,,1,381.32,false,,,One-time customer,No repeat purchase,0
17291,2011-02-04,2011-02-01,,1,550.8,false,,,One-time customer,No repeat purchase,0
17517,2011-02-04,2011-02-01,,1,153.94,false,,,One-time customer,No repeat purchase,0
14438,2011-02-06,2011-02-01,,1,131.9,false,,,One-time customer,No repeat purchase,0
17105,2011-02-06,2011-02-01,2011-07-03,2,665.78,true,3529,147.05,Repeat customer,91–180 days,4
15407,2011-02-07,2011-02-01,2011-05-01,4,1046.74,true,1993,83.07,Repeat customer,61–90 days,3
15781,2011-02-07,2011-02-01,2011-07-25,3,345.46,true,4035,168.13,Repeat customer,91–180 days,4
17162,2011-02-07,2011-02-01,2011-03-07,10,1715.46,true,674,28.1,Repeat customer,0–30 days,1
17302,2011-02-07,2011-02-01,2011-05-15,5,1135.63,true,2329,97.05,Repeat customer,91–180 days,4
17613,2011-02-07,2011-02-01,2011-02-24,14,4544.55,true,407,16.96,Repeat customer,0–30 days,1
15753,2011-02-08,2011-02-01,,1,79.2,false,,,One-time customer,No repeat purchase,0
16951,2011-02-08,2011-02-01,2011-07-26,3,1277.75,true,4029,167.86,Repeat customer,91–180 days,4
17859,2011-02-08,2011-02-01,,1,141.92,false,,,One-time customer,No repeat purchase,0
17881,2011-02-08,2011-02-01,,1,133.35,false,,,One-time customer,No repeat purchase,0
12401,2011-02-09,2011-02-01,,1,84.3,false,,,One-time customer,No repeat purchase,0
12462,2011-02-09,2011-02-01,2011-11-21,2,1189.59,true,6835,284.77,Repeat customer,181+ days,5
15843,2011-02-09,2011-02-01,,1,118.95,false,,,One-time customer,No repeat purchase,0
17537,2011-02-09,2011-02-01,2011-11-10,2,887.67,true,6573,273.89,Repeat customer,181+ days,5
12561,2011-02-10,2011-02-01,,1,238.85,false,,,One-time customer,No repeat purchase,0
16425,2011-02-10,2011-02-01,,1,302.7,false,,,One-time customer,No repeat purchase,0
16842,2011-02-10,2011-02-01,2011-07-07,3,1264.19,true,3531,147.11,Repeat customer,91–180 days,4
18159,2011-02-11,2011-02-01,,1,530.15,false,,,One-time customer,No repeat purchase,0
13171,2011-02-13,2011-02-01,2011-10-21,3,468.41,true,6002,250.08,Repeat customer,181+ days,5
16084,2011-02-13,2011-02-01,,1,436.18,false,,,One-time customer,No repeat purchase,0
13475,2011-02-14,2011-02-01,2011-03-23,4,1431.78,true,885,36.88,Repeat customer,31–60 days,2
15236,2011-02-14,2011-02-01,,1,321.05,false,,,One-time customer,No repeat purchase,0
13893,2011-02-15,2011-02-01,,1,821.1,false,,,One-time customer,No repeat purchase,0
14760,2011-02-15,2011-02-01,,1,89.2,false,,,One-time customer,No repeat purchase,0
16073,2011-02-15,2011-02-01,,1,122.4,false,,,One-time customer,No repeat purchase,0
16431,2011-02-15,2011-02-01,2011-02-15,3,623.28,true,0,0.0,Repeat customer,0–30 days,1
16738,2011-02-15,2011-02-01,,1,3.75,false,,,One-time customer,No repeat purchase,0
12372,2011-02-16,2011-02-01,2011-05-11,3,1298.04,true,2014,83.91,Repeat customer,61–90 days,3
14386,2011-02-16,2011-02-01,,1,142.4,false,,,One-time customer,No repeat purchase,0
14959,2011-02-16,2011-02-01,2011-05-08,4,695.42,true,1942,80.94,Repeat customer,61–90 days,3
16494,2011-02-16,2011-02-01,,1,826.53,false,,,One-time customer,No repeat purchase,0
16509,2011-02-16,2011-02-01,,1,363.7,false,,,One-time customer,No repeat purchase,0
17175,2011-02-16,2011-02-01,2011-06-12,4,1443.69,true,2782,115.88,Repeat customer,91–180 days,4
12654,2011-02-17,2011-02-01,2011-05-26,5,601.98,true,2349,97.89,Repeat customer,91–180 days,4
13718,2011-02-17,2011-02-01,2011-04-07,2,306.55,true,1178,49.06,Repeat customer,31–60 days,2
14371,2011-02-17,2011-02-01,,1,100.5,false,,,One-time customer,No repeat purchase,0
18138,2011-02-17,2011-02-01,,1,152.65,false,,,One-time customer,No repeat purchase,0
12852,2011-02-18,2011-02-01,,1,311.55,false,,,One-time customer,No repeat purchase,0
13489,2011-02-18,2011-02-01,2011-02-23,4,449.52,true,123,5.13,Repeat customer,0–30 days,1
13904,2011-02-18,2011-02-01,2011-11-02,2,332.64,true,6170,257.1,Repeat customer,181+ days,5
13932,2011-02-18,2011-02-01,,1,307.4,false,,,One-time customer,No repeat purchase,0
13951,2011-02-18,2011-02-01,2011-04-17,3,674.45,true,1390,57.92,Repeat customer,31–60 days,2
12988,2011-02-20,2011-02-01,,1,505.82,false,,,One-time customer,No repeat purchase,0
13301,2011-02-20,2011-02-01,2011-05-01,4,618.09,true,1678,69.95,Repeat customer,61–90 days,3
13744,2011-02-20,2011-02-01,2011-09-05,2,1080.52,true,4729,197.05,Repeat customer,181+ days,5
14162,2011-02-20,2011-02-01,2011-06-19,2,289.36,true,2855,118.96,Repeat customer,91–180 days,4
14803,2011-02-20,2011-02-01,2011-03-09,3,845.55,true,407,16.95,Repeat customer,0–30 days,1
16566,2011-02-20,2011-02-01,2011-05-31,5,614.66,true,2398,99.92,Repeat customer,91–180 days,4
12365,2011-02-21,2011-02-01,2011-02-21,2,641.38,true,1,0.01,Repeat customer,0–30 days,1
12707,2011-02-21,2011-02-01,,1,603.42,false,,,One-time customer,No repeat purchase,0
15146,2011-02-21,2011-02-01,2011-06-28,2,1327.16,true,3047,126.96,Repeat customer,91–180 days,4
18155,2011-02-21,2011-02-01,2011-06-22,3,371.62,true,2905,121.06,Repeat customer,91–180 days,4
12845,2011-02-22,2011-02-01,2011-03-14,4,354.09,true,476,19.86,Repeat customer,0–30 days,1
13038,2011-02-22,2011-02-01,2011-06-09,3,908.46,true,2567,106.95,Repeat customer,91–180 days,4
13184,2011-02-22,2011-02-01,2011-04-01,10,1668.95,true,907,37.79,Repeat customer,31–60 days,2
14520,2011-02-22,2011-02-01,2011-12-08,2,270.6,true,6936,289.02,Repeat customer,181+ days,5
16349,2011-02-22,2011-02-01,,1,53.5,false,,,One-time customer,No repeat purchase,0
16573,2011-02-22,2011-02-01,2011-09-16,2,663.61,true,4938,205.75,Repeat customer,181+ days,5
18114,2011-02-22,2011-02-01,,1,220.1,false,,,One-time customer,No repeat purchase,0
13149,2011-02-23,2011-02-01,2011-07-13,4,1676.06,true,3360,139.97,Repeat customer,91–180 days,4
13865,2011-02-23,2011-02-01,2011-06-06,4,501.56,true,2468,102.83,Repeat customer,91–180 days,4
14289,2011-02-23,2011-02-01,2011-04-12,6,911.26,true,1155,48.11,Repeat customer,31–60 days,2
15397,2011-02-23,2011-02-01,,1,94,false,,,One-time customer,No repeat purchase,0
15932,2011-02-23,2011-02-01,2011-03-15,8,2495.87,true,479,19.94,Repeat customer,0–30 days,1
16394,2011-02-23,2011-02-01,2011-04-05,5,1555.34,true,988,41.16,Repeat customer,31–60 days,2
17711,2011-02-23,2011-02-01,2011-11-29,2,385.1,true,6696,279.01,Repeat customer,181+ days,5
18068,2011-02-23,2011-02-01,,1,101.7,false,,,One-time customer,No repeat purchase,0
12565,2011-02-24,2011-02-01,,1,145.92,false,,,One-time customer,No repeat purchase,0
13751,2011-02-24,2011-02-01,,1,296.25,false,,,One-time customer,No repeat purchase,0
14880,2011-02-24,2011-02-01,2011-06-07,3,690.59,true,2473,103.04,Repeat customer,91–180 days,4
15121,2011-02-24,2011-02-01,2011-10-20,2,457.72,true,5714,238.09,Repeat customer,181+ days,5
15974,2011-02-24,2011-02-01,2011-03-07,7,3442.15,true,269,11.23,Repeat customer,0–30 days,1
17117,2011-02-24,2011-02-01,,1,116.2,false,,,One-time customer,No repeat purchase,0
17830,2011-02-24,2011-02-01,2011-03-23,3,398.7,true,649,27.06,Repeat customer,0–30 days,1
13345,2011-02-25,2011-02-01,,1,389.5,false,,,One-time customer,No repeat purchase,0
13493,2011-02-25,2011-02-01,2011-03-09,2,618.63,true,287,11.95,Repeat customer,0–30 days,1
13973,2011-02-25,2011-02-01,,1,264.7,false,,,One-time customer,No repeat purchase,0
13261,2011-02-27,2011-02-01,2011-03-16,2,944.1,true,410,17.07,Repeat customer,0–30 days,1
13630,2011-02-27,2011-02-01,2011-04-08,7,2031.78,true,963,40.13,Repeat customer,31–60 days,2
13636,2011-02-27,2011-02-01,2011-03-24,5,949.12,true,595,24.81,Repeat customer,0–30 days,1
16598,2011-02-27,2011-02-01,,1,145.05,false,,,One-time customer,No repeat purchase,0
12509,2011-02-28,2011-02-01,,1,176.5,false,,,One-time customer,No repeat purchase,0
12781,2011-02-28,2011-02-01,2011-10-07,2,826.74,true,5306,221.08,Repeat customer,181+ days,5
13675,2011-02-28,2011-02-01,2011-07-11,2,486.82,true,3192,133.03,Repeat customer,91–180 days,4
14036,2011-02-28,2011-02-01,,1,626.65,false,,,One-time customer,No repeat purchase,0
14046,2011-02-28,2011-02-01,,1,154.99,false,,,One-time customer,No repeat purchase,0
14056,2011-02-28,2011-02-01,2011-03-10,23,8152.71,true,241,10.04,Repeat customer,0–30 days,1
15656,2011-02-28,2011-02-01,2011-05-03,4,748.5,true,1533,63.86,Repeat customer,61–90 days,3
16187,2011-02-28,2011-02-01,2011-02-28,15,6911.44,true,0,0.0,Repeat customer,0–30 days,1
16339,2011-02-28,2011-02-01,,1,94.05,false,,,One-time customer,No repeat purchase,0
16427,2011-02-28,2011-02-01,2011-03-21,2,241.06,true,506,21.08,Repeat customer,0–30 days,1
16667,2011-02-28,2011-02-01,2011-10-02,2,567.18,true,5187,216.1,Repeat customer,181+ days,5
17462,2011-02-28,2011-02-01,2011-10-10,2,675.69,true,5372,223.87,Repeat customer,181+ days,5
12428,2011-03-01,2011-03-01,2011-03-01,9,7956.46,true,0,0.0,Repeat customer,0–30 days,1
12679,2011-03-01,2011-03-01,2011-05-18,4,1113.02,true,1872,77.99,Repeat customer,61–90 days,3
14620,2011-03-01,2011-03-01,2011-05-18,2,412.78,true,1875,78.14,Repeat customer,61–90 days,3
15319,2011-03-01,2011-03-01,,1,204.5,false,,,One-time customer,No repeat purchase,0
15676,2011-03-01,2011-03-01,2011-11-04,3,3435.76,true,5956,248.17,Repeat customer,181+ days,5
16389,2011-03-01,2011-03-01,2011-05-18,4,1382.07,true,1870,77.92,Repeat customer,61–90 days,3
16462,2011-03-01,2011-03-01,2011-06-07,3,136,true,2355,98.09,Repeat customer,91–180 days,4
12834,2011-03-02,2011-03-01,,1,312.38,false,,,One-time customer,No repeat purchase,0
14473,2011-03-02,2011-03-01,2011-09-26,2,234.34,true,4994,208.05,Repeat customer,181+ days,5
15104,2011-03-02,2011-03-01,2011-05-27,2,993.54,true,2062,85.93,Repeat customer,61–90 days,3
15643,2011-03-02,2011-03-01,2011-06-01,3,664,true,2177,90.71,Repeat customer,91–180 days,4
15733,2011-03-02,2011-03-01,,1,162.3,false,,,One-time customer,No repeat purchase,0
16217,2011-03-02,2011-03-01,2011-04-18,2,304.25,true,1126,46.92,Repeat customer,31–60 days,2
16678,2011-03-02,2011-03-01,2011-04-03,12,3109.99,true,772,32.17,Repeat customer,31–60 days,2
17770,2011-03-02,2011-03-01,2011-03-09,5,1143.27,true,167,6.96,Repeat customer,0–30 days,1
15053,2011-03-03,2011-03-01,2011-07-06,3,693.95,true,3001,125.04,Repeat customer,91–180 days,4
15087,2011-03-03,2011-03-01,,1,306.94,false,,,One-time customer,No repeat purchase,0
16957,2011-03-03,2011-03-01,2011-04-14,2,416.64,true,1012,42.19,Repeat customer,31–60 days,2
17652,2011-03-03,2011-03-01,2011-04-20,12,4867.72,true,1146,47.75,Repeat customer,31–60 days,2
17856,2011-03-03,2011-03-01,2011-03-20,4,1418.03,true,408,17.0,Repeat customer,0–30 days,1
12541,2011-03-04,2011-03-01,2011-06-19,3,981.18,true,2574,107.27,Repeat customer,91–180 days,4
12584,2011-03-04,2011-03-01,2011-06-07,9,2338.15,true,2278,94.91,Repeat customer,91–180 days,4
14995,2011-03-04,2011-03-01,2011-11-01,2,231.98,true,5806,241.93,Repeat customer,181+ days,5
15220,2011-03-04,2011-03-01,2011-04-14,6,1778.96,true,991,41.3,Repeat customer,31–60 days,2
16449,2011-03-04,2011-03-01,2011-05-26,2,707.69,true,1990,82.92,Repeat customer,61–90 days,3
17535,2011-03-04,2011-03-01,,1,164.4,false,,,One-time customer,No repeat purchase,0
14504,2011-03-06,2011-03-01,2011-03-25,4,673.26,true,454,18.93,Repeat customer,0–30 days,1
14903,2011-03-06,2011-03-01,2011-04-07,5,2795.33,true,769,32.03,Repeat customer,31–60 days,2
18211,2011-03-06,2011-03-01,2011-07-26,5,600.07,true,3408,142.01,Repeat customer,91–180 days,4
12614,2011-03-07,2011-03-01,,1,315.6,false,,,One-time customer,No repeat purchase,0
13344,2011-03-07,2011-03-01,2011-10-03,3,2511.69,true,5039,209.97,Repeat customer,181+ days,5
14012,2011-03-07,2011-03-01,,1,328.8,false,,,One-time customer,No repeat purchase,0
14214,2011-03-07,2011-03-01,2011-06-22,5,1004.38,true,2569,107.06,Repeat customer,91–180 days,4
15554,2011-03-07,2011-03-01,,1,217.2,false,,,One-time customer,No repeat purchase,0
16517,2011-03-07,2011-03-01,,1,162.7,false,,,One-time customer,No repeat purchase,0
16621,2011-03-07,2011-03-01,2011-05-08,4,813.48,true,1487,61.97,Repeat customer,61–90 days,3
17654,2011-03-07,2011-03-01,,1,117.55,false,,,One-time customer,No repeat purchase,0
13908,2011-03-08,2011-03-01,2011-05-09,4,2369.55,true,1486,61.93,Repeat customer,61–90 days,3
14336,2011-03-08,2011-03-01,2011-05-04,4,1614.91,true,1367,56.95,Repeat customer,31–60 days,2
14367,2011-03-08,2011-03-01,2011-03-29,16,9227.82,true,504,21.02,Repeat customer,0–30 days,1
14407,2011-03-08,2011-03-01,2011-05-18,6,2157.73,true,1705,71.02,Repeat customer,61–90 days,3
14586,2011-03-08,2011-03-01,,1,237.36,false,,,One-time customer,No repeat purchase,0
14730,2011-03-08,2011-03-01,2011-03-28,8,1897.57,true,480,20.0,Repeat customer,0–30 days,1
15234,2011-03-08,2011-03-01,,1,197,false,,,One-time customer,No repeat purchase,0
15806,2011-03-08,2011-03-01,2011-07-05,3,784.58,true,2859,119.12,Repeat customer,91–180 days,4
16426,2011-03-08,2011-03-01,2011-09-08,10,1863.76,true,4412,183.84,Repeat customer,181+ days,5
16495,2011-03-08,2011-03-01,2011-03-08,3,648.26,true,0,0.0,Repeat customer,0–30 days,1
12881,2011-03-09,2011-03-01,,1,298,false,,,One-time customer,No repeat purchase,0
14165,2011-03-09,2011-03-01,,1,120.44,false,,,One-time customer,No repeat purchase,0
15206,2011-03-09,2011-03-01,2011-07-17,4,420.3,true,3123,130.1,Repeat customer,91–180 days,4
16572,2011-03-09,2011-03-01,2011-07-11,3,1009.6,true,2977,124.06,Repeat customer,91–180 days,4
13899,2011-03-10,2011-03-01,2011-11-23,2,388.52,true,6196,258.17,Repeat customer,181+ days,5
14297,2011-03-10,2011-03-01,2011-10-10,4,1305.33,true,5138,214.09,Repeat customer,181+ days,5
14603,2011-03-10,2011-03-01,,1,660,false,,,One-time customer,No repeat purchase,0
15308,2011-03-10,2011-03-01,,1,310.47,false,,,One-time customer,No repeat purchase,0
15632,2011-03-10,2011-03-01,2011-03-31,8,3285.31,true,507,21.14,Repeat customer,0–30 days,1
16778,2011-03-10,2011-03-01,2011-09-26,2,245.94,true,4798,199.94,Repeat customer,181+ days,5
16808,2011-03-10,2011-03-01,2011-09-01,2,288.42,true,4200,175.02,Repeat customer,91–180 days,4
18086,2011-03-10,2011-03-01,,1,101.34,false,,,One-time customer,No repeat purchase,0
18183,2011-03-10,2011-03-01,2011-04-26,2,632.07,true,1133,47.22,Repeat customer,31–60 days,2
12520,2011-03-11,2011-03-01,2011-03-25,5,2634.26,true,333,13.89,Repeat customer,0–30 days,1
13043,2011-03-11,2011-03-01,,1,516.42,false,,,One-time customer,No repeat purchase,0
13265,2011-03-11,2011-03-01,2011-04-08,5,2092.66,true,678,28.23,Repeat customer,0–30 days,1
14352,2011-03-11,2011-03-01,2011-04-19,4,1078.96,true,930,38.72,Repeat customer,31–60 days,2
15049,2011-03-11,2011-03-01,,1,121.17,false,,,One-time customer,No repeat purchase,0
16475,2011-03-11,2011-03-01,2011-06-30,4,544.3,true,2670,111.25,Repeat customer,91–180 days,4
16766,2011-03-11,2011-03-01,2011-03-11,2,1145.6,true,2,0.07,Repeat customer,0–30 days,1
16801,2011-03-11,2011-03-01,2011-05-22,4,1594.23,true,1727,71.93,Repeat customer,61–90 days,3
17164,2011-03-11,2011-03-01,2011-05-11,7,2467.35,true,1459,60.79,Repeat customer,61–90 days,3
13708,2011-03-13,2011-03-01,,1,285.33,false,,,One-time customer,No repeat purchase,0
13956,2011-03-13,2011-03-01,2011-04-10,5,1019.27,true,676,28.13,Repeat customer,0–30 days,1
12901,2011-03-14,2011-03-01,2011-03-24,28,17654.54,true,241,10.02,Repeat customer,0–30 days,1
15388,2011-03-14,2011-03-01,,1,140.54,false,,,One-time customer,No repeat purchase,0
15671,2011-03-14,2011-03-01,2011-03-16,7,2657.13,true,53,2.2,Repeat customer,0–30 days,1
16804,2011-03-14,2011-03-01,2011-11-16,3,536.99,true,5929,247.04,Repeat customer,181+ days,5
16871,2011-03-14,2011-03-01,2011-03-29,6,2812.34,true,361,15.05,Repeat customer,0–30 days,1
13121,2011-03-15,2011-03-01,,1,283.73,false,,,One-time customer,No repeat purchase,0
13499,2011-03-15,2011-03-01,2011-04-28,5,1159.11,true,1062,44.25,Repeat customer,31–60 days,2
13716,2011-03-15,2011-03-01,,1,138.28,false,,,One-time customer,No repeat purchase,0
15047,2011-03-15,2011-03-01,,1,343.62,false,,,One-time customer,No repeat purchase,0
15106,2011-03-15,2011-03-01,2011-05-12,5,1422.52,true,1388,57.83,Repeat customer,31–60 days,2
12597,2011-03-16,2011-03-01,2011-06-09,4,3811.22,true,2042,85.09,Repeat customer,61–90 days,3
12994,2011-03-16,2011-03-01,2011-08-11,3,974.42,true,3561,148.35,Repeat customer,91–180 days,4
13358,2011-03-16,2011-03-01,,1,439.03,false,,,One-time customer,No repeat purchase,0
14636,2011-03-16,2011-03-01,2011-11-03,2,609.85,true,5575,232.26,Repeat customer,181+ days,5
16152,2011-03-16,2011-03-01,,1,1829.04,false,,,One-time customer,No repeat purchase,0
16297,2011-03-16,2011-03-01,,1,301.9,false,,,One-time customer,No repeat purchase,0
12955,2011-03-17,2011-03-01,2011-05-04,11,4757.16,true,1160,48.34,Repeat customer,31–60 days,2
13185,2011-03-17,2011-03-01,,1,71.4,false,,,One-time customer,No repeat purchase,0
13216,2011-03-17,2011-03-01,,1,333.74,false,,,One-time customer,No repeat purchase,0
13268,2011-03-17,2011-03-01,2011-03-30,11,3174.75,true,315,13.15,Repeat customer,0–30 days,1
13533,2011-03-17,2011-03-01,2011-03-17,3,269.09,true,0,0.0,Repeat customer,0–30 days,1
13631,2011-03-17,2011-03-01,2011-05-17,11,3070.42,true,1463,60.96,Repeat customer,61–90 days,3
15433,2011-03-17,2011-03-01,2011-05-10,2,533.3,true,1292,53.86,Repeat customer,31–60 days,2
15648,2011-03-17,2011-03-01,2011-05-19,2,639.5,true,1509,62.87,Repeat customer,61–90 days,3
16216,2011-03-17,2011-03-01,,1,914.93,false,,,One-time customer,No repeat purchase,0
16976,2011-03-17,2011-03-01,,1,251.52,false,,,One-time customer,No repeat purchase,0
17725,2011-03-17,2011-03-01,2011-04-04,11,3439.08,true,425,17.68,Repeat customer,0–30 days,1
12878,2011-03-18,2011-03-01,2011-04-17,2,854.99,true,719,29.96,Repeat customer,0–30 days,1
13072,2011-03-18,2011-03-01,,1,177.15,false,,,One-time customer,No repeat purchase,0
14041,2011-03-18,2011-03-01,,1,141.41,false,,,One-time customer,No repeat purchase,0
14059,2011-03-18,2011-03-01,,1,183.6,false,,,One-time customer,No repeat purchase,0
14066,2011-03-18,2011-03-01,,1,152.55,false,,,One-time customer,No repeat purchase,0
14155,2011-03-18,2011-03-01,,1,118.75,false,,,One-time customer,No repeat purchase,0
14633,2011-03-18,2011-03-01,,1,344.9,false,,,One-time customer,No repeat purchase,0
15019,2011-03-18,2011-03-01,,1,252.81,false,,,One-time customer,No repeat purchase,0
16023,2011-03-18,2011-03-01,2011-05-31,3,719.81,true,1777,74.03,Repeat customer,61–90 days,3
16626,2011-03-18,2011-03-01,2011-06-08,17,4413.1,true,1966,81.93,Repeat customer,61–90 days,3
16672,2011-03-18,2011-03-01,2011-04-06,20,8134.94,true,460,19.16,Repeat customer,0–30 days,1
17060,2011-03-18,2011-03-01,,1,234.24,false,,,One-time customer,No repeat purchase,0
12407,2011-03-20,2011-03-01,2011-04-18,5,1708.12,true,695,28.96,Repeat customer,0–30 days,1
12902,2011-03-20,2011-03-01,,1,138.68,false,,,One-time customer,No repeat purchase,0
13592,2011-03-20,2011-03-01,2011-05-10,4,247.96,true,1225,51.07,Repeat customer,31–60 days,2
14071,2011-03-20,2011-03-01,2011-03-24,8,1437.57,true,98,4.08,Repeat customer,0–30 days,1
14223,2011-03-20,2011-03-01,2011-07-05,3,991.13,true,2563,106.82,Repeat customer,91–180 days,4
14232,2011-03-20,2011-03-01,2011-06-06,5,2048.07,true,1869,77.85,Repeat customer,61–90 days,3
15408,2011-03-20,2011-03-01,,1,267.18,false,,,One-time customer,No repeat purchase,0
15703,2011-03-20,2011-03-01,,1,211.5,false,,,One-time customer,No repeat purchase,0
16728,2011-03-20,2011-03-01,2011-04-17,4,1048.28,true,670,27.9,Repeat customer,0–30 days,1
17795,2011-03-20,2011-03-01,2011-06-13,2,342.83,true,2040,85.02,Repeat customer,61–90 days,3
13934,2011-03-21,2011-03-01,,1,922.1,false,,,One-time customer,No repeat purchase,0
14245,2011-03-21,2011-03-01,2011-05-04,2,1693.45,true,1054,43.92,Repeat customer,31–60 days,2
15669,2011-03-21,2011-03-01,2011-06-16,4,684.34,true,2096,87.33,Repeat customer,61–90 days,3
18224,2011-03-21,2011-03-01,,1,158.95,false,,,One-time customer,No repeat purchase,0
14377,2011-03-22,2011-03-01,2011-06-01,2,617.05,true,1704,71.0,Repeat customer,61–90 days,3
14632,2011-03-22,2011-03-01,,1,114.56,false,,,One-time customer,No repeat purchase,0
14711,2011-03-22,2011-03-01,2011-04-04,11,2839.62,true,311,12.97,Repeat customer,0–30 days,1
15132,2011-03-22,2011-03-01,2011-05-24,5,977.93,true,1508,62.87,Repeat customer,61–90 days,3
15457,2011-03-22,2011-03-01,,1,237.07,false,,,One-time customer,No repeat purchase,0
16721,2011-03-22,2011-03-01,,1,292.47,false,,,One-time customer,No repeat purchase,0
17272,2011-03-22,2011-03-01,2011-05-24,4,2148.63,true,1513,63.07,Repeat customer,61–90 days,3
12564,2011-03-23,2011-03-01,,1,456.9,false,,,One-time customer,No repeat purchase,0
12604,2011-03-23,2011-03-01,2011-09-21,2,254.18,true,4370,182.08,Repeat customer,181+ days,5
12818,2011-03-23,2011-03-01,,1,1542.08,false,,,One-time customer,No repeat purchase,0
13132,2011-03-23,2011-03-01,,1,77.3,false,,,One-time customer,No repeat purchase,0
15449,2011-03-23,2011-03-01,2011-06-07,3,974.52,true,1830,76.25,Repeat customer,61–90 days,3
15644,2011-03-23,2011-03-01,2011-03-23,4,803.54,true,1,0.02,Repeat customer,0–30 days,1
17102,2011-03-23,2011-03-01,,1,25.5,false,,,One-time customer,No repeat purchase,0
17250,2011-03-23,2011-03-01,2011-12-06,2,381.97,true,6188,257.81,Repeat customer,181+ days,5
17486,2011-03-23,2011-03-01,,1,396.87,false,,,One-time customer,No repeat purchase,0
17733,2011-03-23,2011-03-01,2011-11-01,2,692.19,true,5351,222.93,Repeat customer,181+ days,5
13341,2011-03-24,2011-03-01,,1,775.85,false,,,One-time customer,No repeat purchase,0
14267,2011-03-24,2011-03-01,2011-03-24,3,1516.24,true,1,0.05,Repeat customer,0–30 days,1
14348,2011-03-24,2011-03-01,,1,409.57,false,,,One-time customer,No repeat purchase,0
15178,2011-03-24,2011-03-01,,1,40.5,false,,,One-time customer,No repeat purchase,0
16022,2011-03-24,2011-03-01,,1,602.63,false,,,One-time customer,No repeat purchase,0
16063,2011-03-24,2011-03-01,,1,335.32,false,,,One-time customer,No repeat purchase,0
17698,2011-03-24,2011-03-01,,1,154.95,false,,,One-time customer,No repeat purchase,0
12545,2011-03-25,2011-03-01,2011-09-25,2,1000.39,true,4417,184.07,Repeat customer,181+ days,5
13743,2011-03-25,2011-03-01,2011-05-06,7,1341.6,true,1008,41.99,Repeat customer,31–60 days,2
14536,2011-03-25,2011-03-01,,1,170.95,false,,,One-time customer,No repeat purchase,0
15815,2011-03-25,2011-03-01,2011-04-08,5,2100.6,true,340,14.14,Repeat customer,0–30 days,1
17946,2011-03-25,2011-03-01,2011-04-20,2,149.58,true,627,26.1,Repeat customer,0–30 days,1
17979,2011-03-25,2011-03-01,2011-03-25,4,732.41,true,1,0.02,Repeat customer,0–30 days,1
14476,2011-03-27,2011-03-01,,1,193,false,,,One-time customer,No repeat purchase,0
15045,2011-03-27,2011-03-01,2011-07-11,2,735.66,true,2544,105.99,Repeat customer,91–180 days,4
12669,2011-03-28,2011-03-01,2011-04-05,3,2744.03,true,191,7.98,Repeat customer,0–30 days,1
15083,2011-03-28,2011-03-01,,1,88.2,false,,,One-time customer,No repeat purchase,0
15624,2011-03-28,2011-03-01,2011-05-17,4,588.13,true,1199,49.97,Repeat customer,31–60 days,2
16245,2011-03-28,2011-03-01,2011-08-10,3,1413.66,true,3240,135.0,Repeat customer,91–180 days,4
18010,2011-03-28,2011-03-01,,1,174.8,false,,,One-time customer,No repeat purchase,0
12888,2011-03-29,2011-03-01,2011-05-09,2,354.12,true,986,41.06,Repeat customer,31–60 days,2
13588,2011-03-29,2011-03-01,2011-07-26,9,2478.95,true,2850,118.73,Repeat customer,91–180 days,4
17398,2011-03-29,2011-03-01,2011-05-13,3,653.38,true,1079,44.98,Repeat customer,31–60 days,2
17719,2011-03-29,2011-03-01,2011-04-06,15,5396.04,true,191,7.95,Repeat customer,0–30 days,1
17874,2011-03-29,2011-03-01,2011-04-28,6,683.46,true,722,30.08,Repeat customer,31–60 days,2
12456,2011-03-30,2011-03-01,2011-07-31,3,3181.04,true,2958,123.26,Repeat customer,91–180 days,4
13720,2011-03-30,2011-03-01,2011-04-15,4,799.9,true,390,16.25,Repeat customer,0–30 days,1
15364,2011-03-30,2011-03-01,2011-09-05,2,913.19,true,3812,158.84,Repeat customer,91–180 days,4
15528,2011-03-30,2011-03-01,,1,229.33,false,,,One-time customer,No repeat purchase,0
15832,2011-03-30,2011-03-01,,1,836.79,false,,,One-time customer,No repeat purchase,0
16657,2011-03-30,2011-03-01,2011-07-14,4,874.43,true,2543,105.99,Repeat customer,91–180 days,4
17775,2011-03-30,2011-03-01,,1,56.4,false,,,One-time customer,No repeat purchase,0
13060,2011-03-31,2011-03-01,,1,307.53,false,,,One-time customer,No repeat purchase,0
13918,2011-03-31,2011-03-01,2011-10-21,2,1212.84,true,4890,203.76,Repeat customer,181+ days,5
16398,2011-03-31,2011-03-01,2011-07-08,2,1705.8,true,2382,99.23,Repeat customer,91–180 days,4
16698,2011-03-31,2011-03-01,2011-04-27,2,1998,true,645,26.89,Repeat customer,0–30 days,1
17088,2011-03-31,2011-03-01,2011-06-10,4,1991.01,true,1704,70.98,Repeat customer,61–90 days,3
17781,2011-03-31,2011-03-01,2011-07-03,2,188.02,true,2253,93.84,Repeat customer,91–180 days,4
12569,2011-04-01,2011-04-01,2011-04-14,32,4124.69,true,308,12.84,Repeat customer,0–30 days,1
13841,2011-04-01,2011-04-01,,1,85,false,,,One-time customer,No repeat purchase,0
14886,2011-04-01,2011-04-01,,1,364.8,false,,,One-time customer,No repeat purchase,0
16162,2011-04-01,2011-04-01,,1,37.4,false,,,One-time customer,No repeat purchase,0
16609,2011-04-01,2011-04-01,2011-05-03,7,5493.46,true,768,32.03,Repeat customer,31–60 days,2
17701,2011-04-01,2011-04-01,,1,417.95,false,,,One-time customer,No repeat purchase,0
18263,2011-04-01,2011-04-01,2011-07-07,3,1213.16,true,2327,96.93,Repeat customer,91–180 days,4
14023,2011-04-03,2011-04-01,2011-12-02,2,584.07,true,5830,242.92,Repeat customer,181+ days,5
14719,2011-04-04,2011-04-01,2011-06-13,5,1581.84,true,1678,69.94,Repeat customer,61–90 days,3
14747,2011-04-04,2011-04-01,,1,328.2,false,,,One-time customer,No repeat purchase,0
15756,2011-04-04,2011-04-01,2011-05-10,4,528.01,true,864,36.01,Repeat customer,31–60 days,2
16142,2011-04-04,2011-04-01,,1,535.34,false,,,One-time customer,No repeat purchase,0
17956,2011-04-04,2011-04-01,,1,12.75,false,,,One-time customer,No repeat purchase,0
18185,2011-04-04,2011-04-01,,1,304.25,false,,,One-time customer,No repeat purchase,0
13525,2011-04-05,2011-04-01,2011-11-25,2,628.78,true,5613,233.85,Repeat customer,181+ days,5
15145,2011-04-05,2011-04-01,2011-04-26,4,1194.73,true,505,21.06,Repeat customer,0–30 days,1
15442,2011-04-05,2011-04-01,,1,594,false,,,One-time customer,No repeat purchase,0
16696,2011-04-05,2011-04-01,2011-05-10,4,657.9,true,836,34.84,Repeat customer,31–60 days,2
14964,2011-04-06,2011-04-01,,1,206.21,false,,,One-time customer,No repeat purchase,0
16031,2011-04-06,2011-04-01,2011-09-08,2,547.9,true,3719,154.95,Repeat customer,91–180 days,4
17042,2011-04-06,2011-04-01,2011-05-27,5,1036.58,true,1220,50.81,Repeat customer,31–60 days,2
17140,2011-04-06,2011-04-01,,1,454.12,false,,,One-time customer,No repeat purchase,0
17906,2011-04-06,2011-04-01,,1,72.9,false,,,One-time customer,No repeat purchase,0
13731,2011-04-07,2011-04-01,2011-05-04,2,610.59,true,652,27.18,Repeat customer,0–30 days,1
13950,2011-04-07,2011-04-01,2011-09-27,4,745.06,true,4155,173.14,Repeat customer,91–180 days,4
16144,2011-04-07,2011-04-01,,1,175.2,false,,,One-time customer,No repeat purchase,0
12999,2011-04-08,2011-04-01,2011-05-18,3,455.88,true,966,40.26,Repeat customer,31–60 days,2
14246,2011-04-08,2011-04-01,2011-07-25,3,1474.06,true,2595,108.13,Repeat customer,91–180 days,4
15119,2011-04-08,2011-04-01,,1,266.4,false,,,One-time customer,No repeat purchase,0
16837,2011-04-08,2011-04-01,2011-04-13,11,3170.98,true,122,5.06,Repeat customer,0–30 days,1
17054,2011-04-08,2011-04-01,2011-04-18,5,1356.33,true,241,10.05,Repeat customer,0–30 days,1
18040,2011-04-08,2011-04-01,2011-11-20,2,357.2,true,5430,226.25,Repeat customer,181+ days,5
12447,2011-04-10,2011-04-01,,1,476.49,false,,,One-time customer,No repeat purchase,0
13232,2011-04-10,2011-04-01,2011-05-15,7,1328.35,true,839,34.95,Repeat customer,31–60 days,2
13570,2011-04-10,2011-04-01,,1,239.49,false,,,One-time customer,No repeat purchase,0
15655,2011-04-10,2011-04-01,,1,560.67,false,,,One-time customer,No repeat purchase,0
18129,2011-04-10,2011-04-01,,1,112.55,false,,,One-time customer,No repeat purchase,0
12363,2011-04-11,2011-04-01,2011-08-22,2,552,true,3189,132.87,Repeat customer,91–180 days,4
12596,2011-04-11,2011-04-01,2011-10-19,2,618.27,true,4584,190.99,Repeat customer,181+ days,5
14273,2011-04-11,2011-04-01,2011-05-06,4,559.97,true,595,24.79,Repeat customer,0–30 days,1
15214,2011-04-11,2011-04-01,2011-06-09,8,1661.44,true,1416,59.0,Repeat customer,31–60 days,2
15414,2011-04-11,2011-04-01,2011-11-02,3,774.9,true,4921,205.05,Repeat customer,181+ days,5
15737,2011-04-11,2011-04-01,2011-06-03,8,1188.12,true,1276,53.19,Repeat customer,31–60 days,2
17574,2011-04-11,2011-04-01,,1,185.65,false,,,One-time customer,No repeat purchase,0
18080,2011-04-11,2011-04-01,2011-11-21,2,1231.5,true,5374,223.91,Repeat customer,181+ days,5
12463,2011-04-12,2011-04-01,2011-05-17,4,1344.78,true,838,34.89,Repeat customer,31–60 days,2
14111,2011-04-12,2011-04-01,2011-08-25,4,692.85,true,3243,135.14,Repeat customer,91–180 days,4
15935,2011-04-12,2011-04-01,2011-04-14,2,416.86,true,52,2.16,Repeat customer,0–30 days,1
16697,2011-04-12,2011-04-01,,1,112.75,false,,,One-time customer,No repeat purchase,0
16729,2011-04-12,2011-04-01,2011-04-18,21,7205.33,true,144,6.0,Repeat customer,0–30 days,1
17972,2011-04-12,2011-04-01,,1,135.19,false,,,One-time customer,No repeat purchase,0
13122,2011-04-13,2011-04-01,2011-09-06,2,922.39,true,3505,146.07,Repeat customer,91–180 days,4
14262,2011-04-13,2011-04-01,2011-07-05,8,2618.23,true,1992,83.02,Repeat customer,61–90 days,3
14931,2011-04-13,2011-04-01,2011-05-17,5,1257.68,true,824,34.32,Repeat customer,31–60 days,2
15147,2011-04-13,2011-04-01,,1,623.5,false,,,One-time customer,No repeat purchase,0
15230,2011-04-13,2011-04-01,2011-04-14,2,429.6,true,27,1.15,Repeat customer,0–30 days,1
16097,2011-04-13,2011-04-01,,1,185.05,false,,,One-time customer,No repeat purchase,0
16309,2011-04-13,2011-04-01,2011-08-25,2,706.57,true,3220,134.16,Repeat customer,91–180 days,4
16966,2011-04-13,2011-04-01,2011-05-19,7,2154.97,true,865,36.05,Repeat customer,31–60 days,2
13811,2011-04-14,2011-04-01,2011-04-18,3,814.5,true,88,3.66,Repeat customer,0–30 days,1
15813,2011-04-14,2011-04-01,2011-05-16,2,1303.91,true,767,31.96,Repeat customer,31–60 days,2
16249,2011-04-14,2011-04-01,2011-05-22,5,1800.07,true,913,38.01,Repeat customer,31–60 days,2
16806,2011-04-14,2011-04-01,2011-05-03,4,762.16,true,452,18.8,Repeat customer,0–30 days,1
17058,2011-04-14,2011-04-01,2011-05-24,3,1179.89,true,964,40.19,Repeat customer,31–60 days,2
17704,2011-04-14,2011-04-01,2011-06-24,2,885.19,true,1704,71.01,Repeat customer,61–90 days,3
12769,2011-04-15,2011-04-01,,1,1143.6,false,,,One-time customer,No repeat purchase,0
13120,2011-04-15,2011-04-01,,1,30.6,false,,,One-time customer,No repeat purchase,0
14323,2011-04-15,2011-04-01,2011-08-17,2,605.06,true,2976,124.0,Repeat customer,91–180 days,4
17367,2011-04-15,2011-04-01,,1,167.55,false,,,One-time customer,No repeat purchase,0
15172,2011-04-17,2011-04-01,2011-05-27,5,1624.05,true,958,39.91,Repeat customer,31–60 days,2
15745,2011-04-17,2011-04-01,2011-09-27,4,1094.59,true,3909,162.89,Repeat customer,91–180 days,4
17697,2011-04-17,2011-04-01,,1,338.95,false,,,One-time customer,No repeat purchase,0
18213,2011-04-17,2011-04-01,,1,232.48,false,,,One-time customer,No repeat purchase,0
15491,2011-04-18,2011-04-01,2011-04-18,6,3100.09,true,0,0.01,Repeat customer,0–30 days,1
15508,2011-04-18,2011-04-01,2011-04-28,6,1000.27,true,238,9.92,Repeat customer,0–30 days,1
16617,2011-04-18,2011-04-01,,1,151.85,false,,,One-time customer,No repeat purchase,0
13376,2011-04-19,2011-04-01,2011-05-20,3,1019.76,true,740,30.84,Repeat customer,31–60 days,2
15225,2011-04-19,2011-04-01,,1,409.4,false,,,One-time customer,No repeat purchase,0
15436,2011-04-19,2011-04-01,2011-10-23,3,1067.75,true,4488,186.98,Repeat customer,181+ days,5
15594,2011-04-19,2011-04-01,2011-09-07,5,1771.78,true,3384,141.03,Repeat customer,91–180 days,4
16633,2011-04-19,2011-04-01,2011-06-12,6,2883.1,true,1293,53.88,Repeat customer,31–60 days,2
15517,2011-04-20,2011-04-01,,1,267.03,false,,,One-time customer,No repeat purchase,0
17120,2011-04-20,2011-04-01,,1,307.46,false,,,One-time customer,No repeat purchase,0
12354,2011-04-21,2011-04-01,,1,1079.4,false,,,One-time customer,No repeat purchase,0
12506,2011-04-21,2011-04-01,,1,73.5,false,,,One-time customer,No repeat purchase,0
12622,2011-04-21,2011-04-01,,1,180.1,false,,,One-time customer,No repeat purchase,0
13389,2011-04-21,2011-04-01,2011-09-26,3,797.96,true,3789,157.9,Repeat customer,91–180 days,4
13505,2011-04-21,2011-04-01,2011-05-31,4,4393.63,true,963,40.15,Repeat customer,31–60 days,2
14759,2011-04-21,2011-04-01,2011-08-19,3,1625.97,true,2878,119.92,Repeat customer,91–180 days,4
16587,2011-04-21,2011-04-01,,1,225.15,false,,,One-time customer,No repeat purchase,0
16750,2011-04-21,2011-04-01,2011-07-26,5,623.93,true,2305,96.02,Repeat customer,91–180 days,4
17061,2011-04-21,2011-04-01,2011-04-21,11,5232.23,true,1,0.05,Repeat customer,0–30 days,1
17630,2011-04-21,2011-04-01,2011-06-23,2,503.6,true,1509,62.91,Repeat customer,61–90 days,3
15108,2011-04-26,2011-04-01,2011-06-05,4,1300.25,true,962,40.08,Repeat customer,31–60 days,2
15237,2011-04-26,2011-04-01,2011-05-20,4,1412.32,true,575,23.99,Repeat customer,0–30 days,1
16942,2011-04-26,2011-04-01,2011-05-04,9,1904.99,true,193,8.01,Repeat customer,0–30 days,1
17670,2011-04-26,2011-04-01,,1,205.7,false,,,One-time customer,No repeat purchase,0
13637,2011-04-27,2011-04-01,2011-06-05,3,804.3,true,936,39.01,Repeat customer,31–60 days,2
15891,2011-04-27,2011-04-01,,1,511.68,false,,,One-time customer,No repeat purchase,0
16965,2011-04-27,2011-04-01,,1,201.19,false,,,One-time customer,No repeat purchase,0
13229,2011-04-28,2011-04-01,,1,160.95,false,,,One-time customer,No repeat purchase,0
14973,2011-04-28,2011-04-01,2011-07-28,3,1314.45,true,2187,91.15,Repeat customer,91–180 days,4
15952,2011-04-28,2011-04-01,2011-07-03,4,781.91,true,1585,66.03,Repeat customer,61–90 days,3
16370,2011-04-28,2011-04-01,2011-06-10,4,1301.91,true,1027,42.79,Repeat customer,31–60 days,2
16637,2011-04-28,2011-04-01,2011-08-08,4,1154.47,true,2450,102.07,Repeat customer,91–180 days,4
17893,2011-04-28,2011-04-01,,1,107.21,false,,,One-time customer,No repeat purchase,0
15376,2011-05-01,2011-05-01,2011-08-14,3,1221.56,true,2522,105.08,Repeat customer,91–180 days,4
14149,2011-05-03,2011-05-01,,1,446.62,false,,,One-time customer,No repeat purchase,0
15582,2011-05-03,2011-05-01,2011-08-31,3,682.91,true,2881,120.05,Repeat customer,91–180 days,4
16055,2011-05-03,2011-05-01,,1,134.8,false,,,One-time customer,No repeat purchase,0
16230,2011-05-03,2011-05-01,2011-06-03,2,542.03,true,739,30.79,Repeat customer,31–60 days,2
17501,2011-05-03,2011-05-01,2011-05-03,2,288.6,true,0,0.0,Repeat customer,0–30 days,1
18146,2011-05-03,2011-05-01,2011-07-22,2,160.35,true,1916,79.81,Repeat customer,61–90 days,3
12886,2011-05-04,2011-05-01,2011-10-03,2,1378.4,true,3647,151.95,Repeat customer,91–180 days,4
13524,2011-05-04,2011-05-01,2011-06-19,5,680.18,true,1107,46.15,Repeat customer,31–60 days,2
14948,2011-05-04,2011-05-01,2011-07-25,6,1101.97,true,1962,81.75,Repeat customer,61–90 days,3
16610,2011-05-04,2011-05-01,,1,75.66,false,,,One-time customer,No repeat purchase,0
17394,2011-05-04,2011-05-01,,1,203.87,false,,,One-time customer,No repeat purchase,0
17443,2011-05-04,2011-05-01,,1,534.24,false,,,One-time customer,No repeat purchase,0
12593,2011-05-05,2011-05-01,2011-08-02,3,418.1,true,2136,89.02,Repeat customer,61–90 days,3
13867,2011-05-05,2011-05-01,2011-09-26,3,1005.09,true,3451,143.79,Repeat customer,91–180 days,4
14340,2011-05-05,2011-05-01,,1,134.7,false,,,One-time customer,No repeat purchase,0
14393,2011-05-05,2011-05-01,,1,67.95,false,,,One-time customer,No repeat purchase,0
14697,2011-05-05,2011-05-01,2011-05-05,2,188.61,true,0,0.01,Repeat customer,0–30 days,1
16457,2011-05-05,2011-05-01,,1,208.36,false,,,One-time customer,No repeat purchase,0
17522,2011-05-05,2011-05-01,2011-05-17,5,1070.71,true,282,11.75,Repeat customer,0–30 days,1
17527,2011-05-05,2011-05-01,2011-08-22,4,939.37,true,2613,108.86,Repeat customer,91–180 days,4
12394,2011-05-06,2011-05-01,2011-10-07,2,1272.48,true,3690,153.75,Repeat customer,91–180 days,4
13365,2011-05-06,2011-05-01,2011-11-06,2,2225.37,true,4416,184.03,Repeat customer,181+ days,5
13741,2011-05-06,2011-05-01,2011-06-09,3,668.43,true,810,33.76,Repeat customer,31–60 days,2
15258,2011-05-06,2011-05-01,2011-06-24,2,623.16,true,1174,48.93,Repeat customer,31–60 days,2
15668,2011-05-06,2011-05-01,,1,76.32,false,,,One-time customer,No repeat purchase,0
16319,2011-05-06,2011-05-01,,1,404.4,false,,,One-time customer,No repeat purchase,0
17174,2011-05-06,2011-05-01,,1,59.9,false,,,One-time customer,No repeat purchase,0
18235,2011-05-06,2011-05-01,2011-08-11,3,1796.48,true,2330,97.1,Repeat customer,91–180 days,4
12700,2011-05-08,2011-05-01,2011-07-06,4,4939.99,true,1413,58.88,Repeat customer,31–60 days,2
14005,2011-05-08,2011-05-01,2011-06-17,5,2874.72,true,958,39.9,Repeat customer,31–60 days,2
17410,2011-05-08,2011-05-01,2011-09-04,5,1214.72,true,2857,119.03,Repeat customer,91–180 days,4
18142,2011-05-08,2011-05-01,2011-07-05,2,1019.52,true,1393,58.03,Repeat customer,31–60 days,2
13003,2011-05-09,2011-05-01,2011-07-11,3,149.05,true,1517,63.2,Repeat customer,61–90 days,3
13492,2011-05-09,2011-05-01,2011-07-01,3,1269.84,true,1270,52.95,Repeat customer,31–60 days,2
18120,2011-05-09,2011-05-01,,1,111.15,false,,,One-time customer,No repeat purchase,0
12684,2011-05-10,2011-05-01,2011-05-16,7,2283.63,true,146,6.06,Repeat customer,0–30 days,1
13990,2011-05-10,2011-05-01,,1,311.3,false,,,One-time customer,No repeat purchase,0
14288,2011-05-10,2011-05-01,,1,426.6,false,,,One-time customer,No repeat purchase,0
14397,2011-05-10,2011-05-01,2011-05-25,19,2612.96,true,362,15.09,Repeat customer,0–30 days,1
14591,2011-05-10,2011-05-01,2011-11-24,4,1320.21,true,4751,197.99,Repeat customer,181+ days,5
15063,2011-05-10,2011-05-01,,1,370.8,false,,,One-time customer,No repeat purchase,0
13235,2011-05-11,2011-05-01,,1,1031.07,false,,,One-time customer,No repeat purchase,0
13404,2011-05-11,2011-05-01,2011-12-08,2,252.49,true,5068,211.15,Repeat customer,181+ days,5
14691,2011-05-11,2011-05-01,2011-09-04,5,2114.33,true,2786,116.06,Repeat customer,91–180 days,4
14731,2011-05-11,2011-05-01,2011-05-18,3,380.02,true,166,6.91,Repeat customer,0–30 days,1
15187,2011-05-11,2011-05-01,2011-06-24,16,4777.18,true,1052,43.83,Repeat customer,31–60 days,2
16644,2011-05-11,2011-05-01,2011-06-15,2,833.78,true,840,34.99,Repeat customer,31–60 days,2
17489,2011-05-11,2011-05-01,2011-10-12,2,376.64,true,3693,153.89,Repeat customer,91–180 days,4
18133,2011-05-11,2011-05-01,,1,931.5,false,,,One-time customer,No repeat purchase,0
12590,2011-05-12,2011-05-01,2011-05-12,2,9864.26,true,0,0.0,Repeat customer,0–30 days,1
12757,2011-05-12,2011-05-01,2011-05-12,13,7834.65,true,0,0.0,Repeat customer,0–30 days,1
14364,2011-05-12,2011-05-01,2011-05-23,8,3717.35,true,263,10.96,Repeat customer,0–30 days,1
14883,2011-05-12,2011-05-01,2011-06-29,6,761.59,true,1152,47.99,Repeat customer,31–60 days,2
16116,2011-05-12,2011-05-01,,1,612.78,false,,,One-time customer,No repeat purchase,0
16184,2011-05-12,2011-05-01,2011-06-10,6,1158.79,true,696,29.02,Repeat customer,0–30 days,1
17658,2011-05-12,2011-05-01,2011-11-14,2,595.42,true,4461,185.86,Repeat customer,181+ days,5
17932,2011-05-12,2011-05-01,2011-06-19,3,1331.57,true,909,37.86,Repeat customer,31–60 days,2
17970,2011-05-12,2011-05-01,,1,562.79,false,,,One-time customer,No repeat purchase,0
15907,2011-05-13,2011-05-01,2011-06-16,3,882.72,true,815,33.99,Repeat customer,31–60 days,2
14689,2011-05-15,2011-05-01,,1,112.8,false,,,One-time customer,No repeat purchase,0
15333,2011-05-15,2011-05-01,,1,1028.56,false,,,One-time customer,No repeat purchase,0
15440,2011-05-15,2011-05-01,2011-07-26,3,383.68,true,1731,72.12,Repeat customer,61–90 days,3
16076,2011-05-15,2011-05-01,2011-07-28,10,2234.73,true,1776,74.0,Repeat customer,61–90 days,3
16877,2011-05-15,2011-05-01,2011-07-10,6,846.62,true,1344,56.0,Repeat customer,31–60 days,2
17263,2011-05-15,2011-05-01,,1,63.44,false,,,One-time customer,No repeat purchase,0
12674,2011-05-16,2011-05-01,2011-06-22,4,1970.6,true,888,37.02,Repeat customer,31–60 days,2
13456,2011-05-16,2011-05-01,2011-06-17,6,1766.72,true,761,31.72,Repeat customer,31–60 days,2
14888,2011-05-16,2011-05-01,,1,369.2,false,,,One-time customer,No repeat purchase,0
12690,2011-05-18,2011-05-01,,1,389.01,false,,,One-time customer,No repeat purchase,0
13572,2011-05-18,2011-05-01,,1,1384.25,false,,,One-time customer,No repeat purchase,0
16446,2011-05-18,2011-05-01,2011-12-09,2,168472.5,true,4920,204.97,Repeat customer,181+ days,5
16818,2011-05-18,2011-05-01,2011-05-22,11,3349.57,true,100,4.17,Repeat customer,0–30 days,1
12620,2011-05-19,2011-05-01,2011-09-20,3,1339.41,true,2974,123.91,Repeat customer,91–180 days,4
13529,2011-05-19,2011-05-01,2011-09-22,2,307.76,true,3022,125.89,Repeat customer,91–180 days,4
13887,2011-05-19,2011-05-01,,1,349.55,false,,,One-time customer,No repeat purchase,0
15116,2011-05-19,2011-05-01,2011-07-28,4,1352.75,true,1681,70.04,Repeat customer,61–90 days,3
16463,2011-05-19,2011-05-01,2011-10-17,4,1422.4,true,3624,150.98,Repeat customer,91–180 days,4
16813,2011-05-19,2011-05-01,2011-06-01,10,1652.18,true,311,12.95,Repeat customer,0–30 days,1
13391,2011-05-20,2011-05-01,,1,59.8,false,,,One-time customer,No repeat purchase,0
17166,2011-05-20,2011-05-01,2011-11-01,2,206.34,true,3961,165.06,Repeat customer,91–180 days,4
17455,2011-05-20,2011-05-01,,1,131.7,false,,,One-time customer,No repeat purchase,0
12710,2011-05-22,2011-05-01,2011-07-01,3,1149.02,true,959,39.97,Repeat customer,31–60 days,2
13227,2011-05-22,2011-05-01,,1,257.7,false,,,One-time customer,No repeat purchase,0
13657,2011-05-22,2011-05-01,2011-11-29,2,382.14,true,4584,191.0,Repeat customer,181+ days,5
13972,2011-05-22,2011-05-01,2011-09-30,2,190.25,true,3144,131.01,Repeat customer,91–180 days,4
14921,2011-05-22,2011-05-01,2011-11-09,2,1316.07,true,4105,171.02,Repeat customer,91–180 days,4
15292,2011-05-22,2011-05-01,,1,178.39,false,,,One-time customer,No repeat purchase,0
15705,2011-05-22,2011-05-01,,1,143.1,false,,,One-time customer,No repeat purchase,0
16038,2011-05-22,2011-05-01,2011-06-15,3,471.78,true,578,24.1,Repeat customer,0–30 days,1
18150,2011-05-22,2011-05-01,2011-07-22,3,566.58,true,1469,61.21,Repeat customer,61–90 days,3
13339,2011-05-23,2011-05-01,,1,860.12,false,,,One-time customer,No repeat purchase,0
13737,2011-05-23,2011-05-01,,1,339.6,false,,,One-time customer,No repeat purchase,0
13885,2011-05-23,2011-05-01,2011-06-03,2,506.8,true,271,11.26,Repeat customer,0–30 days,1
12815,2011-05-25,2011-05-01,2011-07-15,2,1063.46,true,1221,50.87,Repeat customer,31–60 days,2
14287,2011-05-25,2011-05-01,2011-05-25,3,176.63,true,0,0.0,Repeat customer,0–30 days,1
14705,2011-05-25,2011-05-01,,1,179,false,,,One-time customer,No repeat purchase,0
15804,2011-05-25,2011-05-01,2011-06-22,13,4206.39,true,672,28.01,Repeat customer,0–30 days,1
16091,2011-05-25,2011-05-01,2011-07-08,2,315.06,true,1055,43.98,Repeat customer,31–60 days,2
12493,2011-05-26,2011-05-01,2011-06-27,2,433.74,true,764,31.81,Repeat customer,31–60 days,2
14816,2011-05-26,2011-05-01,,1,271.85,false,,,One-time customer,No repeat purchase,0
16624,2011-05-26,2011-05-01,2011-09-20,2,810.57,true,2806,116.93,Repeat customer,91–180 days,4
18073,2011-05-26,2011-05-01,2011-05-27,12,3859.82,true,19,0.77,Repeat customer,0–30 days,1
18232,2011-05-26,2011-05-01,2011-05-31,4,592.97,true,112,4.65,Repeat customer,0–30 days,1
14280,2011-05-27,2011-05-01,,1,134.04,false,,,One-time customer,No repeat purchase,0
14823,2011-05-29,2011-05-01,2011-05-29,3,321.43,true,2,0.05,Repeat customer,0–30 days,1
15897,2011-05-29,2011-05-01,2011-05-29,2,208.59,true,0,0.01,Repeat customer,0–30 days,1
15925,2011-05-29,2011-05-01,,1,207.15,false,,,One-time customer,No repeat purchase,0
15163,2011-05-31,2011-05-01,2011-11-21,2,304.47,true,4174,173.91,Repeat customer,91–180 days,4
16483,2011-05-31,2011-05-01,,1,139.35,false,,,One-time customer,No repeat purchase,0
18204,2011-05-31,2011-05-01,2011-08-22,3,1975.35,true,1986,82.74,Repeat customer,61–90 days,3
12473,2011-06-01,2011-06-01,2011-08-17,5,3928.05,true,1850,77.08,Repeat customer,61–90 days,3
13062,2011-06-01,2011-06-01,,1,346.98,false,,,One-time customer,No repeat purchase,0
13917,2011-06-01,2011-06-01,2011-10-21,2,272.04,true,3405,141.88,Repeat customer,91–180 days,4
16969,2011-06-01,2011-06-01,2011-07-28,3,650.41,true,1369,57.07,Repeat customer,31–60 days,2
12517,2011-06-02,2011-06-01,2011-08-05,5,2481.6,true,1536,63.99,Repeat customer,61–90 days,3
13437,2011-06-02,2011-06-01,2011-06-23,7,3408.06,true,502,20.9,Repeat customer,0–30 days,1
14453,2011-06-02,2011-06-01,,1,119.93,false,,,One-time customer,No repeat purchase,0
16484,2011-06-02,2011-06-01,2011-06-19,2,404.3,true,410,17.06,Repeat customer,0–30 days,1
17900,2011-06-02,2011-06-01,2011-06-02,2,112.2,true,0,0.01,Repeat customer,0–30 days,1
13248,2011-06-03,2011-06-01,2011-08-07,2,465.68,true,1559,64.98,Repeat customer,61–90 days,3
14500,2011-06-03,2011-06-01,2011-08-19,3,356.85,true,1855,77.29,Repeat customer,61–90 days,3
16659,2011-06-03,2011-06-01,,1,39.12,false,,,One-time customer,No repeat purchase,0
16967,2011-06-03,2011-06-01,,1,319.02,false,,,One-time customer,No repeat purchase,0
13682,2011-06-05,2011-06-01,,1,59.5,false,,,One-time customer,No repeat purchase,0
15349,2011-06-05,2011-06-01,2011-07-04,2,463.91,true,697,29.01,Repeat customer,0–30 days,1
15453,2011-06-05,2011-06-01,2011-06-23,7,1371.77,true,439,18.3,Repeat customer,0–30 days,1
16682,2011-06-05,2011-06-01,2011-07-04,5,1028,true,695,28.99,Repeat customer,0–30 days,1
16963,2011-06-05,2011-06-01,,1,110.55,false,,,One-time customer,No repeat purchase,0
12535,2011-06-06,2011-06-01,2011-09-09,2,716.35,true,2276,94.83,Repeat customer,91–180 days,4
15386,2011-06-06,2011-06-01,,1,394.14,false,,,One-time customer,No repeat purchase,0
16849,2011-06-06,2011-06-01,,1,124.57,false,,,One-time customer,No repeat purchase,0
17252,2011-06-06,2011-06-01,2011-08-15,2,348.91,true,1673,69.71,Repeat customer,61–90 days,3
18248,2011-06-06,2011-06-01,2011-08-09,2,804.02,true,1533,63.88,Repeat customer,61–90 days,3
14542,2011-06-07,2011-06-01,,1,103.25,false,,,One-time customer,No repeat purchase,0
17015,2011-06-07,2011-06-01,2011-09-29,3,1838.61,true,2740,114.18,Repeat customer,91–180 days,4
17124,2011-06-07,2011-06-01,,1,294.24,false,,,One-time customer,No repeat purchase,0
18072,2011-06-07,2011-06-01,,1,247.44,false,,,One-time customer,No repeat purchase,0
14561,2011-06-08,2011-06-01,2011-06-30,3,1080.76,true,528,22.01,Repeat customer,0–30 days,1
14622,2011-06-08,2011-06-01,,1,320.58,false,,,One-time customer,No repeat purchase,0
15238,2011-06-08,2011-06-01,2011-09-05,3,1071.99,true,2135,88.98,Repeat customer,61–90 days,3
15609,2011-06-08,2011-06-01,,1,298.48,false,,,One-time customer,No repeat purchase,0
15743,2011-06-08,2011-06-01,2011-08-18,4,775.96,true,1706,71.1,Repeat customer,61–90 days,3
17828,2011-06-08,2011-06-01,2011-06-22,4,1820.09,true,337,14.02,Repeat customer,0–30 days,1
14132,2011-06-09,2011-06-01,2011-06-30,11,3586.03,true,509,21.23,Repeat customer,0–30 days,1
16107,2011-06-09,2011-06-01,2011-07-22,7,3204.16,true,1026,42.75,Repeat customer,31–60 days,2
16113,2011-06-09,2011-06-01,,1,161.38,false,,,One-time customer,No repeat purchase,0
14178,2011-06-10,2011-06-01,2011-07-19,7,1600.26,true,937,39.01,Repeat customer,31–60 days,2
15098,2011-06-10,2011-06-01,2011-06-10,3,39916.5,true,0,0.0,Repeat customer,0–30 days,1
15267,2011-06-10,2011-06-01,2011-07-07,5,1717.36,true,649,27.05,Repeat customer,0–30 days,1
15411,2011-06-10,2011-06-01,2011-08-07,4,1348.93,true,1392,58.02,Repeat customer,31–60 days,2
15679,2011-06-10,2011-06-01,2011-07-08,4,781.28,true,677,28.21,Repeat customer,0–30 days,1
16581,2011-06-10,2011-06-01,,1,105.84,false,,,One-time customer,No repeat purchase,0
17234,2011-06-10,2011-06-01,,1,149.89,false,,,One-time customer,No repeat purchase,0
17265,2011-06-12,2011-06-01,2011-07-24,2,550.01,true,1006,41.95,Repeat customer,31–60 days,2
12732,2011-06-13,2011-06-01,,1,236.26,false,,,One-time customer,No repeat purchase,0
13517,2011-06-13,2011-06-01,2011-08-25,3,2128.42,true,1755,73.12,Repeat customer,61–90 days,3
15036,2011-06-13,2011-06-01,2011-06-15,3,429.56,true,49,2.05,Repeat customer,0–30 days,1
15069,2011-06-13,2011-06-01,,1,1109.53,false,,,One-time customer,No repeat purchase,0
16342,2011-06-13,2011-06-01,2011-07-17,4,322.41,true,819,34.15,Repeat customer,31–60 days,2
14503,2011-06-14,2011-06-01,2011-09-30,6,3543.26,true,2596,108.21,Repeat customer,91–180 days,4
12624,2011-06-15,2011-06-01,2011-08-25,2,641.13,true,1707,71.1,Repeat customer,61–90 days,3
13343,2011-06-15,2011-06-01,,1,353.43,false,,,One-time customer,No repeat purchase,0
14222,2011-06-15,2011-06-01,,1,683.17,false,,,One-time customer,No repeat purchase,0
16324,2011-06-15,2011-06-01,2011-08-03,3,408.59,true,1174,48.94,Repeat customer,31–60 days,2
18165,2011-06-15,2011-06-01,,1,302.46,false,,,One-time customer,No repeat purchase,0
12816,2011-06-16,2011-06-01,2011-09-05,2,572.2,true,1943,80.97,Repeat customer,61–90 days,3
13575,2011-06-16,2011-06-01,2011-07-29,5,732.07,true,1029,42.88,Repeat customer,31–60 days,2
13826,2011-06-16,2011-06-01,,1,189.5,false,,,One-time customer,No repeat purchase,0
14765,2011-06-16,2011-06-01,2011-08-19,3,254.11,true,1532,63.8,Repeat customer,61–90 days,3
15014,2011-06-16,2011-06-01,2011-10-27,2,257.67,true,3193,133.02,Repeat customer,91–180 days,4
15585,2011-06-16,2011-06-01,,1,455.3,false,,,One-time customer,No repeat purchase,0
16257,2011-06-16,2011-06-01,,1,46.95,false,,,One-time customer,No repeat purchase,0
16852,2011-06-16,2011-06-01,2011-11-29,2,144.91,true,3982,165.9,Repeat customer,91–180 days,4
16869,2011-06-17,2011-06-01,2011-06-27,4,817.12,true,239,9.97,Repeat customer,0–30 days,1
13568,2011-06-19,2011-06-01,,1,187.05,false,,,One-time customer,No repeat purchase,0
13618,2011-06-19,2011-06-01,,1,177.34,false,,,One-time customer,No repeat purchase,0
15334,2011-06-19,2011-06-01,2011-06-29,3,350.82,true,241,10.02,Repeat customer,0–30 days,1
15700,2011-06-19,2011-06-01,2011-06-20,2,696.68,true,25,1.05,Repeat customer,0–30 days,1
15909,2011-06-19,2011-06-01,,1,191.94,false,,,One-time customer,No repeat purchase,0
16744,2011-06-19,2011-06-01,2011-07-17,7,1291.91,true,671,27.98,Repeat customer,0–30 days,1
17562,2011-06-19,2011-06-01,2011-07-06,7,1122.38,true,405,16.91,Repeat customer,0–30 days,1
17879,2011-06-19,2011-06-01,,1,178.52,false,,,One-time customer,No repeat purchase,0
12432,2011-06-20,2011-06-01,2011-06-20,5,5059.32,true,0,0.0,Repeat customer,0–30 days,1
12904,2011-06-20,2011-06-01,2011-11-21,2,496.06,true,3697,154.05,Repeat customer,91–180 days,4
14808,2011-06-20,2011-06-01,2011-06-26,8,2718.6,true,144,6.0,Repeat customer,0–30 days,1
15825,2011-06-20,2011-06-01,,1,532.94,false,,,One-time customer,No repeat purchase,0
15840,2011-06-20,2011-06-01,2011-10-12,2,355.56,true,2734,113.89,Repeat customer,91–180 days,4
17444,2011-06-20,2011-06-01,2011-07-11,3,2940.04,true,505,21.06,Repeat customer,0–30 days,1
12444,2011-06-21,2011-06-01,2011-08-10,5,5005.46,true,1194,49.78,Repeat customer,31–60 days,2
12830,2011-06-21,2011-06-01,2011-07-06,6,6814.64,true,360,15.0,Repeat customer,0–30 days,1
12930,2011-06-21,2011-06-01,2011-09-22,2,415.8,true,2234,93.08,Repeat customer,91–180 days,4
14960,2011-06-21,2011-06-01,2011-12-01,2,221.27,true,3911,162.97,Repeat customer,91–180 days,4
15412,2011-06-21,2011-06-01,,1,190.53,false,,,One-time customer,No repeat purchase,0
15507,2011-06-21,2011-06-01,,1,475.86,false,,,One-time customer,No repeat purchase,0
13420,2011-06-22,2011-06-01,2011-07-13,2,159.85,true,501,20.88,Repeat customer,0–30 days,1
16114,2011-06-22,2011-06-01,,1,135.75,false,,,One-time customer,No repeat purchase,0
16247,2011-06-22,2011-06-01,,1,114.56,false,,,One-time customer,No repeat purchase,0
17877,2011-06-22,2011-06-01,,1,237.61,false,,,One-time customer,No repeat purchase,0
12465,2011-06-23,2011-06-01,2011-11-22,2,742.19,true,3651,152.12,Repeat customer,91–180 days,4
12697,2011-06-23,2011-06-01,2011-07-31,3,957.59,true,911,37.94,Repeat customer,31–60 days,2
12704,2011-06-23,2011-06-01,2011-08-04,8,2340.84,true,1008,41.99,Repeat customer,31–60 days,2
12919,2011-06-23,2011-06-01,2011-07-12,6,1335.19,true,464,19.33,Repeat customer,0–30 days,1
15130,2011-06-23,2011-06-01,,1,330.11,false,,,One-time customer,No repeat purchase,0
17370,2011-06-23,2011-06-01,2011-09-08,4,446.18,true,1851,77.1,Repeat customer,61–90 days,3
13791,2011-06-24,2011-06-01,2011-08-04,2,1516,true,979,40.8,Repeat customer,31–60 days,2
12548,2011-06-26,2011-06-01,,1,95.2,false,,,One-time customer,No repeat purchase,0
14795,2011-06-26,2011-06-01,,1,131.45,false,,,One-time customer,No repeat purchase,0
14351,2011-06-28,2011-06-01,,1,51,false,,,One-time customer,No repeat purchase,0
16671,2011-06-28,2011-06-01,2011-11-04,3,1692.27,true,3094,128.93,Repeat customer,91–180 days,4
17391,2011-06-28,2011-06-01,2011-06-29,2,508.8,true,21,0.9,Repeat customer,0–30 days,1
17750,2011-06-28,2011-06-01,2011-07-15,9,1710.45,true,410,17.07,Repeat customer,0–30 days,1
17997,2011-06-28,2011-06-01,2011-07-06,8,1962.46,true,191,7.98,Repeat customer,0–30 days,1
14383,2011-06-29,2011-06-01,2011-10-06,3,1247.69,true,2379,99.11,Repeat customer,91–180 days,4
15537,2011-06-29,2011-06-01,,1,110.92,false,,,One-time customer,No repeat purchase,0
17837,2011-06-29,2011-06-01,2011-07-07,8,1541.23,true,193,8.04,Repeat customer,0–30 days,1
15578,2011-06-30,2011-06-01,,1,127.1,false,,,One-time customer,No repeat purchase,0
16498,2011-06-30,2011-06-01,2011-07-01,2,100.97,true,20,0.8,Repeat customer,0–30 days,1
17891,2011-06-30,2011-06-01,,1,203.86,false,,,One-time customer,No repeat purchase,0
12922,2011-07-01,2011-07-01,,1,405.38,false,,,One-time customer,No repeat purchase,0
13730,2011-07-01,2011-07-01,2011-07-27,2,752.6,true,620,25.82,Repeat customer,0–30 days,1
16866,2011-07-01,2011-07-01,2011-07-10,3,207.74,true,214,8.9,Repeat customer,0–30 days,1
15007,2011-07-03,2011-07-01,,1,156.91,false,,,One-time customer,No repeat purchase,0
16009,2011-07-03,2011-07-01,2011-10-27,4,972.11,true,2785,116.04,Repeat customer,91–180 days,4
17312,2011-07-03,2011-07-01,2011-07-07,3,644.3,true,103,4.29,Repeat customer,0–30 days,1
17899,2011-07-03,2011-07-01,,1,154.55,false,,,One-time customer,No repeat purchase,0
17939,2011-07-03,2011-07-01,,1,99.14,false,,,One-time customer,No repeat purchase,0
18265,2011-07-04,2011-07-01,2011-09-28,2,801.51,true,2063,85.95,Repeat customer,61–90 days,3
14034,2011-07-05,2011-07-01,2011-07-05,3,648.89,true,0,0.01,Repeat customer,0–30 days,1
16338,2011-07-05,2011-07-01,,1,214.8,false,,,One-time customer,No repeat purchase,0
16616,2011-07-05,2011-07-01,2011-11-24,2,500.42,true,3411,142.12,Repeat customer,91–180 days,4
17024,2011-07-05,2011-07-01,2011-09-01,3,95.85,true,1398,58.24,Repeat customer,31–60 days,2
14002,2011-07-06,2011-07-01,2011-07-28,2,529.73,true,529,22.04,Repeat customer,0–30 days,1
13486,2011-07-07,2011-07-01,2011-08-03,3,1122.41,true,644,26.83,Repeat customer,0–30 days,1
13681,2011-07-07,2011-07-01,2011-10-02,4,827.83,true,2084,86.85,Repeat customer,61–90 days,3
15505,2011-07-07,2011-07-01,2011-08-05,5,3610.96,true,698,29.07,Repeat customer,0–30 days,1
16929,2011-07-07,2011-07-01,2011-08-04,7,1295.39,true,672,27.98,Repeat customer,0–30 days,1
17892,2011-07-07,2011-07-01,2011-10-13,3,244.1,true,2353,98.02,Repeat customer,91–180 days,4
18013,2011-07-07,2011-07-01,2011-07-07,2,187.29,true,0,0.0,Repeat customer,0–30 days,1
12461,2011-07-08,2011-07-01,2011-09-06,2,826.88,true,1446,60.27,Repeat customer,61–90 days,3
18121,2011-07-08,2011-07-01,2011-07-13,2,653.3,true,120,5.03,Repeat customer,0–30 days,1
15467,2011-07-10,2011-07-01,2011-07-17,3,524.88,true,169,7.03,Repeat customer,0–30 days,1
18024,2011-07-10,2011-07-01,2011-07-10,2,389.78,true,0,0.01,Repeat customer,0–30 days,1
12556,2011-07-11,2011-07-01,2011-10-20,2,599.56,true,2424,100.98,Repeat customer,91–180 days,4
13058,2011-07-11,2011-07-01,2011-10-12,3,271.4,true,2233,93.06,Repeat customer,91–180 days,4
13224,2011-07-11,2011-07-01,2011-10-10,2,2155.95,true,2184,91.03,Repeat customer,91–180 days,4
13678,2011-07-11,2011-07-01,,1,232.6,false,,,One-time customer,No repeat purchase,0
12722,2011-07-12,2011-07-01,2011-08-14,4,997.63,true,792,32.97,Repeat customer,31–60 days,2
13311,2011-07-12,2011-07-01,2011-12-05,2,598.57,true,3502,145.94,Repeat customer,91–180 days,4
16989,2011-07-12,2011-07-01,2011-09-02,6,1133.25,true,1252,52.2,Repeat customer,31–60 days,2
17405,2011-07-12,2011-07-01,2011-09-28,3,1031.41,true,1868,77.84,Repeat customer,61–90 days,3
18122,2011-07-12,2011-07-01,2011-09-16,6,1793.06,true,1585,66.04,Repeat customer,61–90 days,3
13667,2011-07-13,2011-07-01,,1,299.05,false,,,One-time customer,No repeat purchase,0
15895,2011-07-13,2011-07-01,,1,179.17,false,,,One-time customer,No repeat purchase,0
12405,2011-07-14,2011-07-01,,1,1710.39,false,,,One-time customer,No repeat purchase,0
13933,2011-07-14,2011-07-01,2011-08-22,2,608.79,true,937,39.02,Repeat customer,31–60 days,2
13994,2011-07-14,2011-07-01,2011-08-26,6,2274.14,true,1025,42.71,Repeat customer,31–60 days,2
14862,2011-07-14,2011-07-01,2011-11-14,2,841.2,true,2951,122.95,Repeat customer,91–180 days,4
15839,2011-07-14,2011-07-01,2011-09-20,3,1048.49,true,1628,67.82,Repeat customer,61–90 days,3
16488,2011-07-14,2011-07-01,2011-08-17,3,498.8,true,814,33.89,Repeat customer,31–60 days,2
17554,2011-07-14,2011-07-01,2011-08-09,5,1952.45,true,614,25.59,Repeat customer,0–30 days,1
15004,2011-07-15,2011-07-01,,1,1220.77,false,,,One-time customer,No repeat purchase,0
17948,2011-07-15,2011-07-01,,1,358.56,false,,,One-time customer,No repeat purchase,0
12833,2011-07-17,2011-07-01,,1,417.38,false,,,One-time customer,No repeat purchase,0
13507,2011-07-17,2011-07-01,2011-08-24,4,2479.16,true,916,38.14,Repeat customer,31–60 days,2
16474,2011-07-17,2011-07-01,2011-09-11,7,1810.65,true,1346,56.05,Repeat customer,31–60 days,2
13940,2011-07-18,2011-07-01,2011-08-15,4,839.14,true,668,27.86,Repeat customer,0–30 days,1
14029,2011-07-18,2011-07-01,2011-10-07,2,467.66,true,1942,80.91,Repeat customer,61–90 days,3
16762,2011-07-18,2011-07-01,2011-10-25,3,1207.24,true,2374,98.89,Repeat customer,91–180 days,4
12560,2011-07-19,2011-07-01,2011-08-19,3,2134.01,true,744,30.98,Repeat customer,31–60 days,2
13827,2011-07-19,2011-07-01,2011-07-29,3,409.8,true,236,9.84,Repeat customer,0–30 days,1
13991,2011-07-19,2011-07-01,2011-09-25,6,852.88,true,1633,68.03,Repeat customer,61–90 days,3
14117,2011-07-19,2011-07-01,,1,90,false,,,One-time customer,No repeat purchase,0
16764,2011-07-19,2011-07-01,2011-07-31,13,2790.95,true,282,11.76,Repeat customer,0–30 days,1
17779,2011-07-19,2011-07-01,2011-09-13,3,650.32,true,1343,55.96,Repeat customer,31–60 days,2
12521,2011-07-20,2011-07-01,,1,599.68,false,,,One-time customer,No repeat purchase,0
14456,2011-07-20,2011-07-01,2011-07-20,9,3017.28,true,0,0.0,Repeat customer,0–30 days,1
15802,2011-07-20,2011-07-01,,1,451.42,false,,,One-time customer,No repeat purchase,0
16464,2011-07-20,2011-07-01,2011-09-20,3,1298.66,true,1488,61.99,Repeat customer,61–90 days,3
17229,2011-07-20,2011-07-01,2011-09-04,2,318.76,true,1105,46.05,Repeat customer,31–60 days,2
18180,2011-07-20,2011-07-01,2011-07-26,6,1843.75,true,144,5.99,Repeat customer,0–30 days,1
14259,2011-07-21,2011-07-01,,1,120,false,,,One-time customer,No repeat purchase,0
14517,2011-07-21,2011-07-01,2011-11-06,2,330.45,true,2595,108.11,Repeat customer,91–180 days,4
16041,2011-07-21,2011-07-01,2011-07-21,3,3166.4,true,0,0.0,Repeat customer,0–30 days,1
18143,2011-07-21,2011-07-01,2011-08-15,2,1000.16,true,602,25.06,Repeat customer,0–30 days,1
12438,2011-07-22,2011-07-01,2011-11-25,2,2906.85,true,3024,126.0,Repeat customer,91–180 days,4
12627,2011-07-22,2011-07-01,2011-08-02,7,4478.53,true,260,10.81,Repeat customer,0–30 days,1
13563,2011-07-22,2011-07-01,2011-09-16,2,777.53,true,1341,55.89,Repeat customer,31–60 days,2
15232,2011-07-22,2011-07-01,2011-08-18,2,612.06,true,652,27.17,Repeat customer,0–30 days,1
15829,2011-07-22,2011-07-01,2011-09-01,2,636.14,true,990,41.27,Repeat customer,31–60 days,2
13116,2011-07-24,2011-07-01,,1,501.14,false,,,One-time customer,No repeat purchase,0
14019,2011-07-24,2011-07-01,2011-09-02,3,1421.61,true,957,39.88,Repeat customer,31–60 days,2
16305,2011-07-24,2011-07-01,,1,361.22,false,,,One-time customer,No repeat purchase,0
17724,2011-07-24,2011-07-01,2011-09-20,3,1033,true,1393,58.06,Repeat customer,31–60 days,2
14100,2011-07-25,2011-07-01,,1,191.95,false,,,One-time customer,No repeat purchase,0
16364,2011-07-25,2011-07-01,2011-11-28,2,705.79,true,3021,125.87,Repeat customer,91–180 days,4
16557,2011-07-25,2011-07-01,2011-11-15,2,281.85,true,2713,113.03,Repeat customer,91–180 days,4
17693,2011-07-25,2011-07-01,,1,200.47,false,,,One-time customer,No repeat purchase,0
13379,2011-07-26,2011-07-01,2011-10-02,3,572.56,true,1635,68.12,Repeat customer,61–90 days,3
13930,2011-07-26,2011-07-01,2011-10-13,2,337.34,true,1894,78.95,Repeat customer,61–90 days,3
15618,2011-07-26,2011-07-01,2011-09-08,4,776.85,true,1058,44.11,Repeat customer,31–60 days,2
12397,2011-07-27,2011-07-01,2011-11-04,2,2409.9,true,2395,99.81,Repeat customer,91–180 days,4
14305,2011-07-27,2011-07-01,2011-08-18,3,1858.96,true,520,21.67,Repeat customer,0–30 days,1
14331,2011-07-27,2011-07-01,2011-08-07,2,462.66,true,262,10.92,Repeat customer,0–30 days,1
12453,2011-07-28,2011-07-01,,1,707.09,false,,,One-time customer,No repeat purchase,0
12743,2011-07-28,2011-07-01,2011-07-28,2,540.13,true,0,0.01,Repeat customer,0–30 days,1
13925,2011-07-28,2011-07-01,2011-08-10,4,678.25,true,312,13.02,Repeat customer,0–30 days,1
15118,2011-07-28,2011-07-01,,1,244.8,false,,,One-time customer,No repeat purchase,0
15746,2011-07-28,2011-07-01,,1,196.88,false,,,One-time customer,No repeat purchase,0
18237,2011-07-28,2011-07-01,2011-08-12,5,987.1,true,359,14.99,Repeat customer,0–30 days,1
12716,2011-07-29,2011-07-01,2011-12-06,2,1053.49,true,3115,129.81,Repeat customer,91–180 days,4
12981,2011-07-29,2011-07-01,2011-11-10,2,372.22,true,2494,103.91,Repeat customer,91–180 days,4
13928,2011-07-29,2011-07-01,2011-08-25,4,464.57,true,645,26.84,Repeat customer,0–30 days,1
14143,2011-07-29,2011-07-01,,1,115.8,false,,,One-time customer,No repeat purchase,0
14511,2011-07-29,2011-07-01,2011-09-08,5,1314.81,true,985,41.05,Repeat customer,31–60 days,2
15120,2011-07-29,2011-07-01,,1,358.82,false,,,One-time customer,No repeat purchase,0
15776,2011-07-29,2011-07-01,,1,241.62,false,,,One-time customer,No repeat purchase,0
15942,2011-07-29,2011-07-01,,1,337.44,false,,,One-time customer,No repeat purchase,0
18081,2011-07-29,2011-07-01,2011-08-19,3,343.45,true,505,21.02,Repeat customer,0–30 days,1
15438,2011-07-31,2011-07-01,,1,156.58,false,,,One-time customer,No repeat purchase,0
17173,2011-07-31,2011-07-01,2011-08-15,8,3766.6,true,355,14.79,Repeat customer,0–30 days,1
12534,2011-08-01,2011-08-01,,1,1089.18,false,,,One-time customer,No repeat purchase,0
12828,2011-08-01,2011-08-01,2011-08-19,6,1018.71,true,425,17.71,Repeat customer,0–30 days,1
14567,2011-08-01,2011-08-01,2011-10-14,2,1530.36,true,1773,73.86,Repeat customer,61–90 days,3
14937,2011-08-01,2011-08-01,2011-10-14,3,1621.88,true,1774,73.92,Repeat customer,61–90 days,3
17053,2011-08-01,2011-08-01,,1,498.48,false,,,One-time customer,No repeat purchase,0
13075,2011-08-02,2011-08-01,,1,919.61,false,,,One-time customer,No repeat purchase,0
13805,2011-08-02,2011-08-01,2011-10-18,2,924.6,true,1847,76.97,Repeat customer,61–90 days,3
13850,2011-08-02,2011-08-01,,1,1595.48,false,,,One-time customer,No repeat purchase,0
14076,2011-08-02,2011-08-01,,1,118.67,false,,,One-time customer,No repeat purchase,0
15342,2011-08-02,2011-08-01,,1,406.09,false,,,One-time customer,No repeat purchase,0
17788,2011-08-02,2011-08-01,2011-09-27,2,1117.9,true,1344,55.98,Repeat customer,31–60 days,2
17887,2011-08-02,2011-08-01,,1,111.35,false,,,One-time customer,No repeat purchase,0
12750,2011-08-03,2011-08-01,,1,275.88,false,,,One-time customer,No repeat purchase,0
13186,2011-08-03,2011-08-01,2011-09-07,3,1575.89,true,842,35.11,Repeat customer,31–60 days,2
15089,2011-08-03,2011-08-01,2011-08-23,6,2420.84,true,479,19.98,Repeat customer,0–30 days,1
16102,2011-08-03,2011-08-01,2011-09-02,3,1842.14,true,719,29.96,Repeat customer,0–30 days,1
17656,2011-08-03,2011-08-01,2011-08-17,5,1674.69,true,339,14.1,Repeat customer,0–30 days,1
12689,2011-08-04,2011-08-01,2011-11-14,2,1247.61,true,2446,101.94,Repeat customer,91–180 days,4
13218,2011-08-04,2011-08-01,,1,62.64,false,,,One-time customer,No repeat purchase,0
14768,2011-08-04,2011-08-01,2011-11-22,2,192.6,true,2639,109.98,Repeat customer,91–180 days,4
15205,2011-08-04,2011-08-01,2011-09-15,2,653.24,true,1011,42.15,Repeat customer,31–60 days,2
17267,2011-08-04,2011-08-01,2011-08-04,2,317.2,true,0,0.0,Repeat customer,0–30 days,1
18099,2011-08-04,2011-08-01,,1,168.31,false,,,One-time customer,No repeat purchase,0
12610,2011-08-05,2011-08-01,2011-08-25,5,2099.54,true,479,19.96,Repeat customer,0–30 days,1
13200,2011-08-05,2011-08-01,2011-09-26,4,870.09,true,1248,51.97,Repeat customer,31–60 days,2
14720,2011-08-05,2011-08-01,2011-09-11,3,663.81,true,889,37.08,Repeat customer,31–60 days,2
16302,2011-08-05,2011-08-01,,1,233.22,false,,,One-time customer,No repeat purchase,0
18282,2011-08-05,2011-08-01,2011-12-02,2,178.05,true,2854,118.92,Repeat customer,91–180 days,4
16066,2011-08-07,2011-08-01,2011-10-09,5,1521.04,true,1509,62.89,Repeat customer,61–90 days,3
12885,2011-08-08,2011-08-01,2011-10-07,3,1175.22,true,1442,60.08,Repeat customer,61–90 days,3
13016,2011-08-08,2011-08-01,2011-09-27,3,789.89,true,1199,49.96,Repeat customer,31–60 days,2
17331,2011-08-08,2011-08-01,,1,175.2,false,,,One-time customer,No repeat purchase,0
13355,2011-08-09,2011-08-01,,1,674.7,false,,,One-time customer,No repeat purchase,0
12384,2011-08-10,2011-08-01,2011-11-11,2,585.27,true,2229,92.89,Repeat customer,91–180 days,4
12571,2011-08-10,2011-08-01,2011-10-31,2,519.61,true,1966,81.91,Repeat customer,61–90 days,3
14116,2011-08-10,2011-08-01,2011-09-08,5,1382.74,true,693,28.88,Repeat customer,0–30 days,1
13645,2011-08-11,2011-08-01,,1,252.1,false,,,One-time customer,No repeat purchase,0
17653,2011-08-11,2011-08-01,2011-09-01,4,1207.56,true,501,20.87,Repeat customer,0–30 days,1
12381,2011-08-12,2011-08-01,2011-10-11,5,1845.31,true,1446,60.24,Repeat customer,61–90 days,3
14406,2011-08-12,2011-08-01,,1,156.75,false,,,One-time customer,No repeat purchase,0
14658,2011-08-14,2011-08-01,2011-12-04,2,247.15,true,2688,112.0,Repeat customer,91–180 days,4
13621,2011-08-15,2011-08-01,,1,213.85,false,,,One-time customer,No repeat purchase,0
15315,2011-08-15,2011-08-01,2011-10-06,2,570.5,true,1245,51.9,Repeat customer,31–60 days,2
15706,2011-08-15,2011-08-01,2011-09-25,4,1060.56,true,982,40.93,Repeat customer,31–60 days,2
16272,2011-08-15,2011-08-01,,1,411.7,false,,,One-time customer,No repeat purchase,0
16902,2011-08-15,2011-08-01,,1,1706.88,false,,,One-time customer,No repeat purchase,0
12641,2011-08-16,2011-08-01,,1,185.9,false,,,One-time customer,No repeat purchase,0
13159,2011-08-16,2011-08-01,2011-08-25,4,1429.35,true,220,9.14,Repeat customer,0–30 days,1
13189,2011-08-16,2011-08-01,2011-11-21,2,260.68,true,2325,96.89,Repeat customer,91–180 days,4
13470,2011-08-16,2011-08-01,2011-09-01,2,165,true,381,15.91,Repeat customer,0–30 days,1
15653,2011-08-16,2011-08-01,2011-09-08,2,877.44,true,553,23.04,Repeat customer,0–30 days,1
17637,2011-08-16,2011-08-01,2011-11-08,2,547.06,true,2015,83.98,Repeat customer,61–90 days,3
15541,2011-08-17,2011-08-01,,1,85.13,false,,,One-time customer,No repeat purchase,0
16706,2011-08-17,2011-08-01,2011-09-02,3,531.35,true,382,15.91,Repeat customer,0–30 days,1
16734,2011-08-17,2011-08-01,2011-08-17,3,646.76,true,0,0.0,Repeat customer,0–30 days,1
12680,2011-08-18,2011-08-01,2011-09-11,4,880.81,true,573,23.86,Repeat customer,0–30 days,1
12688,2011-08-18,2011-08-01,,1,4873.81,false,,,One-time customer,No repeat purchase,0
12729,2011-08-18,2011-08-01,,1,453.01,false,,,One-time customer,No repeat purchase,0
12962,2011-08-18,2011-08-01,2011-12-02,2,266.39,true,2546,106.1,Repeat customer,91–180 days,4
13273,2011-08-18,2011-08-01,,1,138.98,false,,,One-time customer,No repeat purchase,0
15472,2011-08-18,2011-08-01,,1,371.56,false,,,One-time customer,No repeat purchase,0
16582,2011-08-18,2011-08-01,,1,313.62,false,,,One-time customer,No repeat purchase,0
17736,2011-08-18,2011-08-01,2011-10-28,3,377.44,true,1699,70.77,Repeat customer,61–90 days,3
12364,2011-08-19,2011-08-01,2011-09-22,4,1313.1,true,817,34.03,Repeat customer,31–60 days,2
12513,2011-08-19,2011-08-01,,1,612.29,false,,,One-time customer,No repeat purchase,0
12968,2011-08-19,2011-08-01,,1,135.95,false,,,One-time customer,No repeat purchase,0
14772,2011-08-19,2011-08-01,,1,139.26,false,,,One-time customer,No repeat purchase,0
16828,2011-08-19,2011-08-01,2011-09-07,2,128.5,true,458,19.07,Repeat customer,0–30 days,1
17747,2011-08-19,2011-08-01,,1,71.4,false,,,One-time customer,No repeat purchase,0
12518,2011-08-21,2011-08-01,2011-09-23,5,2056.89,true,794,33.1,Repeat customer,31–60 days,2
14529,2011-08-21,2011-08-01,2011-09-23,3,578.61,true,791,32.98,Repeat customer,31–60 days,2
15313,2011-08-21,2011-08-01,,1,52,false,,,One-time customer,No repeat purchase,0
15701,2011-08-21,2011-08-01,2011-09-27,4,1529,true,886,36.92,Repeat customer,31–60 days,2
16536,2011-08-21,2011-08-01,,1,548.12,false,,,One-time customer,No repeat purchase,0
14387,2011-08-22,2011-08-01,2011-09-26,3,1727.6,true,838,34.95,Repeat customer,31–60 days,2
15801,2011-08-22,2011-08-01,2011-10-10,3,1063.95,true,1182,49.24,Repeat customer,31–60 days,2
17073,2011-08-22,2011-08-01,2011-09-18,4,1446.09,true,650,27.06,Repeat customer,0–30 days,1
14418,2011-08-23,2011-08-01,2011-11-14,3,1937.25,true,1988,82.86,Repeat customer,61–90 days,3
14523,2011-08-23,2011-08-01,,1,241.09,false,,,One-time customer,No repeat purchase,0
18147,2011-08-23,2011-08-01,2011-10-25,2,179.34,true,1511,62.98,Repeat customer,61–90 days,3
12642,2011-08-24,2011-08-01,2011-10-20,3,1013.26,true,1371,57.13,Repeat customer,31–60 days,2
13411,2011-08-24,2011-08-01,,1,213.55,false,,,One-time customer,No repeat purchase,0
16968,2011-08-24,2011-08-01,2011-12-05,2,439.43,true,2477,103.17,Repeat customer,91–180 days,4
12715,2011-08-25,2011-08-01,,1,343.36,false,,,One-time customer,No repeat purchase,0
13236,2011-08-25,2011-08-01,2011-11-15,2,744.85,true,1972,82.16,Repeat customer,61–90 days,3
14050,2011-08-25,2011-08-01,2011-11-08,2,746.36,true,1797,74.84,Repeat customer,61–90 days,3
14196,2011-08-25,2011-08-01,,1,335.52,false,,,One-time customer,No repeat purchase,0
15263,2011-08-25,2011-08-01,,1,156.51,false,,,One-time customer,No repeat purchase,0
15663,2011-08-25,2011-08-01,,1,138.14,false,,,One-time customer,No repeat purchase,0
16093,2011-08-25,2011-08-01,,1,17,false,,,One-time customer,No repeat purchase,0
16429,2011-08-25,2011-08-01,,1,284.55,false,,,One-time customer,No repeat purchase,0
17844,2011-08-25,2011-08-01,,1,51.56,false,,,One-time customer,No repeat purchase,0
18200,2011-08-25,2011-08-01,,1,150.35,false,,,One-time customer,No repeat purchase,0
13644,2011-08-26,2011-08-01,2011-09-27,4,2624.26,true,767,31.94,Repeat customer,31–60 days,2
13812,2011-08-26,2011-08-01,2011-10-06,3,539,true,986,41.07,Repeat customer,31–60 days,2
14141,2011-08-26,2011-08-01,2011-09-27,4,915.13,true,765,31.87,Repeat customer,31–60 days,2
17183,2011-08-26,2011-08-01,2011-10-16,6,3347.31,true,1224,51.0,Repeat customer,31–60 days,2
17451,2011-08-26,2011-08-01,2011-09-19,7,1721.4,true,574,23.9,Repeat customer,0–30 days,1
18167,2011-08-26,2011-08-01,2011-11-04,3,1384.86,true,1682,70.09,Repeat customer,61–90 days,3
12814,2011-08-30,2011-08-01,,1,125.92,false,,,One-time customer,No repeat purchase,0
14096,2011-08-30,2011-08-01,2011-09-02,17,65164.79,true,77,3.21,Repeat customer,0–30 days,1
15866,2011-08-30,2011-08-01,,1,211.89,false,,,One-time customer,No repeat purchase,0
13726,2011-08-31,2011-08-01,2011-11-01,2,1079.66,true,1487,61.99,Repeat customer,61–90 days,3
14660,2011-08-31,2011-08-01,2011-09-14,2,285.74,true,337,14.04,Repeat customer,0–30 days,1
15690,2011-08-31,2011-08-01,2011-12-05,2,239.76,true,2308,96.18,Repeat customer,91–180 days,4
17777,2011-08-31,2011-08-01,2011-10-31,3,647.56,true,1463,60.94,Repeat customer,61–90 days,3
12436,2011-09-01,2011-09-01,,1,509.01,false,,,One-time customer,No repeat purchase,0
13099,2011-09-01,2011-09-01,,1,207.36,false,,,One-time customer,No repeat purchase,0
13147,2011-09-01,2011-09-01,2011-10-27,4,712.8,true,1348,56.17,Repeat customer,31–60 days,2
12375,2011-09-02,2011-09-01,2011-11-29,2,457.5,true,2108,87.84,Repeat customer,61–90 days,3
12794,2011-09-02,2011-09-01,2011-10-17,2,860.41,true,1082,45.12,Repeat customer,31–60 days,2
12832,2011-09-02,2011-09-01,2011-11-07,2,383.03,true,1584,65.99,Repeat customer,61–90 days,3
16173,2011-09-02,2011-09-01,2011-09-09,6,1418.32,true,162,6.74,Repeat customer,0–30 days,1
16674,2011-09-02,2011-09-01,2011-10-16,2,304.24,true,1054,43.9,Repeat customer,31–60 days,2
18027,2011-09-02,2011-09-01,,1,115.31,false,,,One-time customer,No repeat purchase,0
13808,2011-09-04,2011-09-01,2011-09-07,5,1747.66,true,72,3.0,Repeat customer,0–30 days,1
14067,2011-09-04,2011-09-01,2011-10-07,2,374.7,true,790,32.93,Repeat customer,31–60 days,2
14335,2011-09-04,2011-09-01,2011-11-23,2,454.86,true,1920,80.02,Repeat customer,61–90 days,3
14965,2011-09-04,2011-09-01,2011-09-04,2,596.09,true,0,0.0,Repeat customer,0–30 days,1
15136,2011-09-04,2011-09-01,2011-11-17,4,1286.7,true,1776,74.02,Repeat customer,61–90 days,3
16629,2011-09-04,2011-09-01,2011-09-27,2,408.63,true,546,22.77,Repeat customer,0–30 days,1
16761,2011-09-04,2011-09-01,,1,316.62,false,,,One-time customer,No repeat purchase,0
15307,2011-09-05,2011-09-01,,1,205.3,false,,,One-time customer,No repeat purchase,0
16820,2011-09-05,2011-09-01,,1,497.61,false,,,One-time customer,No repeat purchase,0
18261,2011-09-05,2011-09-01,2011-10-27,2,324.24,true,1254,52.25,Repeat customer,31–60 days,2
12526,2011-09-06,2011-09-01,2011-10-17,3,1316.66,true,979,40.8,Repeat customer,31–60 days,2
13130,2011-09-06,2011-09-01,,1,64,false,,,One-time customer,No repeat purchase,0
13949,2011-09-06,2011-09-01,2011-09-23,6,2427.32,true,407,16.93,Repeat customer,0–30 days,1
14360,2011-09-06,2011-09-01,2011-10-03,4,2118.03,true,649,27.03,Repeat customer,0–30 days,1
12685,2011-09-07,2011-09-01,2011-09-08,6,2863.08,true,24,1.0,Repeat customer,0–30 days,1
13210,2011-09-07,2011-09-01,,1,353.48,false,,,One-time customer,No repeat purchase,0
17481,2011-09-07,2011-09-01,2011-11-03,4,1255.59,true,1375,57.28,Repeat customer,31–60 days,2
17573,2011-09-07,2011-09-01,2011-09-15,3,380.6,true,199,8.27,Repeat customer,0–30 days,1
13244,2011-09-08,2011-09-01,,1,121.74,false,,,One-time customer,No repeat purchase,0
18222,2011-09-08,2011-09-01,,1,443,false,,,One-time customer,No repeat purchase,0
12879,2011-09-09,2011-09-01,2011-09-19,3,573.22,true,242,10.09,Repeat customer,0–30 days,1
16603,2011-09-09,2011-09-01,2011-09-26,2,482.47,true,405,16.88,Repeat customer,0–30 days,1
16910,2011-09-09,2011-09-01,2011-09-14,8,1508.96,true,120,5.0,Repeat customer,0–30 days,1
12883,2011-09-11,2011-09-01,2011-11-15,4,703.47,true,1554,64.76,Repeat customer,61–90 days,3
12965,2011-09-11,2011-09-01,,1,769.81,false,,,One-time customer,No repeat purchase,0
13272,2011-09-11,2011-09-01,2011-11-08,2,276.56,true,1394,58.08,Repeat customer,31–60 days,2
13372,2011-09-11,2011-09-01,,1,378.64,false,,,One-time customer,No repeat purchase,0
14250,2011-09-11,2011-09-01,2011-12-02,3,1904.05,true,1969,82.03,Repeat customer,61–90 days,3
14432,2011-09-11,2011-09-01,2011-10-02,6,2248.5,true,505,21.07,Repeat customer,0–30 days,1
15035,2011-09-11,2011-09-01,,1,252.73,false,,,One-time customer,No repeat purchase,0
15533,2011-09-11,2011-09-01,2011-09-18,3,807.57,true,166,6.92,Repeat customer,0–30 days,1
16796,2011-09-11,2011-09-01,,1,305.62,false,,,One-time customer,No repeat purchase,0
17317,2011-09-11,2011-09-01,2011-10-18,3,2600.34,true,885,36.85,Repeat customer,31–60 days,2
12884,2011-09-12,2011-09-01,,1,309.05,false,,,One-time customer,No repeat purchase,0
13704,2011-09-12,2011-09-01,2011-09-13,9,2308.06,true,25,1.04,Repeat customer,0–30 days,1
16360,2011-09-12,2011-09-01,2011-09-20,6,3450.41,true,192,7.97,Repeat customer,0–30 days,1
18158,2011-09-12,2011-09-01,2011-11-30,2,453.4,true,1903,79.3,Repeat customer,61–90 days,3
12822,2011-09-13,2011-09-01,2011-09-30,2,948.88,true,405,16.85,Repeat customer,0–30 days,1
12940,2011-09-13,2011-09-01,2011-10-16,2,899.69,true,794,33.08,Repeat customer,31–60 days,2
14359,2011-09-13,2011-09-01,2011-10-28,3,912.18,true,1079,45.0,Repeat customer,31–60 days,2
15343,2011-09-13,2011-09-01,,1,364.5,false,,,One-time customer,No repeat purchase,0
15522,2011-09-13,2011-09-01,2011-11-07,2,397.99,true,1319,54.96,Repeat customer,31–60 days,2
16959,2011-09-13,2011-09-01,,1,117.35,false,,,One-time customer,No repeat purchase,0
17037,2011-09-13,2011-09-01,,1,1267.32,false,,,One-time customer,No repeat purchase,0
12566,2011-09-14,2011-09-01,,1,351.65,false,,,One-time customer,No repeat purchase,0
12756,2011-09-14,2011-09-01,,1,112.08,false,,,One-time customer,No repeat purchase,0
12895,2011-09-14,2011-09-01,2011-10-28,2,372.8,true,1061,44.22,Repeat customer,31–60 days,2
13321,2011-09-14,2011-09-01,2011-09-28,2,567.36,true,336,14.0,Repeat customer,0–30 days,1
13430,2011-09-14,2011-09-01,2011-11-21,2,679.45,true,1626,67.75,Repeat customer,61–90 days,3
13860,2011-09-14,2011-09-01,2011-10-18,5,1245.9,true,821,34.21,Repeat customer,31–60 days,2
15103,2011-09-14,2011-09-01,2011-11-08,2,703.36,true,1321,55.04,Repeat customer,31–60 days,2
15707,2011-09-14,2011-09-01,2011-10-06,4,916.98,true,529,22.07,Repeat customer,0–30 days,1
15933,2011-09-14,2011-09-01,2011-09-29,3,1107.46,true,364,15.19,Repeat customer,0–30 days,1
17347,2011-09-14,2011-09-01,,1,228.96,false,,,One-time customer,No repeat purchase,0
12995,2011-09-15,2011-09-01,,1,211.32,false,,,One-time customer,No repeat purchase,0
13518,2011-09-15,2011-09-01,,1,627.16,false,,,One-time customer,No repeat purchase,0
14557,2011-09-15,2011-09-01,,1,788.38,false,,,One-time customer,No repeat purchase,0
15417,2011-09-15,2011-09-01,,1,508.8,false,,,One-time customer,No repeat purchase,0
15511,2011-09-15,2011-09-01,2011-10-13,5,900.53,true,669,27.91,Repeat customer,0–30 days,1
16160,2011-09-15,2011-09-01,2011-10-05,2,1025.44,true,484,20.14,Repeat customer,0–30 days,1
16189,2011-09-15,2011-09-01,2011-11-24,2,215.48,true,1676,69.85,Repeat customer,61–90 days,3
17333,2011-09-15,2011-09-01,,1,494.25,false,,,One-time customer,No repeat purchase,0
17434,2011-09-15,2011-09-01,2011-10-20,7,2373.82,true,837,34.84,Repeat customer,31–60 days,2
17846,2011-09-15,2011-09-01,,1,2033.1,false,,,One-time customer,No repeat purchase,0
13323,2011-09-16,2011-09-01,2011-11-07,5,787.85,true,1251,52.11,Repeat customer,31–60 days,2
14124,2011-09-16,2011-09-01,,1,419.58,false,,,One-time customer,No repeat purchase,0
15099,2011-09-16,2011-09-01,,1,410.48,false,,,One-time customer,No repeat purchase,0
15975,2011-09-16,2011-09-01,,1,371.01,false,,,One-time customer,No repeat purchase,0
16878,2011-09-16,2011-09-01,,1,13.3,false,,,One-time customer,No repeat purchase,0
16924,2011-09-16,2011-09-01,2011-10-06,3,829.89,true,479,19.95,Repeat customer,0–30 days,1
17144,2011-09-16,2011-09-01,2011-12-08,2,984.57,true,1997,83.21,Repeat customer,61–90 days,3
13247,2011-09-18,2011-09-01,2011-10-19,4,501.12,true,747,31.12,Repeat customer,31–60 days,2
15947,2011-09-18,2011-09-01,,1,1708.24,false,,,One-time customer,No repeat purchase,0
16438,2011-09-18,2011-09-01,2011-10-27,5,798.35,true,942,39.27,Repeat customer,31–60 days,2
16689,2011-09-18,2011-09-01,2011-09-25,2,422.6,true,166,6.92,Repeat customer,0–30 days,1
12640,2011-09-19,2011-09-01,2011-11-15,3,1174.58,true,1364,56.86,Repeat customer,31–60 days,2
12752,2011-09-19,2011-09-01,,1,4366.78,false,,,One-time customer,No repeat purchase,0
13228,2011-09-19,2011-09-01,,1,358,false,,,One-time customer,No repeat purchase,0
13325,2011-09-19,2011-09-01,,1,675.3,false,,,One-time customer,No repeat purchase,0
13774,2011-09-19,2011-09-01,,1,345,false,,,One-time customer,No repeat purchase,0
14356,2011-09-19,2011-09-01,2011-09-21,2,701.23,true,43,1.77,Repeat customer,0–30 days,1
15500,2011-09-19,2011-09-01,2011-11-13,4,1131.56,true,1320,55.0,Repeat customer,31–60 days,2
16460,2011-09-19,2011-09-01,2011-09-28,3,811.23,true,218,9.09,Repeat customer,0–30 days,1
17628,2011-09-19,2011-09-01,,1,75.75,false,,,One-time customer,No repeat purchase,0
13356,2011-09-20,2011-09-01,,1,768.24,false,,,One-time customer,No repeat purchase,0
14164,2011-09-20,2011-09-01,2011-09-30,2,1631.77,true,240,10.0,Repeat customer,0–30 days,1
16215,2011-09-20,2011-09-01,,1,242.35,false,,,One-time customer,No repeat purchase,0
17564,2011-09-20,2011-09-01,2011-10-26,3,454.01,true,863,35.97,Repeat customer,31–60 days,2
12390,2011-09-21,2011-09-01,,1,549.84,false,,,One-time customer,No repeat purchase,0
12550,2011-09-21,2011-09-01,,1,964.83,false,,,One-time customer,No repeat purchase,0
13350,2011-09-21,2011-09-01,2011-11-23,2,979.12,true,1515,63.13,Repeat customer,61–90 days,3
14780,2011-09-21,2011-09-01,2011-10-16,2,447.68,true,597,24.9,Repeat customer,0–30 days,1
14887,2011-09-21,2011-09-01,,1,1862,false,,,One-time customer,No repeat purchase,0
14951,2011-09-21,2011-09-01,,1,311.69,false,,,One-time customer,No repeat purchase,0
15399,2011-09-21,2011-09-01,2011-11-17,3,815.77,true,1368,56.96,Repeat customer,31–60 days,2
16627,2011-09-21,2011-09-01,,1,322.8,false,,,One-time customer,No repeat purchase,0
17415,2011-09-21,2011-09-01,,1,507.84,false,,,One-time customer,No repeat purchase,0
17475,2011-09-21,2011-09-01,,1,194.37,false,,,One-time customer,No repeat purchase,0
18228,2011-09-21,2011-09-01,2011-10-14,2,779.9,true,551,22.94,Repeat customer,0–30 days,1
12579,2011-09-22,2011-09-01,,1,440.42,false,,,One-time customer,No repeat purchase,0
12657,2011-09-22,2011-09-01,2011-10-28,4,1643.18,true,871,36.27,Repeat customer,31–60 days,2
12906,2011-09-22,2011-09-01,2011-09-22,5,2919.81,true,0,0.0,Repeat customer,0–30 days,1
12936,2011-09-22,2011-09-01,2011-11-18,4,1063.9,true,1365,56.87,Repeat customer,31–60 days,2
12952,2011-09-22,2011-09-01,2011-10-27,4,1387.79,true,840,35.02,Repeat customer,31–60 days,2
13279,2011-09-22,2011-09-01,,1,137.75,false,,,One-time customer,No repeat purchase,0
14125,2011-09-22,2011-09-01,2011-11-11,3,2720.63,true,1197,49.86,Repeat customer,31–60 days,2
14261,2011-09-22,2011-09-01,2011-10-20,2,1163.45,true,672,27.97,Repeat customer,0–30 days,1
15239,2011-09-22,2011-09-01,2011-11-29,2,780.59,true,1637,68.18,Repeat customer,61–90 days,3
15398,2011-09-22,2011-09-01,2011-11-23,2,1345.53,true,1490,62.08,Repeat customer,61–90 days,3
16213,2011-09-22,2011-09-01,,1,159,false,,,One-time customer,No repeat purchase,0
16236,2011-09-22,2011-09-01,,1,432.2,false,,,One-time customer,No repeat purchase,0
16379,2011-09-22,2011-09-01,2011-11-02,4,2157.4,true,989,41.19,Repeat customer,31–60 days,2
16669,2011-09-22,2011-09-01,2011-09-22,3,1348.88,true,0,0.0,Repeat customer,0–30 days,1
17079,2011-09-22,2011-09-01,,1,118.8,false,,,One-time customer,No repeat purchase,0
17466,2011-09-22,2011-09-01,2011-11-29,2,763.28,true,1636,68.17,Repeat customer,61–90 days,3
12546,2011-09-23,2011-09-01,2011-10-24,2,1161.5,true,747,31.1,Repeat customer,31–60 days,2
13127,2011-09-23,2011-09-01,,1,259.17,false,,,One-time customer,No repeat purchase,0
13336,2011-09-23,2011-09-01,,1,795.12,false,,,One-time customer,No repeat purchase,0
14652,2011-09-23,2011-09-01,,1,114.18,false,,,One-time customer,No repeat purchase,0
15075,2011-09-23,2011-09-01,,1,773.03,false,,,One-time customer,No repeat purchase,0
15475,2011-09-23,2011-09-01,,1,454.11,false,,,One-time customer,No repeat purchase,0
15744,2011-09-23,2011-09-01,,1,34.8,false,,,One-time customer,No repeat purchase,0
15762,2011-09-23,2011-09-01,2011-10-05,2,583.75,true,289,12.04,Repeat customer,0–30 days,1
15763,2011-09-23,2011-09-01,2011-11-08,2,1086.92,true,1101,45.9,Repeat customer,31–60 days,2
16240,2011-09-23,2011-09-01,2011-11-15,2,3718.8,true,1273,53.03,Repeat customer,31–60 days,2
12488,2011-09-25,2011-09-01,2011-10-31,3,1298.66,true,864,36.01,Repeat customer,31–60 days,2
12783,2011-09-25,2011-09-01,2011-10-14,6,2225.91,true,452,18.84,Repeat customer,0–30 days,1
13429,2011-09-25,2011-09-01,2011-10-10,4,1006.8,true,357,14.87,Repeat customer,0–30 days,1
13536,2011-09-25,2011-09-01,2011-10-18,7,3444.39,true,547,22.78,Repeat customer,0–30 days,1
13670,2011-09-25,2011-09-01,,1,349.7,false,,,One-time customer,No repeat purchase,0
14757,2011-09-25,2011-09-01,,1,420.5,false,,,One-time customer,No repeat purchase,0
15429,2011-09-25,2011-09-01,2011-11-13,2,397.35,true,1175,48.95,Repeat customer,31–60 days,2
16169,2011-09-25,2011-09-01,2011-10-31,4,1822.97,true,865,36.03,Repeat customer,31–60 days,2
16480,2011-09-25,2011-09-01,,1,769.29,false,,,One-time customer,No repeat purchase,0
16594,2011-09-25,2011-09-01,,1,181.09,false,,,One-time customer,No repeat purchase,0
17131,2011-09-25,2011-09-01,2011-10-23,5,2463.17,true,675,28.1,Repeat customer,0–30 days,1
17154,2011-09-25,2011-09-01,,1,329.34,false,,,One-time customer,No repeat purchase,0
17498,2011-09-25,2011-09-01,,1,272.22,false,,,One-time customer,No repeat purchase,0
17506,2011-09-25,2011-09-01,,1,302.2,false,,,One-time customer,No repeat purchase,0
12612,2011-09-26,2011-09-01,,1,704.04,false,,,One-time customer,No repeat purchase,0
13390,2011-09-26,2011-09-01,,1,544.08,false,,,One-time customer,No repeat purchase,0
13866,2011-09-26,2011-09-01,,1,145.67,false,,,One-time customer,No repeat purchase,0
15344,2011-09-26,2011-09-01,2011-11-07,3,563.94,true,1011,42.1,Repeat customer,31–60 days,2
15492,2011-09-26,2011-09-01,2011-11-11,2,659.46,true,1104,46.04,Repeat customer,31–60 days,2
16999,2011-09-26,2011-09-01,2011-11-16,2,484.82,true,1222,50.92,Repeat customer,31–60 days,2
18205,2011-09-26,2011-09-01,2011-11-03,2,517.36,true,913,38.06,Repeat customer,31–60 days,2
13314,2011-09-27,2011-09-01,2011-10-07,3,775.94,true,243,10.12,Repeat customer,0–30 days,1
15568,2011-09-27,2011-09-01,2011-10-26,3,758.29,true,693,28.88,Repeat customer,0–30 days,1
16181,2011-09-27,2011-09-01,,1,305.54,false,,,One-time customer,No repeat purchase,0
13061,2011-09-28,2011-09-01,,1,248.61,false,,,One-time customer,No repeat purchase,0
13924,2011-09-28,2011-09-01,2011-10-26,6,1838.85,true,670,27.94,Repeat customer,0–30 days,1
14109,2011-09-28,2011-09-01,,1,144.2,false,,,One-time customer,No repeat purchase,0
14434,2011-09-28,2011-09-01,2011-10-05,6,1372.8,true,165,6.89,Repeat customer,0–30 days,1
15348,2011-09-28,2011-09-01,,1,158.04,false,,,One-time customer,No repeat purchase,0
16157,2011-09-28,2011-09-01,2011-11-16,3,656.69,true,1176,48.99,Repeat customer,31–60 days,2
16909,2011-09-28,2011-09-01,,1,379.14,false,,,One-time customer,No repeat purchase,0
12718,2011-09-29,2011-09-01,,1,238.25,false,,,One-time customer,No repeat purchase,0
13354,2011-09-29,2011-09-01,,1,743.53,false,,,One-time customer,No repeat purchase,0
13364,2011-09-29,2011-09-01,,1,134.96,false,,,One-time customer,No repeat purchase,0
13759,2011-09-29,2011-09-01,2011-11-06,2,659.41,true,911,37.96,Repeat customer,31–60 days,2
13886,2011-09-29,2011-09-01,,1,243.56,false,,,One-time customer,No repeat purchase,0
13960,2011-09-29,2011-09-01,2011-11-18,2,230.22,true,1203,50.12,Repeat customer,31–60 days,2
15175,2011-09-29,2011-09-01,,1,224.14,false,,,One-time customer,No repeat purchase,0
15949,2011-09-29,2011-09-01,2011-11-23,2,364.72,true,1312,54.65,Repeat customer,31–60 days,2
16268,2011-09-29,2011-09-01,2011-09-29,2,667.65,true,0,0.0,Repeat customer,0–30 days,1
16361,2011-09-29,2011-09-01,2011-10-30,4,891.21,true,744,31.0,Repeat customer,31–60 days,2
16653,2011-09-29,2011-09-01,2011-11-23,2,1212.66,true,1321,55.05,Repeat customer,31–60 days,2
17427,2011-09-29,2011-09-01,,1,100.8,false,,,One-time customer,No repeat purchase,0
17447,2011-09-29,2011-09-01,2011-10-30,2,541.53,true,748,31.17,Repeat customer,31–60 days,2
17528,2011-09-29,2011-09-01,2011-09-29,8,3628.5,true,0,0.03,Repeat customer,0–30 days,1
17813,2011-09-29,2011-09-01,2011-10-06,5,1698.07,true,169,7.0,Repeat customer,0–30 days,1
18192,2011-09-29,2011-09-01,,1,957.97,false,,,One-time customer,No repeat purchase,0
13095,2011-09-30,2011-09-01,,1,74.4,false,,,One-time customer,No repeat purchase,0
13347,2011-09-30,2011-09-01,,1,341.36,false,,,One-time customer,No repeat purchase,0
13954,2011-09-30,2011-09-01,2011-12-08,2,439.92,true,1658,69.08,Repeat customer,61–90 days,3
15185,2011-09-30,2011-09-01,,1,310.62,false,,,One-time customer,No repeat purchase,0
15565,2011-09-30,2011-09-01,2011-10-20,2,173.16,true,484,20.16,Repeat customer,0–30 days,1
15593,2011-09-30,2011-09-01,,1,199.8,false,,,One-time customer,No repeat purchase,0
16404,2011-09-30,2011-09-01,,1,443.05,false,,,One-time customer,No repeat purchase,0
16613,2011-09-30,2011-09-01,,1,618.59,false,,,One-time customer,No repeat purchase,0
13558,2011-10-02,2011-10-01,2011-10-09,4,594.52,true,166,6.93,Repeat customer,0–30 days,1
16533,2011-10-02,2011-10-01,2011-10-16,3,1082.81,true,334,13.95,Repeat customer,0–30 days,1
16591,2011-10-02,2011-10-01,,1,213.5,false,,,One-time customer,No repeat purchase,0
16930,2011-10-02,2011-10-01,2011-10-02,3,378.89,true,0,0.0,Repeat customer,0–30 days,1
14333,2011-10-03,2011-10-01,,1,415.2,false,,,One-time customer,No repeat purchase,0
14488,2011-10-03,2011-10-01,,1,1064.28,false,,,One-time customer,No repeat purchase,0
14815,2011-10-03,2011-10-01,2011-11-03,2,778.5,true,744,31.0,Repeat customer,31–60 days,2
15088,2011-10-03,2011-10-01,2011-11-18,2,1160.07,true,1103,45.96,Repeat customer,31–60 days,2
15930,2011-10-03,2011-10-01,,1,426.63,false,,,One-time customer,No repeat purchase,0
16747,2011-10-03,2011-10-01,2011-11-02,2,836.06,true,721,30.05,Repeat customer,31–60 days,2
18059,2011-10-03,2011-10-01,2011-10-26,3,306.46,true,557,23.21,Repeat customer,0–30 days,1
12512,2011-10-04,2011-10-01,2011-10-04,2,132.18,true,0,0.0,Repeat customer,0–30 days,1
13351,2011-10-04,2011-10-01,,1,373.94,false,,,One-time customer,No repeat purchase,0
13801,2011-10-04,2011-10-01,,1,324.8,false,,,One-time customer,No repeat purchase,0
14184,2011-10-04,2011-10-01,,1,452.89,false,,,One-time customer,No repeat purchase,0
15739,2011-10-04,2011-10-01,,1,449.12,false,,,One-time customer,No repeat purchase,0
16881,2011-10-04,2011-10-01,,1,432,false,,,One-time customer,No repeat purchase,0
17014,2011-10-04,2011-10-01,2011-11-07,3,583.43,true,819,34.14,Repeat customer,31–60 days,2
17957,2011-10-04,2011-10-01,,1,111.68,false,,,One-time customer,No repeat purchase,0
12719,2011-10-05,2011-10-01,2011-12-04,2,644.95,true,1439,59.95,Repeat customer,31–60 days,2
12723,2011-10-05,2011-10-01,2011-10-05,5,725.07,true,0,0.0,Repeat customer,0–30 days,1
13483,2011-10-05,2011-10-01,,1,140.34,false,,,One-time customer,No repeat purchase,0
13947,2011-10-05,2011-10-01,,1,90.6,false,,,One-time customer,No repeat purchase,0
14054,2011-10-05,2011-10-01,,1,92.46,false,,,One-time customer,No repeat purchase,0
16020,2011-10-05,2011-10-01,2011-11-23,3,851.01,true,1174,48.89,Repeat customer,31–60 days,2
16106,2011-10-05,2011-10-01,,1,108.38,false,,,One-time customer,No repeat purchase,0
16478,2011-10-05,2011-10-01,2011-10-06,3,331,true,22,0.95,Repeat customer,0–30 days,1
16758,2011-10-05,2011-10-01,,1,369.34,false,,,One-time customer,No repeat purchase,0
16803,2011-10-05,2011-10-01,,1,332.3,false,,,One-time customer,No repeat purchase,0
18033,2011-10-05,2011-10-01,,1,93.82,false,,,One-time customer,No repeat purchase,0
12628,2011-10-06,2011-10-01,2011-11-06,3,786.46,true,749,31.21,Repeat customer,31–60 days,2
13348,2011-10-06,2011-10-01,,1,233.76,false,,,One-time customer,No repeat purchase,0
13422,2011-10-06,2011-10-01,,1,2626.3,false,,,One-time customer,No repeat purchase,0
13504,2011-10-06,2011-10-01,,1,295.93,false,,,One-time customer,No repeat purchase,0
13816,2011-10-06,2011-10-01,2011-11-16,2,571.67,true,978,40.75,Repeat customer,31–60 days,2
13845,2011-10-06,2011-10-01,,1,312.98,false,,,One-time customer,No repeat purchase,0
13882,2011-10-06,2011-10-01,2011-10-27,5,1191.13,true,501,20.89,Repeat customer,0–30 days,1
14317,2011-10-06,2011-10-01,,1,508.58,false,,,One-time customer,No repeat purchase,0
14518,2011-10-06,2011-10-01,,1,174.37,false,,,One-time customer,No repeat purchase,0
14592,2011-10-06,2011-10-01,2011-10-14,3,557.94,true,188,7.87,Repeat customer,0–30 days,1
15300,2011-10-06,2011-10-01,,1,496.44,false,,,One-time customer,No repeat purchase,0
15937,2011-10-06,2011-10-01,,1,145.35,false,,,One-time customer,No repeat purchase,0
16295,2011-10-06,2011-10-01,2011-10-12,4,1328.55,true,147,6.11,Repeat customer,0–30 days,1
16432,2011-10-06,2011-10-01,,1,287.4,false,,,One-time customer,No repeat purchase,0
17295,2011-10-06,2011-10-01,2011-11-11,3,547,true,862,35.93,Repeat customer,31–60 days,2
17453,2011-10-06,2011-10-01,2011-11-22,2,486.72,true,1120,46.69,Repeat customer,31–60 days,2
12420,2011-10-07,2011-10-01,,1,600.39,false,,,One-time customer,No repeat purchase,0
12740,2011-10-07,2011-10-01,,1,427.6,false,,,One-time customer,No repeat purchase,0
12856,2011-10-07,2011-10-01,2011-10-14,6,2170.78,true,168,7.01,Repeat customer,0–30 days,1
13419,2011-10-07,2011-10-01,,1,221.06,false,,,One-time customer,No repeat purchase,0
13755,2011-10-07,2011-10-01,2011-10-20,9,2108.06,true,307,12.77,Repeat customer,0–30 days,1
13806,2011-10-07,2011-10-01,,1,256.38,false,,,One-time customer,No repeat purchase,0
13876,2011-10-07,2011-10-01,,1,122.7,false,,,One-time customer,No repeat purchase,0
14138,2011-10-07,2011-10-01,2011-12-08,2,965.88,true,1491,62.13,Repeat customer,61–90 days,3
14792,2011-10-07,2011-10-01,,1,6.2,false,,,One-time customer,No repeat purchase,0
15297,2011-10-07,2011-10-01,2011-11-10,3,641.94,true,821,34.21,Repeat customer,31–60 days,2
16900,2011-10-07,2011-10-01,2011-11-20,3,887.11,true,1055,43.96,Repeat customer,31–60 days,2
17030,2011-10-07,2011-10-01,,1,146.87,false,,,One-time customer,No repeat purchase,0
17086,2011-10-07,2011-10-01,2011-10-21,6,2050.08,true,338,14.09,Repeat customer,0–30 days,1
17509,2011-10-07,2011-10-01,2011-10-07,8,6083.64,true,1,0.04,Repeat customer,0–30 days,1
13193,2011-10-09,2011-10-01,,1,112.08,false,,,One-time customer,No repeat purchase,0
13212,2011-10-09,2011-10-01,2011-10-09,3,786.83,true,1,0.02,Repeat customer,0–30 days,1
13260,2011-10-09,2011-10-01,,1,557.62,false,,,One-time customer,No repeat purchase,0
14801,2011-10-09,2011-10-01,,1,189.34,false,,,One-time customer,No repeat purchase,0
15612,2011-10-09,2011-10-01,2011-11-03,2,195.15,true,602,25.09,Repeat customer,0–30 days,1
15787,2011-10-09,2011-10-01,2011-11-13,3,933.26,true,841,35.07,Repeat customer,31–60 days,2
15821,2011-10-09,2011-10-01,2011-10-26,2,570.96,true,410,17.1,Repeat customer,0–30 days,1
16248,2011-10-09,2011-10-01,,1,152.94,false,,,One-time customer,No repeat purchase,0
16380,2011-10-09,2011-10-01,,1,1743.15,false,,,One-time customer,No repeat purchase,0
16685,2011-10-09,2011-10-01,2011-10-09,2,324.24,true,0,0.01,Repeat customer,0–30 days,1
18088,2011-10-09,2011-10-01,,1,166.03,false,,,One-time customer,No repeat purchase,0
12607,2011-10-10,2011-10-01,,1,1579.51,false,,,One-time customer,No repeat purchase,0
13352,2011-10-10,2011-10-01,,1,397.98,false,,,One-time customer,No repeat purchase,0
13685,2011-10-10,2011-10-01,2011-10-17,7,3119.44,true,166,6.89,Repeat customer,0–30 days,1
14027,2011-10-10,2011-10-01,,1,104.82,false,,,One-time customer,No repeat purchase,0
15193,2011-10-10,2011-10-01,,1,499.32,false,,,One-time customer,No repeat purchase,0
15330,2011-10-10,2011-10-01,2011-11-07,2,714.96,true,677,28.22,Repeat customer,0–30 days,1
15553,2011-10-10,2011-10-01,,1,428.93,false,,,One-time customer,No repeat purchase,0
16179,2011-10-10,2011-10-01,,1,215.83,false,,,One-time customer,No repeat purchase,0
16688,2011-10-10,2011-10-01,2011-10-27,4,1260.86,true,412,17.16,Repeat customer,0–30 days,1
16982,2011-10-10,2011-10-01,,1,384.06,false,,,One-time customer,No repeat purchase,0
17186,2011-10-10,2011-10-01,2011-10-24,2,144,true,334,13.89,Repeat customer,0–30 days,1
17425,2011-10-10,2011-10-01,2011-11-20,2,759.17,true,988,41.16,Repeat customer,31–60 days,2
17459,2011-10-10,2011-10-01,2011-10-27,2,657.3,true,404,16.85,Repeat customer,0–30 days,1
18126,2011-10-10,2011-10-01,,1,200.92,false,,,One-time customer,No repeat purchase,0
18169,2011-10-10,2011-10-01,,1,202.65,false,,,One-time customer,No repeat purchase,0
12536,2011-10-11,2011-10-01,2011-10-27,3,12601.83,true,384,15.97,Repeat customer,0–30 days,1
12772,2011-10-11,2011-10-01,,1,892.47,false,,,One-time customer,No repeat purchase,0
12824,2011-10-11,2011-10-01,,1,397.12,false,,,One-time customer,No repeat purchase,0
13690,2011-10-11,2011-10-01,,1,172.25,false,,,One-time customer,No repeat purchase,0
14121,2011-10-11,2011-10-01,2011-11-10,4,2780.15,true,720,30.0,Repeat customer,0–30 days,1
16171,2011-10-11,2011-10-01,,1,73.2,false,,,One-time customer,No repeat purchase,0
16561,2011-10-11,2011-10-01,2011-12-04,2,511.12,true,1298,54.08,Repeat customer,31–60 days,2
17119,2011-10-11,2011-10-01,2011-12-06,2,606.91,true,1347,56.15,Repeat customer,31–60 days,2
17620,2011-10-11,2011-10-01,,1,81.44,false,,,One-time customer,No repeat purchase,0
12602,2011-10-12,2011-10-01,,1,153.12,false,,,One-time customer,No repeat purchase,0
12667,2011-10-12,2011-10-01,,1,620.13,false,,,One-time customer,No repeat purchase,0
14642,2011-10-12,2011-10-01,,1,96.12,false,,,One-time customer,No repeat purchase,0
16753,2011-10-12,2011-10-01,,1,223.92,false,,,One-time customer,No repeat purchase,0
17737,2011-10-12,2011-10-01,2011-11-30,2,168.24,true,1177,49.02,Repeat customer,31–60 days,2
12446,2011-10-13,2011-10-01,,1,1002.31,false,,,One-time customer,No repeat purchase,0
12498,2011-10-13,2011-10-01,2011-11-18,3,403.7,true,867,36.14,Repeat customer,31–60 days,2
13853,2011-10-13,2011-10-01,,1,1090.14,false,,,One-time customer,No repeat purchase,0
13858,2011-10-13,2011-10-01,,1,216.17,false,,,One-time customer,No repeat purchase,0
14234,2011-10-13,2011-10-01,2011-10-25,4,754.12,true,290,12.07,Repeat customer,0–30 days,1
14251,2011-10-13,2011-10-01,2011-11-22,5,2879.7,true,962,40.06,Repeat customer,31–60 days,2
16793,2011-10-13,2011-10-01,,1,243.84,false,,,One-time customer,No repeat purchase,0
17279,2011-10-13,2011-10-01,,1,187.83,false,,,One-time customer,No repeat purchase,0
17614,2011-10-13,2011-10-01,,1,386.32,false,,,One-time customer,No repeat purchase,0
18130,2011-10-13,2011-10-01,2011-11-11,3,1059.39,true,690,28.73,Repeat customer,0–30 days,1
13006,2011-10-14,2011-10-01,,1,81.57,false,,,One-time customer,No repeat purchase,0
13810,2011-10-14,2011-10-01,2011-10-14,3,1499.01,true,1,0.03,Repeat customer,0–30 days,1
14089,2011-10-14,2011-10-01,,1,158.75,false,,,One-time customer,No repeat purchase,0
14856,2011-10-14,2011-10-01,2011-11-03,3,1290.53,true,485,20.22,Repeat customer,0–30 days,1
17986,2011-10-14,2011-10-01,,1,20.8,false,,,One-time customer,No repeat purchase,0
14547,2011-10-16,2011-10-01,2011-11-06,8,3974.75,true,504,21.0,Repeat customer,0–30 days,1
14910,2011-10-16,2011-10-01,2011-11-08,4,434.35,true,553,23.04,Repeat customer,0–30 days,1
15113,2011-10-16,2011-10-01,2011-11-14,3,3509.43,true,691,28.8,Repeat customer,0–30 days,1
16052,2011-10-16,2011-10-01,,1,362.06,false,,,One-time customer,No repeat purchase,0
16243,2011-10-16,2011-10-01,2011-11-06,2,409.1,true,504,21.02,Repeat customer,0–30 days,1
13923,2011-10-17,2011-10-01,,1,351.13,false,,,One-time customer,No repeat purchase,0
14830,2011-10-17,2011-10-01,,1,188.88,false,,,One-time customer,No repeat purchase,0
15066,2011-10-17,2011-10-01,,1,893.59,false,,,One-time customer,No repeat purchase,0
15335,2011-10-17,2011-10-01,,1,170.22,false,,,One-time customer,No repeat purchase,0
15355,2011-10-17,2011-10-01,2011-11-10,2,277.05,true,574,23.93,Repeat customer,0–30 days,1
16363,2011-10-17,2011-10-01,,1,109.36,false,,,One-time customer,No repeat purchase,0
17206,2011-10-17,2011-10-01,,1,204.24,false,,,One-time customer,No repeat purchase,0
17520,2011-10-17,2011-10-01,,1,546.81,false,,,One-time customer,No repeat purchase,0
12611,2011-10-18,2011-10-01,,1,1193.32,false,,,One-time customer,No repeat purchase,0
14015,2011-10-18,2011-10-01,,1,917.34,false,,,One-time customer,No repeat purchase,0
14179,2011-10-18,2011-10-01,2011-10-30,2,701.57,true,286,11.92,Repeat customer,0–30 days,1
14554,2011-10-18,2011-10-01,2011-11-16,4,2279.49,true,696,29.01,Repeat customer,0–30 days,1
15327,2011-10-18,2011-10-01,,1,208.75,false,,,One-time customer,No repeat purchase,0
15604,2011-10-18,2011-10-01,,1,216.39,false,,,One-time customer,No repeat purchase,0
12522,2011-10-19,2011-10-01,2011-10-31,2,192.72,true,289,12.03,Repeat customer,0–30 days,1
12572,2011-10-19,2011-10-01,2011-12-01,2,1020.42,true,1033,43.04,Repeat customer,31–60 days,2
14698,2011-10-19,2011-10-01,2011-10-23,5,1217.27,true,96,3.97,Repeat customer,0–30 days,1
15610,2011-10-19,2011-10-01,,1,112.46,false,,,One-time customer,No repeat purchase,0
15853,2011-10-19,2011-10-01,,1,110.8,false,,,One-time customer,No repeat purchase,0
16123,2011-10-19,2011-10-01,,1,307.78,false,,,One-time customer,No repeat purchase,0
16826,2011-10-19,2011-10-01,,1,341.7,false,,,One-time customer,No repeat purchase,0
16851,2011-10-19,2011-10-01,2011-10-28,3,342.45,true,219,9.11,Repeat customer,0–30 days,1
17148,2011-10-19,2011-10-01,,1,124.88,false,,,One-time customer,No repeat purchase,0
17549,2011-10-19,2011-10-01,2011-11-16,2,148.86,true,671,28.0,Repeat customer,0–30 days,1
17824,2011-10-19,2011-10-01,,1,298.4,false,,,One-time customer,No repeat purchase,0
17973,2011-10-19,2011-10-01,,1,337.04,false,,,One-time customer,No repeat purchase,0
18019,2011-10-19,2011-10-01,,1,38.45,false,,,One-time customer,No repeat purchase,0
13366,2011-10-20,2011-10-01,,1,56.16,false,,,One-time customer,No repeat purchase,0
14638,2011-10-20,2011-10-01,,1,443.6,false,,,One-time customer,No repeat purchase,0
14923,2011-10-20,2011-10-01,,1,749.1,false,,,One-time customer,No repeat purchase,0
15836,2011-10-20,2011-10-01,,1,137.37,false,,,One-time customer,No repeat purchase,0
16260,2011-10-20,2011-10-01,,1,1035.45,false,,,One-time customer,No repeat purchase,0
17125,2011-10-20,2011-10-01,,1,230.5,false,,,One-time customer,No repeat purchase,0
12646,2011-10-21,2011-10-01,2011-12-05,2,1346.97,true,1078,44.89,Repeat customer,31–60 days,2
13460,2011-10-21,2011-10-01,2011-11-10,2,183.44,true,488,20.31,Repeat customer,0–30 days,1
15286,2011-10-21,2011-10-01,,1,240.55,false,,,One-time customer,No repeat purchase,0
15740,2011-10-21,2011-10-01,,1,154.88,false,,,One-time customer,No repeat purchase,0
16015,2011-10-21,2011-10-01,2011-11-13,3,704.55,true,551,22.96,Repeat customer,0–30 days,1
16311,2011-10-21,2011-10-01,2011-11-22,2,616.26,true,763,31.82,Repeat customer,31–60 days,2
16313,2011-10-21,2011-10-01,2011-12-06,2,274.15,true,1108,46.17,Repeat customer,31–60 days,2
17832,2011-10-21,2011-10-01,,1,155.37,false,,,One-time customer,No repeat purchase,0
13471,2011-10-23,2011-10-01,2011-11-18,4,2501.84,true,620,25.87,Repeat customer,0–30 days,1
14629,2011-10-23,2011-10-01,2011-12-05,2,955.26,true,1032,43.03,Repeat customer,31–60 days,2
15000,2011-10-23,2011-10-01,,1,490.52,false,,,One-time customer,No repeat purchase,0
15427,2011-10-23,2011-10-01,2011-11-06,3,1430.54,true,336,13.98,Repeat customer,0–30 days,1
17836,2011-10-23,2011-10-01,,1,110.21,false,,,One-time customer,No repeat purchase,0
18005,2011-10-23,2011-10-01,2011-12-06,2,226.47,true,1053,43.88,Repeat customer,31–60 days,2
13176,2011-10-24,2011-10-01,,1,481.49,false,,,One-time customer,No repeat purchase,0
14764,2011-10-24,2011-10-01,,1,278.3,false,,,One-time customer,No repeat purchase,0
15516,2011-10-24,2011-10-01,2011-10-24,3,62.43,true,0,0.0,Repeat customer,0–30 days,1
15592,2011-10-24,2011-10-01,,1,388.58,false,,,One-time customer,No repeat purchase,0
15844,2011-10-24,2011-10-01,,1,130.74,false,,,One-time customer,No repeat purchase,0
18240,2011-10-24,2011-10-01,,1,422.58,false,,,One-time customer,No repeat purchase,0
12398,2011-10-25,2011-10-01,,1,1635.66,false,,,One-time customer,No repeat purchase,0
13028,2011-10-25,2011-10-01,2011-11-17,2,661.32,true,549,22.88,Repeat customer,0–30 days,1
13182,2011-10-25,2011-10-01,,1,121.18,false,,,One-time customer,No repeat purchase,0
13978,2011-10-25,2011-10-01,2011-11-25,2,196.79,true,740,30.86,Repeat customer,31–60 days,2
15345,2011-10-25,2011-10-01,,1,393.54,false,,,One-time customer,No repeat purchase,0
15963,2011-10-25,2011-10-01,2011-11-20,2,470.76,true,622,25.94,Repeat customer,0–30 days,1
16056,2011-10-25,2011-10-01,,1,650.75,false,,,One-time customer,No repeat purchase,0
16708,2011-10-25,2011-10-01,,1,656.63,false,,,One-time customer,No repeat purchase,0
18045,2011-10-25,2011-10-01,,1,178.34,false,,,One-time customer,No repeat purchase,0
12448,2011-10-26,2011-10-01,,1,449.45,false,,,One-time customer,No repeat purchase,0
12812,2011-10-26,2011-10-01,,1,229.64,false,,,One-time customer,No repeat purchase,0
12827,2011-10-26,2011-10-01,2011-11-07,3,430.15,true,284,11.82,Repeat customer,0–30 days,1
14102,2011-10-26,2011-10-01,2011-11-02,5,1105.88,true,169,7.04,Repeat customer,0–30 days,1
14539,2011-10-26,2011-10-01,2011-11-24,2,537.48,true,693,28.91,Repeat customer,0–30 days,1
15320,2011-10-26,2011-10-01,,1,267.13,false,,,One-time customer,No repeat purchase,0
15993,2011-10-26,2011-10-01,2011-10-26,7,2777.67,true,0,0.03,Repeat customer,0–30 days,1
17712,2011-10-26,2011-10-01,,1,522.91,false,,,One-time customer,No repeat purchase,0
17895,2011-10-26,2011-10-01,,1,95.45,false,,,One-time customer,No repeat purchase,0
12430,2011-10-27,2011-10-01,,1,256.4,false,,,One-time customer,No repeat purchase,0
12630,2011-10-27,2011-10-01,2011-11-30,2,1270.88,true,816,34.0,Repeat customer,31–60 days,2
14357,2011-10-27,2011-10-01,,1,225.12,false,,,One-time customer,No repeat purchase,0
14752,2011-10-27,2011-10-01,,1,389.64,false,,,One-time customer,No repeat purchase,0
14971,2011-10-27,2011-10-01,2011-11-04,3,1097.98,true,196,8.15,Repeat customer,0–30 days,1
16026,2011-10-27,2011-10-01,,1,236.09,false,,,One-time customer,No repeat purchase,0
16513,2011-10-27,2011-10-01,2011-11-20,4,874.59,true,575,23.95,Repeat customer,0–30 days,1
16855,2011-10-27,2011-10-01,2011-11-16,2,328.4,true,476,19.81,Repeat customer,0–30 days,1
17684,2011-10-27,2011-10-01,,1,239.41,false,,,One-time customer,No repeat purchase,0
14218,2011-10-28,2011-10-01,,1,169.48,false,,,One-time customer,No repeat purchase,0
14416,2011-10-28,2011-10-01,2011-11-17,2,490.22,true,480,20.01,Repeat customer,0–30 days,1
15096,2011-10-28,2011-10-01,,1,219.39,false,,,One-time customer,No repeat purchase,0
16164,2011-10-28,2011-10-01,2011-11-15,3,822.48,true,433,18.06,Repeat customer,0–30 days,1
17839,2011-10-28,2011-10-01,,1,318.15,false,,,One-time customer,No repeat purchase,0
18030,2011-10-28,2011-10-01,2011-12-05,2,230.65,true,915,38.11,Repeat customer,31–60 days,2
12912,2011-10-30,2011-10-01,2011-11-16,5,1662.3,true,406,16.92,Repeat customer,0–30 days,1
13822,2011-10-30,2011-10-01,2011-12-04,2,632,true,837,34.85,Repeat customer,31–60 days,2
14158,2011-10-30,2011-10-01,,1,507.66,false,,,One-time customer,No repeat purchase,0
14582,2011-10-30,2011-10-01,,1,114.11,false,,,One-time customer,No repeat purchase,0
15054,2011-10-30,2011-10-01,2011-11-27,2,302.1,true,673,28.02,Repeat customer,0–30 days,1
15444,2011-10-30,2011-10-01,2011-11-30,2,1411.21,true,745,31.06,Repeat customer,31–60 days,2
16079,2011-10-30,2011-10-01,2011-11-16,3,1352,true,404,16.85,Repeat customer,0–30 days,1
16506,2011-10-30,2011-10-01,2011-11-20,2,90.3,true,501,20.85,Repeat customer,0–30 days,1
17590,2011-10-30,2011-10-01,2011-11-22,3,1468.02,true,554,23.08,Repeat customer,0–30 days,1
18067,2011-10-30,2011-10-01,,1,396.33,false,,,One-time customer,No repeat purchase,0
12552,2011-10-31,2011-10-01,2011-11-01,2,437.82,true,22,0.91,Repeat customer,0–30 days,1
12581,2011-10-31,2011-10-01,,1,197.71,false,,,One-time customer,No repeat purchase,0
15360,2011-10-31,2011-10-01,,1,427.93,false,,,One-time customer,No repeat purchase,0
15667,2011-10-31,2011-10-01,,1,301.32,false,,,One-time customer,No repeat purchase,0
15977,2011-10-31,2011-10-01,2011-11-22,2,1054.73,true,525,21.88,Repeat customer,0–30 days,1
12491,2011-11-01,2011-11-01,,1,460.4,false,,,One-time customer,No repeat purchase,0
13697,2011-11-01,2011-11-01,,1,151.3,false,,,One-time customer,No repeat purchase,0
13868,2011-11-01,2011-11-01,2011-12-02,2,3192.54,true,748,31.16,Repeat customer,31–60 days,2
14345,2011-11-01,2011-11-01,,1,108.98,false,,,One-time customer,No repeat purchase,0
14485,2011-11-01,2011-11-01,,1,162.8,false,,,One-time customer,No repeat purchase,0
16971,2011-11-01,2011-11-01,,1,357.21,false,,,One-time customer,No repeat purchase,0
17503,2011-11-01,2011-11-01,2011-12-07,2,558.96,true,862,35.92,Repeat customer,31–60 days,2
17668,2011-11-01,2011-11-01,2011-12-08,2,347.75,true,887,36.94,Repeat customer,31–60 days,2
13271,2011-11-02,2011-11-01,,1,211.49,false,,,One-time customer,No repeat purchase,0
13318,2011-11-02,2011-11-01,2011-12-04,3,640.76,true,767,31.95,Repeat customer,31–60 days,2
14528,2011-11-02,2011-11-01,,1,364.22,false,,,One-time customer,No repeat purchase,0
14974,2011-11-02,2011-11-01,,1,89.94,false,,,One-time customer,No repeat purchase,0
15275,2011-11-02,2011-11-01,,1,615.14,false,,,One-time customer,No repeat purchase,0
15576,2011-11-02,2011-11-01,,1,921.37,false,,,One-time customer,No repeat purchase,0
15830,2011-11-02,2011-11-01,,1,576,false,,,One-time customer,No repeat purchase,0
16352,2011-11-02,2011-11-01,2011-11-22,2,494.44,true,482,20.07,Repeat customer,0–30 days,1
16790,2011-11-02,2011-11-01,2011-11-06,6,1545.62,true,99,4.11,Repeat customer,0–30 days,1
17595,2011-11-02,2011-11-01,2011-11-27,2,386.69,true,600,24.99,Repeat customer,0–30 days,1
17947,2011-11-02,2011-11-01,,1,176.68,false,,,One-time customer,No repeat purchase,0
18104,2011-11-02,2011-11-01,,1,754.64,false,,,One-time customer,No repeat purchase,0
18105,2011-11-02,2011-11-01,,1,113.48,false,,,One-time customer,No repeat purchase,0
18164,2011-11-02,2011-11-01,,1,399.65,false,,,One-time customer,No repeat purchase,0
12544,2011-11-03,2011-11-01,,1,372.7,false,,,One-time customer,No repeat purchase,0
13467,2011-11-03,2011-11-01,2011-11-29,2,1071.91,true,618,25.71,Repeat customer,0–30 days,1
13914,2011-11-03,2011-11-01,2011-11-28,2,626.45,true,594,24.75,Repeat customer,0–30 days,1
14098,2011-11-03,2011-11-01,,1,147.35,false,,,One-time customer,No repeat purchase,0
16322,2011-11-03,2011-11-01,2011-12-08,2,326.75,true,841,35.05,Repeat customer,31–60 days,2
16337,2011-11-03,2011-11-01,,1,151.05,false,,,One-time customer,No repeat purchase,0
16914,2011-11-03,2011-11-01,,1,183.76,false,,,One-time customer,No repeat purchase,0
17078,2011-11-03,2011-11-01,2011-11-03,2,378.2,true,1,0.02,Repeat customer,0–30 days,1
13447,2011-11-04,2011-11-01,2011-11-06,3,1129.14,true,49,2.07,Repeat customer,0–30 days,1
13938,2011-11-04,2011-11-01,,1,71.66,false,,,One-time customer,No repeat purchase,0
15010,2011-11-04,2011-11-01,,1,308.94,false,,,One-time customer,No repeat purchase,0
16318,2011-11-04,2011-11-01,,1,328.15,false,,,One-time customer,No repeat purchase,0
12882,2011-11-06,2011-11-01,2011-11-30,2,1463.04,true,581,24.21,Repeat customer,0–30 days,1
13040,2011-11-06,2011-11-01,2011-12-01,2,676.99,true,597,24.86,Repeat customer,0–30 days,1
13532,2011-11-06,2011-11-01,,1,210.31,false,,,One-time customer,No repeat purchase,0
14174,2011-11-06,2011-11-01,,1,134.46,false,,,One-time customer,No repeat purchase,0
14664,2011-11-06,2011-11-01,2011-11-20,2,636.24,true,332,13.84,Repeat customer,0–30 days,1
15017,2011-11-06,2011-11-01,,1,125.58,false,,,One-time customer,No repeat purchase,0
15156,2011-11-06,2011-11-01,2011-12-05,3,961.49,true,693,28.86,Repeat customer,0–30 days,1
15526,2011-11-06,2011-11-01,2011-11-06,2,148.44,true,0,0.0,Repeat customer,0–30 days,1
15883,2011-11-06,2011-11-01,2011-12-07,2,396.48,true,747,31.09,Repeat customer,31–60 days,2
17387,2011-11-06,2011-11-01,2011-11-20,2,746.81,true,336,13.98,Repeat customer,0–30 days,1
17831,2011-11-06,2011-11-01,,1,35.4,false,,,One-time customer,No repeat purchase,0
13066,2011-11-07,2011-11-01,2011-11-15,2,470.8,true,187,7.83,Repeat customer,0–30 days,1
13673,2011-11-07,2011-11-01,2011-11-21,2,387.44,true,333,13.85,Repeat customer,0–30 days,1
14073,2011-11-07,2011-11-01,,1,151.04,false,,,One-time customer,No repeat purchase,0
16070,2011-11-07,2011-11-01,2011-11-17,2,852.15,true,239,9.97,Repeat customer,0–30 days,1
17761,2011-11-07,2011-11-01,,1,712.78,false,,,One-time customer,No repeat purchase,0
14140,2011-11-08,2011-11-01,2011-12-06,2,935.05,true,670,27.91,Repeat customer,0–30 days,1
15153,2011-11-08,2011-11-01,,1,329.25,false,,,One-time customer,No repeat purchase,0
16505,2011-11-08,2011-11-01,,1,777.6,false,,,One-time customer,No repeat purchase,0
17313,2011-11-08,2011-11-01,,1,2328.84,false,,,One-time customer,No repeat purchase,0
18216,2011-11-08,2011-11-01,,1,481.75,false,,,One-time customer,No repeat purchase,0
12532,2011-11-09,2011-11-01,,1,349.83,false,,,One-time customer,No repeat purchase,0
12893,2011-11-09,2011-11-01,,1,176.55,false,,,One-time customer,No repeat purchase,0
13522,2011-11-09,2011-11-01,,1,125.8,false,,,One-time customer,No repeat purchase,0
14354,2011-11-09,2011-11-01,2011-12-04,2,163.62,true,596,24.83,Repeat customer,0–30 days,1
14836,2011-11-09,2011-11-01,2011-11-11,3,102.45,true,51,2.11,Repeat customer,0–30 days,1
15450,2011-11-09,2011-11-01,,1,429.84,false,,,One-time customer,No repeat purchase,0
15531,2011-11-09,2011-11-01,2011-12-01,2,1972.39,true,529,22.04,Repeat customer,0–30 days,1
16516,2011-11-09,2011-11-01,,1,101.7,false,,,One-time customer,No repeat purchase,0
16751,2011-11-09,2011-11-01,,1,1764.72,false,,,One-time customer,No repeat purchase,0
16759,2011-11-09,2011-11-01,2011-11-09,3,789.79,true,0,0.0,Repeat customer,0–30 days,1
16953,2011-11-09,2011-11-01,,1,20.8,false,,,One-time customer,No repeat purchase,0
18274,2011-11-09,2011-11-01,,1,175.92,false,,,One-time customer,No repeat purchase,0
12508,2011-11-10,2011-11-01,2011-11-13,2,397.88,true,71,2.97,Repeat customer,0–30 days,1
12617,2011-11-10,2011-11-01,,1,352.98,false,,,One-time customer,No repeat purchase,0
12659,2011-11-10,2011-11-01,,1,91.68,false,,,One-time customer,No repeat purchase,0
14863,2011-11-10,2011-11-01,,1,266.76,false,,,One-time customer,No repeat purchase,0
15463,2011-11-10,2011-11-01,,1,126.14,false,,,One-time customer,No repeat purchase,0
16025,2011-11-10,2011-11-01,,1,439.66,false,,,One-time customer,No repeat purchase,0
17197,2011-11-10,2011-11-01,,1,1013.01,false,,,One-time customer,No repeat purchase,0
17461,2011-11-10,2011-11-01,2011-11-17,3,735.82,true,166,6.92,Repeat customer,0–30 days,1
17500,2011-11-10,2011-11-01,2011-11-16,3,1138,true,148,6.19,Repeat customer,0–30 days,1
17502,2011-11-10,2011-11-01,2011-11-21,4,689.1,true,261,10.86,Repeat customer,0–30 days,1
17791,2011-11-10,2011-11-01,,1,106.1,false,,,One-time customer,No repeat purchase,0
12985,2011-11-11,2011-11-01,2011-12-09,2,1239.38,true,670,27.92,Repeat customer,0–30 days,1
13732,2011-11-11,2011-11-01,,1,491.86,false,,,One-time customer,No repeat purchase,0
14789,2011-11-11,2011-11-01,,1,197.64,false,,,One-time customer,No repeat purchase,0
15557,2011-11-11,2011-11-01,,1,468.91,false,,,One-time customer,No repeat purchase,0
15692,2011-11-11,2011-11-01,,1,191.04,false,,,One-time customer,No repeat purchase,0
17052,2011-11-11,2011-11-01,,1,399.09,false,,,One-time customer,No repeat purchase,0
18014,2011-11-11,2011-11-01,,1,162.22,false,,,One-time customer,No repeat purchase,0
18209,2011-11-11,2011-11-01,,1,139.1,false,,,One-time customer,No repeat purchase,0
13146,2011-11-13,2011-11-01,,1,228.91,false,,,One-time customer,No repeat purchase,0
13170,2011-11-13,2011-11-01,,1,108.81,false,,,One-time customer,No repeat purchase,0
13603,2011-11-13,2011-11-01,,1,164.34,false,,,One-time customer,No repeat purchase,0
14661,2011-11-13,2011-11-01,,1,107.95,false,,,One-time customer,No repeat purchase,0
15654,2011-11-13,2011-11-01,2011-11-30,2,922.53,true,406,16.91,Repeat customer,0–30 days,1
12762,2011-11-14,2011-11-01,2011-12-02,2,1898.52,true,428,17.83,Repeat customer,0–30 days,1
12938,2011-11-14,2011-11-01,,1,114.14,false,,,One-time customer,No repeat purchase,0
15009,2011-11-14,2011-11-01,2011-11-20,3,1259.43,true,138,5.74,Repeat customer,0–30 days,1
15168,2011-11-14,2011-11-01,,1,106.56,false,,,One-time customer,No repeat purchase,0
16207,2011-11-14,2011-11-01,,1,394.38,false,,,One-time customer,No repeat purchase,0
16504,2011-11-14,2011-11-01,,1,465.88,false,,,One-time customer,No repeat purchase,0
17538,2011-11-14,2011-11-01,,1,98.42,false,,,One-time customer,No repeat purchase,0
17566,2011-11-14,2011-11-01,2011-12-01,2,869.77,true,414,17.26,Repeat customer,0–30 days,1
17793,2011-11-14,2011-11-01,,1,300.34,false,,,One-time customer,No repeat purchase,0
18082,2011-11-14,2011-11-01,,1,680.84,false,,,One-time customer,No repeat purchase,0
18117,2011-11-14,2011-11-01,,1,315.65,false,,,One-time customer,No repeat purchase,0
12950,2011-11-15,2011-11-01,2011-12-01,3,1843,true,386,16.09,Repeat customer,0–30 days,1
14666,2011-11-15,2011-11-01,,1,195.25,false,,,One-time customer,No repeat purchase,0
15419,2011-11-15,2011-11-01,,1,135.86,false,,,One-time customer,No repeat purchase,0
15556,2011-11-15,2011-11-01,,1,279.77,false,,,One-time customer,No repeat purchase,0
15758,2011-11-15,2011-11-01,,1,205.25,false,,,One-time customer,No repeat purchase,0
16423,2011-11-15,2011-11-01,,1,346.12,false,,,One-time customer,No repeat purchase,0
17153,2011-11-15,2011-11-01,,1,213.78,false,,,One-time customer,No repeat purchase,0
17357,2011-11-15,2011-11-01,2011-11-15,2,384.39,true,0,0.0,Repeat customer,0–30 days,1
13449,2011-11-16,2011-11-01,,1,291.88,false,,,One-time customer,No repeat purchase,0
13926,2011-11-16,2011-11-01,,1,223.85,false,,,One-time customer,No repeat purchase,0
14385,2011-11-16,2011-11-01,2011-11-23,3,202.11,true,170,7.08,Repeat customer,0–30 days,1
17835,2011-11-16,2011-11-01,2011-11-30,3,342.24,true,331,13.78,Repeat customer,0–30 days,1
17896,2011-11-16,2011-11-01,,1,256.32,false,,,One-time customer,No repeat purchase,0
13160,2011-11-17,2011-11-01,,1,91.8,false,,,One-time customer,No repeat purchase,0
13828,2011-11-17,2011-11-01,,1,209.49,false,,,One-time customer,No repeat purchase,0
14362,2011-11-17,2011-11-01,,1,151.5,false,,,One-time customer,No repeat purchase,0
15435,2011-11-17,2011-11-01,,1,149.29,false,,,One-time customer,No repeat purchase,0
15657,2011-11-17,2011-11-01,,1,30,false,,,One-time customer,No repeat purchase,0
17985,2011-11-17,2011-11-01,,1,631.35,false,,,One-time customer,No repeat purchase,0
12603,2011-11-18,2011-11-01,,1,739.2,false,,,One-time customer,No repeat purchase,0
12618,2011-11-18,2011-11-01,,1,177.31,false,,,One-time customer,No repeat purchase,0
14641,2011-11-18,2011-11-01,,1,110.46,false,,,One-time customer,No repeat purchase,0
15621,2011-11-18,2011-11-01,2011-11-28,4,1293.03,true,244,10.14,Repeat customer,0–30 days,1
17650,2011-11-18,2011-11-01,,1,166.08,false,,,One-time customer,No repeat purchase,0
17904,2011-11-18,2011-11-01,,1,181.07,false,,,One-time customer,No repeat purchase,0
12702,2011-11-20,2011-11-01,,1,219,false,,,One-time customer,No repeat purchase,0
13142,2011-11-20,2011-11-01,,1,307.09,false,,,One-time customer,No repeat purchase,0
14860,2011-11-20,2011-11-01,,1,170.32,false,,,One-time customer,No repeat purchase,0
14881,2011-11-20,2011-11-01,,1,255.4,false,,,One-time customer,No repeat purchase,0
14950,2011-11-20,2011-11-01,,1,371.2,false,,,One-time customer,No repeat purchase,0
17523,2011-11-20,2011-11-01,2011-11-20,4,652.74,true,0,0.0,Repeat customer,0–30 days,1
17636,2011-11-20,2011-11-01,,1,285.56,false,,,One-time customer,No repeat purchase,0
12658,2011-11-21,2011-11-01,,1,686.05,false,,,One-time customer,No repeat purchase,0
12795,2011-11-21,2011-11-01,,1,430.48,false,,,One-time customer,No repeat purchase,0
12984,2011-11-21,2011-11-01,,1,97.5,false,,,One-time customer,No repeat purchase,0
14300,2011-11-21,2011-11-01,,1,43.2,false,,,One-time customer,No repeat purchase,0
15274,2011-11-21,2011-11-01,2011-12-05,2,716.57,true,338,14.11,Repeat customer,0–30 days,1
15567,2011-11-21,2011-11-01,,1,186.01,false,,,One-time customer,No repeat purchase,0
17010,2011-11-21,2011-11-01,,1,195.36,false,,,One-time customer,No repeat purchase,0
17100,2011-11-21,2011-11-01,2011-11-21,2,971.74,true,0,0.0,Repeat customer,0–30 days,1
17253,2011-11-21,2011-11-01,,1,178.26,false,,,One-time customer,No repeat purchase,0
18139,2011-11-21,2011-11-01,2011-11-21,6,8438.34,true,0,0.03,Repeat customer,0–30 days,1
13322,2011-11-22,2011-11-01,,1,199.48,false,,,One-time customer,No repeat purchase,0
13986,2011-11-22,2011-11-01,,1,320.46,false,,,One-time customer,No repeat purchase,0
14424,2011-11-22,2011-11-01,,1,322.08,false,,,One-time customer,No repeat purchase,0
15699,2011-11-22,2011-11-01,,1,309.65,false,,,One-time customer,No repeat purchase,0
15877,2011-11-22,2011-11-01,2011-12-08,2,490.33,true,384,16.02,Repeat customer,0–30 days,1
16376,2011-11-22,2011-11-01,2011-12-01,2,974.96,true,211,8.79,Repeat customer,0–30 days,1
16811,2011-11-22,2011-11-01,2011-12-05,2,547.07,true,306,12.76,Repeat customer,0–30 days,1
16956,2011-11-22,2011-11-01,,1,308.74,false,,,One-time customer,No repeat purchase,0
17297,2011-11-22,2011-11-01,,1,128.18,false,,,One-time customer,No repeat purchase,0
17600,2011-11-22,2011-11-01,,1,161.67,false,,,One-time customer,No repeat purchase,0
18249,2011-11-22,2011-11-01,,1,95.34,false,,,One-time customer,No repeat purchase,0
12452,2011-11-23,2011-11-01,2011-11-23,2,430.57,true,2,0.1,Repeat customer,0–30 days,1
13638,2011-11-24,2011-11-01,,1,122.64,false,,,One-time customer,No repeat purchase,0
14785,2011-11-24,2011-11-01,2011-11-29,2,77.4,true,120,4.99,Repeat customer,0–30 days,1
15725,2011-11-24,2011-11-01,,1,415.25,false,,,One-time customer,No repeat purchase,0
16482,2011-11-24,2011-11-01,,1,220.62,false,,,One-time customer,No repeat purchase,0
17247,2011-11-24,2011-11-01,,1,280.09,false,,,One-time customer,No repeat purchase,0
17727,2011-11-24,2011-11-01,,1,1060.25,false,,,One-time customer,No repeat purchase,0
18184,2011-11-24,2011-11-01,,1,49.8,false,,,One-time customer,No repeat purchase,0
13332,2011-11-25,2011-11-01,,1,350.9,false,,,One-time customer,No repeat purchase,0
14703,2011-11-25,2011-11-01,,1,318.17,false,,,One-time customer,No repeat purchase,0
14946,2011-11-25,2011-11-01,,1,100.9,false,,,One-time customer,No repeat purchase,0
17232,2011-11-25,2011-11-01,2011-12-07,2,417.77,true,288,12.0,Repeat customer,0–30 days,1
17385,2011-11-25,2011-11-01,,1,256.11,false,,,One-time customer,No repeat purchase,0
13596,2011-11-27,2011-11-01,2011-12-04,2,664.11,true,169,7.0,Repeat customer,0–30 days,1
14093,2011-11-27,2011-11-01,,1,433.86,false,,,One-time customer,No repeat purchase,0
17885,2011-11-27,2011-11-01,,1,156.34,false,,,One-time customer,No repeat purchase,0
12479,2011-11-28,2011-11-01,,1,527.2,false,,,One-time customer,No repeat purchase,0
12660,2011-11-28,2011-11-01,,1,245.1,false,,,One-time customer,No repeat purchase,0
13188,2011-11-28,2011-11-01,,1,114.6,false,,,One-time customer,No repeat purchase,0
13844,2011-11-28,2011-11-01,,1,361.62,false,,,One-time customer,No repeat purchase,0
15721,2011-11-28,2011-11-01,,1,471.4,false,,,One-time customer,No repeat purchase,0
16800,2011-11-28,2011-11-01,,1,1162.65,false,,,One-time customer,No repeat purchase,0
17379,2011-11-28,2011-11-01,,1,389.72,false,,,One-time customer,No repeat purchase,0
17806,2011-11-28,2011-11-01,,1,546.04,false,,,One-time customer,No repeat purchase,0
13349,2011-11-29,2011-11-01,,1,247.32,false,,,One-time customer,No repeat purchase,0
13521,2011-11-29,2011-11-01,2011-12-04,3,1071.73,true,119,4.99,Repeat customer,0–30 days,1
14349,2011-11-29,2011-11-01,,1,133.5,false,,,One-time customer,No repeat purchase,0
14601,2011-11-29,2011-11-01,,1,213.96,false,,,One-time customer,No repeat purchase,0
15148,2011-11-29,2011-11-01,,1,301.29,false,,,One-time customer,No repeat purchase,0
15619,2011-11-29,2011-11-01,,1,336.4,false,,,One-time customer,No repeat purchase,0
15783,2011-11-29,2011-11-01,,1,246.3,false,,,One-time customer,No repeat purchase,0
15790,2011-11-29,2011-11-01,,1,218.75,false,,,One-time customer,No repeat purchase,0
16479,2011-11-29,2011-11-01,2011-11-29,2,300.83,true,0,0.03,Repeat customer,0–30 days,1
12966,2011-11-30,2011-11-01,,1,160.18,false,,,One-time customer,No repeat purchase,0
15060,2011-11-30,2011-11-01,2011-11-30,4,294.25,true,0,0.01,Repeat customer,0–30 days,1
17911,2011-11-30,2011-11-01,,1,366.23,false,,,One-time customer,No repeat purchase,0
14804,2011-12-01,2011-12-01,,1,353.27,false,,,One-time customer,No repeat purchase,0
15904,2011-12-01,2011-12-01,,1,164.68,false,,,One-time customer,No repeat purchase,0
16789,2011-12-01,2011-12-01,,1,80.8,false,,,One-time customer,No repeat purchase,0
12558,2011-12-02,2011-12-01,,1,269.96,false,,,One-time customer,No repeat purchase,0
12587,2011-12-02,2011-12-01,,1,144,false,,,One-time customer,No repeat purchase,0
13017,2011-12-02,2011-12-01,,1,204,false,,,One-time customer,No repeat purchase,0
13560,2011-12-02,2011-12-01,,1,171.42,false,,,One-time customer,No repeat purchase,0
15539,2011-12-02,2011-12-01,,1,538.46,false,,,One-time customer,No repeat purchase,0
17942,2011-12-02,2011-12-01,,1,77.5,false,,,One-time customer,No repeat purchase,0
13153,2011-12-04,2011-12-01,,1,486.22,false,,,One-time customer,No repeat purchase,0
17936,2011-12-04,2011-12-01,,1,380.13,false,,,One-time customer,No repeat purchase,0
12367,2011-12-05,2011-12-01,,1,168.9,false,,,One-time customer,No repeat purchase,0
13790,2011-12-05,2011-12-01,,1,348.8,false,,,One-time customer,No repeat purchase,0
16597,2011-12-05,2011-12-01,,1,90.04,false,,,One-time customer,No repeat purchase,0
18015,2011-12-05,2011-12-01,,1,120.03,false,,,One-time customer,No repeat purchase,0
12442,2011-12-06,2011-12-01,,1,172.06,false,,,One-time customer,No repeat purchase,0
12478,2011-12-06,2011-12-01,,1,680.99,false,,,One-time customer,No repeat purchase,0
12650,2011-12-06,2011-12-01,,1,314.44,false,,,One-time customer,No repeat purchase,0
14578,2011-12-06,2011-12-01,,1,168.63,false,,,One-time customer,No repeat purchase,0
15318,2011-12-06,2011-12-01,,1,312.62,false,,,One-time customer,No repeat purchase,0
16528,2011-12-06,2011-12-01,,1,244.41,false,,,One-time customer,No repeat purchase,0
17914,2011-12-06,2011-12-01,,1,329.36,false,,,One-time customer,No repeat purchase,0
15195,2011-12-07,2011-12-01,,1,3861,false,,,One-time customer,No repeat purchase,0
16000,2011-12-07,2011-12-01,2011-12-07,3,12393.7,true,0,0.0,Repeat customer,0–30 days,1
13298,2011-12-08,2011-12-01,,1,360,false,,,One-time customer,No repeat purchase,0
13436,2011-12-08,2011-12-01,,1,196.89,false,,,One-time customer,No repeat purchase,0
15520,2011-12-08,2011-12-01,,1,343.5,false,,,One-time customer,No repeat purchase,0
12713,2011-12-09,2011-12-01,,1,848.55,false,,,One-time customer,No repeat purchase,0